FeatureID,dry,wet,Contrib.dry,Contrib.wet,Contrib,GroupContrib,color,importance,component,Name,Formula,Annotation_level,use_Sirius_class
FT_1.700_249.10806,1.3467129117030188,-0.6733564558515098,TRUE,FALSE,FALSE,dry,#388ECC,-0.1700681944536836,comp1,Glu-Thr,C9 H16 N2 O6,L3.1,na
FT_1.375_276.11905,1.3448244879208566,-0.6724122439604291,TRUE,FALSE,FALSE,dry,#388ECC,-0.16909052295668417,comp1,Gln-Glu,C10 H17 N3 O6,L3.1,na
FT_7.543_311.12383,1.3373310665470617,-0.668665533273531,TRUE,FALSE,FALSE,dry,#388ECC,-0.168526498513098,comp1,Glu-Tyr,C14 H18 N2 O6,L3.1,na
FT_6.857_247.12883,1.3151602573842476,-0.657580128692123,TRUE,FALSE,FALSE,dry,#388ECC,-0.16460027161440433,comp1,Glutamylvaline,C10 H18 N2 O5,L3.3,na
FT_1.822_277.10307,1.3229854597014872,-0.6614927298507435,TRUE,FALSE,FALSE,dry,#388ECC,-0.16363919344282463,comp1,gamma-Glutamylglutamate,C10 H16 N2 O7,L2,na
FT_6.781_279.10096,1.309208886530019,-0.6546044432650099,TRUE,FALSE,FALSE,dry,#388ECC,-0.16347679608412172,comp1,gamma-Glutamylmethionine,C10 H18 N2 O5 S,L3.1,na
FT_9.727_295.12883,1.295709438570764,-0.6478547192853815,TRUE,FALSE,FALSE,dry,#388ECC,-0.1631439640220096,comp1,no name,C14 H18 N2 O5,L4.3,na
FT_2.524_430.15560,1.2401778789712352,-0.6200889394856155,TRUE,FALSE,FALSE,dry,#388ECC,-0.15478450607204663,comp1,O-(2-O-Mannopyranosyl-mannopyranosyl)serine,C15 H27 N O13,L3.3,na
FT_3.022_317.14564,1.2637429073208657,-0.6318714536604318,TRUE,FALSE,FALSE,dry,#388ECC,-0.1547688947137189,comp1,2-[(2-Acetamido-5-amino-5-oxopentanoyl)amino]-5-amino-5-oxopentanoic acid,C12 H20 N4 O6,L3.3,na
FT_2.525_435.11107,1.2356776590173657,-0.6178388295086804,TRUE,FALSE,FALSE,dry,#388ECC,-0.1537305719126574,comp1,no name,C17H22O13,L4.3,na
FT_9.013_261.14449,1.2588304924289353,-0.6294152462144686,TRUE,FALSE,FALSE,dry,#388ECC,-0.1503337368329929,comp1,gamma-Glu-leu,C11 H20 N2 O5,L3.1,na
FT_9.313_261.14449,1.2325529997734217,-0.6162764998867096,TRUE,FALSE,FALSE,dry,#388ECC,-0.1462912816658017,comp1,gamma-Glu-leu,C11 H20 N2 O5,L3.1,na
FT_1.759_288.11903,1.2286823454874358,-0.6143411727437182,TRUE,FALSE,FALSE,dry,#388ECC,-0.14593737868056364,comp1,Clavamycin E,C11H17N3O6,L3.3,na
FT_1.419_230.09584,1.206411774070549,-0.6032058870352746,TRUE,FALSE,FALSE,dry,#388ECC,-0.14373358639322897,comp1,L-Ergothioneine,C9 H15 N3 O2 S,L2,na
FT_1.349_505.14323,1.1774139600925473,-0.588706980046272,TRUE,FALSE,FALSE,dry,#388ECC,-0.14298397012785144,comp1,alpha-D-ManAc-(1-P-6)-alpha-D-ManAc,C16H29N2O14P,L3.3,na
FT_1.425_404.17774,1.2117544376357985,-0.6058772188178992,TRUE,FALSE,FALSE,dry,#388ECC,-0.14148687464457654,comp1,no name,C15 H25 N5 O8,L4.1,yes
FT_1.988_684.25597,1.1897324093244106,-0.5948662046622027,TRUE,FALSE,FALSE,dry,#388ECC,-0.13543069765283575,comp1,no name,C24 H45 N O21,L4.3,yes
FT_1.251_162.07613,-1.168176487966231,0.5840882439831161,FALSE,TRUE,FALSE,wet,#F68B33,0.13059404256548032,comp1,2-Aminoadipic acid,C6 H11 N O4,L2,na
FT_1.125_423.08999,1.1385778277479206,-0.5692889138739585,TRUE,FALSE,FALSE,dry,#388ECC,-0.1267923238167542,comp1,"5-hydroxy-6,8-dimethoxy-7-{[(2S,3R,4S,5S,6R)-3,4,5-trihydroxy-6-(hydroxymethyl)oxan-2-yl]oxy}-2H-chromen-2-one",C17 H20 O11,L2,na
FT_1.350_186.07614,1.1164714115867058,-0.5582357057933486,TRUE,FALSE,FALSE,dry,#388ECC,-0.1240977427844019,comp1,no name,C8 H11 N O4,L4.1,yes
FT_1.404_425.19671,1.1222390214624005,-0.5611195107312001,TRUE,FALSE,FALSE,dry,#388ECC,-0.12266340713721736,comp1,no name,C18 H28 N6 O4 S,L4.1,yes
FT_1.411_846.30863,1.0507009968910006,-0.5253504984455015,TRUE,FALSE,FALSE,dry,#388ECC,-0.11917518114080368,comp1,no name,C30 H55 N O26,L4.3,yes
FT_1.380_176.09175,-1.120594705186102,0.560297352593049,FALSE,TRUE,FALSE,wet,#F68B33,0.11702885865870294,comp1,alpha-aminopimelate,C7H12NO4,L3.3,na
FT_2.047_204.12298,-1.039815181194779,0.5199075905973897,FALSE,TRUE,FALSE,wet,#F68B33,0.11121416309386094,comp1,O-Acetyl-L-carnitine,C9 H17 N O4,L1,na
FT_5.996_504.19243,-1.105567096657711,0.5527835483288547,FALSE,TRUE,FALSE,wet,#F68B33,0.11018735080425136,comp1,beta-D-Galactopyranosyl-(1->4)-2-amino-2-deoxy-beta-D-glucopyranosyl-(1->6)-D-mannose,C18H33NO15,L3.1,na
FT_1.706_467.13727,1.0483027137913703,-0.5241513568956839,TRUE,FALSE,FALSE,dry,#388ECC,-0.1098111946494675,comp1,NP-020236,C23 H24 O9,L2,na
FT_2.305_673.21659,1.0492029570563417,-0.5246014785281694,TRUE,FALSE,FALSE,dry,#388ECC,-0.10882052566894186,comp1,no name,C26H40O20,L4.3,yes
FT_1.106_90.05498,-1.060705779174899,0.5303528895874466,FALSE,TRUE,FALSE,wet,#F68B33,0.10871576537000782,comp1,Sarcosine,C3 H7 N O2,L1,na
FT_1.310_702.26646,1.001958983051285,-0.5009794915256425,TRUE,FALSE,FALSE,dry,#388ECC,-0.1084343326539706,comp1,Citbismine C,C37 H36 N2 O11,L3.3,na
FT_1.406_684.25587,1.0075677645099317,-0.5037838822549674,TRUE,FALSE,FALSE,dry,#388ECC,-0.1083382157102756,comp1,no name,C24 H45 N O21,L4.3,yes
FT_1.720_462.18184,1.032943162092521,-0.5164715810462607,TRUE,FALSE,FALSE,dry,#388ECC,-0.10690914585695964,comp1,3-cis-Hydroxyglipizide,C21 H27 N5 O5 S,L3.3,na
FT_5.744_176.05536,1.0482677144819272,-0.5241338572409611,TRUE,FALSE,FALSE,dry,#388ECC,-0.10594702807781638,comp1,2-Amino-3-oxohexanedioic acid,C6 H9 N O5,L3.1,na
FT_1.174_398.12947,1.002684836973823,-0.5013424184869121,TRUE,FALSE,FALSE,dry,#388ECC,-0.10566789137725952,comp1,alpha-D-GlcNAc-(1->4)-D-GlcA,C14 H23 N O12,L3.3,na
FT_1.183_176.10298,-1.0492533416760998,0.5246266708380507,FALSE,TRUE,FALSE,wet,#F68B33,0.10414024615515843,comp1,L-Citrulline,C6 H13 N3 O3,L1,na
FT_1.694_347.09500,-1.0589399188759296,0.5294699594379657,FALSE,TRUE,FALSE,wet,#F68B33,0.0999329315915542,comp1,Methyl 6-O-galloyl-b-D-glucopyranoside,C14H18O10,L3.3,na
FT_1.135_120.06548,-1.020542727082723,0.5102713635413606,FALSE,TRUE,FALSE,wet,#F68B33,0.09879308807914992,comp1,D-Threonine,C4 H9 N O3,L1,na
FT_1.309_127.03898,0.9993697711970396,-0.49968488559852253,TRUE,FALSE,FALSE,dry,#388ECC,-0.0974696653785924,comp1,Phloroglucinol,C6 H6 O3,L2,na
FT_5.996_509.14786,-1.0546067764160252,0.5273033882080106,FALSE,TRUE,FALSE,wet,#F68B33,0.09718174839131093,comp1,no name,C16 H24 N6 O13,L4.3,na
FT_1.202_166.05326,-1.0086553294712732,0.5043276647356371,FALSE,TRUE,FALSE,wet,#F68B33,0.09406443257712692,comp1,Methionine sulfoxide,C5 H11 N O3 S,L2,na
FT_1.190_536.21888,0.9451275457404678,-0.47256377287023504,TRUE,FALSE,FALSE,dry,#388ECC,-0.09239813839706838,comp1,no name,C19 H37 N O16,L4.3,yes
FT_1.259_198.12371,0.979124555619523,-0.4895622778097594,TRUE,FALSE,FALSE,dry,#388ECC,-0.09180216231160442,comp1,3-(1H-imidazol-5-yl)-2-(trimethylazaniumyl)propanoate,C9 H15 N3 O2,L3.3,na
FT_1.300_189.12341,0.9978216607785224,-0.4989108303892608,TRUE,FALSE,FALSE,dry,#388ECC,-0.09173497296118018,comp1,2-[(2-Amino-3-methylbutanoyl)amino]propanoic acid,C8 H16 N2 O3,L3.3,na
FT_1.302_189.12341,0.9978216607785224,-0.4989108303892608,TRUE,FALSE,FALSE,dry,#388ECC,-0.09173497296118018,comp1,2-acetamidohex-4-enoic acid,C8 H13 N O3,L3.3,na
FT_1.090_133.06074,-0.951728171776994,0.47586408588849566,FALSE,TRUE,FALSE,wet,#F68B33,0.09068516606148472,comp1,D-Asparagine,C4 H8 N2 O3,L1,na
FT_1.223_448.11210,0.9197581281609066,-0.4598790640804541,TRUE,FALSE,FALSE,dry,#388ECC,-0.09032410444165274,comp1,no name,no formula,L5,na
FT_1.080_106.04983,-0.9779836746959548,0.48899183734798,FALSE,TRUE,FALSE,wet,#F68B33,0.0894341966386398,comp1,D-Serine,C3 H7 N O3,L1,na
FT_2.382_126.05492,0.919950631102756,-0.4599753155513781,TRUE,FALSE,FALSE,dry,#388ECC,-0.08780483094668984,comp1,5-Hydroxy-2-methoxypyridine,C6H7NO2,L3.3,na
FT_1.395_130.08623,-1.0027463921742574,0.5013731960871285,FALSE,TRUE,FALSE,wet,#F68B33,0.08746307828109047,comp1,Pipecolic acid,C6 H11 N O2,L2,na
FT_1.308_97.02841,0.9167743481062824,-0.4583871740531463,TRUE,FALSE,FALSE,dry,#388ECC,-0.08387622039154267,comp1,"4-Cyclopentene-1,3-dione",C5 H4 O2,L3.3,na
FT_1.909_511.16356,0.937074933623566,-0.4685374668117824,TRUE,FALSE,FALSE,dry,#388ECC,-0.08378164641113209,comp1,Piperenol A triacetate,C27 H26 O10,L3.3,na
FT_2.050_247.12881,0.8847068178393283,-0.4423534089196632,TRUE,FALSE,FALSE,dry,#388ECC,-0.08178312886554842,comp1,Glutamylvaline,C10H18N2O5,L3.1,na
FT_18.817_261.22130,-0.9350471186343078,0.4675235593171548,FALSE,TRUE,FALSE,wet,#F68B33,0.0803479031181593,comp1,no name,C18 H28 O,L4.1,yes
FT_1.354_222.09721,0.9500905207095692,-0.4750452603547821,TRUE,FALSE,FALSE,dry,#388ECC,-0.08007776084592101,comp1,N-Acetyl-D-galactosamine,C8 H15 N O6,L1,na
FT_1.311_191.10270,-0.9131485636288534,0.45657428181442605,FALSE,TRUE,FALSE,wet,#F68B33,0.07768495857798817,comp1,"2,6-Diaminopimelic Acid",C7 H14 N2 O4,L1,na
FT_2.163_260.16048,0.8612232064742241,-0.4306116032371123,TRUE,FALSE,FALSE,dry,#388ECC,-0.07372011021677159,comp1,Isoleucylglutamine,C11H21N3O4,L3.1,na
FT_3.589_132.10187,-0.895730455109497,0.4478652275547477,FALSE,TRUE,FALSE,wet,#F68B33,0.07336253524959022,comp1,Isoleucine,C6 H13 N O2,L2,na
FT_1.360_350.19235,0.8508538378169016,-0.4254269189084492,TRUE,FALSE,FALSE,dry,#388ECC,-0.07212411735551558,comp1,no name,C14 H27 N3 O7,L4.3,"yes, gui"
FT_3.874_132.10187,-0.8912882601730531,0.44564413008652815,FALSE,TRUE,FALSE,wet,#F68B33,0.07208899870244331,comp1,D-Leucine,C6 H13 N O2,L1,na
FT_1.776_453.12153,0.8714321809265212,-0.4357160904632626,TRUE,FALSE,FALSE,dry,#388ECC,-0.06989149211355913,comp1,Nuezhenidic acid,C17H24O14,L3.3,na
FT_1.257_278.08058,-0.9050041268627376,0.4525020634313719,FALSE,TRUE,FALSE,wet,#F68B33,0.06886244903295519,comp1,NP-019509,C15 H13 N O3,L2,na
FT_1.188_132.06551,-0.8991269408686019,0.4495634704343013,FALSE,TRUE,FALSE,wet,#F68B33,0.06856969132774371,comp1,cis-4-Hydroxy-D-proline,C5 H9 N O3,L1,na
FT_4.186_113.03450,0.8925688864526163,-0.4462844432263052,TRUE,FALSE,FALSE,dry,#388ECC,-0.0681320088332858,comp1,Uracil,C4 H4 N2 O2,L2,na
FT_1.826_199.14414,-0.893782682634551,0.4468913413172758,FALSE,TRUE,FALSE,wet,#F68B33,0.06751115848052792,comp1,(-)-Slaframine,C10 H18 N2 O2,L3.3,na
FT_1.081_154.13391,0.8740649626297873,-0.43703248131489125,TRUE,FALSE,FALSE,dry,#388ECC,-0.0673534841193864,comp1,no name,C8 H15 N3,L4.3,yes
FT_1.422_231.09760,0.866101161310903,-0.4330505806554552,TRUE,FALSE,FALSE,dry,#388ECC,-0.0671468053157294,comp1,Pro-Asp,C9H14N2O5,L3.1,na
FT_19.437_137.13245,-0.8448317278778463,0.42241586393892216,FALSE,TRUE,FALSE,wet,#F68B33,0.06695021116008174,comp1,Eucalyptol,C10 H18 O,L2,na
FT_1.280_146.08119,-0.8741224009040724,0.4370612004520361,FALSE,TRUE,FALSE,wet,#F68B33,0.06375111158981187,comp1,NP-022231,C6 H13 N O4,L2,na
FT_19.436_263.16178,-0.8283866984137439,0.4141933492068712,FALSE,TRUE,FALSE,wet,#F68B33,0.06313798149405882,comp1,NP-012972,C14 H24 O3,L2,na
FT_1.310_180.08674,0.842257648374719,-0.42112882418736486,TRUE,FALSE,FALSE,dry,#388ECC,-0.06309071013423372,comp1,"(3S)-2-hydroxy-2,3-dimethylbutanedioic acid",C6 H10 O5,L3.3,na
FT_1.774_72.08080,-0.8406158458470111,0.4203079229235035,FALSE,TRUE,FALSE,wet,#F68B33,0.06126458055840731,comp1,3-Buten-1-amine,C4 H9 N,L3.1,na
FT_6.845_166.08628,-0.837794512323471,0.41889725616173606,FALSE,TRUE,FALSE,wet,#F68B33,0.06073955123423064,comp1,D-Phenylalanine,C9 H11 N O2,L1,na
FT_1.745_204.12300,0.8705214510967583,-0.43526072554837975,TRUE,FALSE,FALSE,dry,#388ECC,-0.06045116239857161,comp1,Acetylcarnitine,C9H17NO4,L2,na
FT_18.821_297.24243,-0.8506457953203095,0.4253228976601539,FALSE,TRUE,FALSE,wet,#F68B33,0.06016561340078633,comp1,NP-008993,C18 H34 O4,L2,na
FT_1.155_335.07393,0.8379961086353281,-0.41899805431766024,TRUE,FALSE,FALSE,dry,#388ECC,-0.05912605931399706,comp1,no name,C9 H19 O11 P,L4.3,yes
FT_1.141_162.11250,-0.8227076194834113,0.4113538097417056,FALSE,TRUE,FALSE,wet,#F68B33,0.05902857348907509,comp1,L-Carnitine,C7 H15 N O3,L1,na
FT_1.774_118.08621,-0.8339890153132246,0.4169945076566125,FALSE,TRUE,FALSE,wet,#F68B33,0.05882794916492126,comp1,D-Valine,C5 H11 N O2,L1,na
FT_1.412_522.20299,0.7811230285662789,-0.3905615142831399,TRUE,FALSE,FALSE,dry,#388ECC,-0.05872067749254451,comp1,Maltotriose,C18 H32 O16,L1,na
FT_1.413_522.20300,0.7811230285662789,-0.3905615142831399,TRUE,FALSE,FALSE,dry,#388ECC,-0.05872067749254451,comp1,D-(+)-Raffinose,C18 H32 O16,L1,na
FT_4.181_267.05877,0.8376906409438548,-0.4188453204719285,TRUE,FALSE,FALSE,dry,#388ECC,-0.05705914826351174,comp1,6-(3-hydroxybutan-2-yl)-5-(hydroxymethyl)-4-methoxy-2H-pyran-2-one,C11 H16 O5,L3.3,na
FT_7.703_266.12479,-0.8501074269277054,0.4250537134638559,FALSE,TRUE,FALSE,wet,#F68B33,0.05672181306506448,comp1,N6-Me-dA,C11 H15 N5 O3,L2,na
FT_1.774_469.09629,0.8140218692006836,-0.4070109346003434,TRUE,FALSE,FALSE,dry,#388ECC,-0.05662331602611888,comp1,Neocretanin,C20H20O13,L3.3,na
FT_1.222_313.14287,-0.7993699020068324,0.3996849510034152,FALSE,TRUE,FALSE,wet,#F68B33,0.0554218439373794,comp1,N-(2-methoxyphenyl)-N~3~-9H-purin-6-yl-beta-alaninamide,C15 H16 N6 O2,L3.3,na
FT_12.931_209.08086,0.8152045295753363,-0.4076022647876622,TRUE,FALSE,FALSE,dry,#388ECC,-0.053420882979164,comp1,"6-Hydroxy-8-methoxy-3-methyl-3,4-dihydro-1H-isochromen-1-one",C11 H12 O4,L2,na
FT_1.420_246.14481,0.7487900366803182,-0.3743950183401611,TRUE,FALSE,FALSE,dry,#388ECC,-0.05287686178562117,comp1,Gln-Val,C10H19N3O4,L3.3,na
FT_18.213_277.21623,-0.7842209532469091,0.39211047662345655,FALSE,TRUE,FALSE,wet,#F68B33,0.05175336312999842,comp1,"1,4a,7-Trimethyl-2,3,4,4b,5,6,7,9,10,10a-decahydrophenanthrene-1-carboxylic acid",C18 H28 O2,L3.3,na
FT_18.816_279.23187,-0.8057897434759188,0.402894871737962,FALSE,TRUE,FALSE,wet,#F68B33,0.05101972699151139,comp1,Pinolenic acid,C18 H30 O2,L2,na
FT_17.117_249.11211,0.7621170159174591,-0.3810585079587333,TRUE,FALSE,FALSE,dry,#388ECC,-0.05094953228776554,comp1,NP-021018,C12 H18 O4,L2,na
FT_1.676_349.11061,0.7786053766933593,-0.3893026883466805,TRUE,FALSE,FALSE,dry,#388ECC,-0.05083428136271861,comp1,no name,C10H16N6O8,L4.3,na
FT_1.264_374.12946,0.8423715900291047,-0.4211857950145495,TRUE,FALSE,FALSE,dry,#388ECC,-0.05036086256016933,comp1,no name,C12 H23 N O12,L4.3,"yes, gui"
FT_10.539_209.11480,-0.758544502328467,0.3792722511642326,FALSE,TRUE,FALSE,wet,#F68B33,0.05014518366791539,comp1,NP-011223,C10 H18 O3,L2,na
FT_1.786_448.16613,0.7779465847053393,-0.3889732923526696,TRUE,FALSE,FALSE,dry,#388ECC,-0.04955963912181412,comp1,no name,C23H21N5O6,L4.3,na
FT_1.310_325.11303,0.744150449280127,-0.3720752246400608,TRUE,FALSE,FALSE,dry,#388ECC,-0.04804178491811826,comp1,"3,6-Anhydro-l-lactose",C12 H20 O10,L3.3,na
FT_7.691_227.12538,-0.7506354079401926,0.3753177039700949,FALSE,TRUE,FALSE,wet,#F68B33,0.04742472304023711,comp1,2-[(3S)-1-(cyclohexylmethyl)pyrrolidin-3-yl]-3H-benzimidazole-5-carbonitrile,C19H24N4,L3.3,na
FT_1.310_360.15014,0.7342176567722092,-0.367108828386111,TRUE,FALSE,FALSE,dry,#388ECC,-0.04678506699806931,comp1,D-(+)-Cellobiose,C12 H22 O11,L1,na
FT_10.758_207.09912,-0.7411897056134394,0.37059485280672505,FALSE,TRUE,FALSE,wet,#F68B33,0.04464683337340847,comp1,Senkyunolide H,C12 H16 O4,L2,na
FT_6.817_282.08332,-0.7970284086587706,0.398514204329385,FALSE,TRUE,FALSE,wet,#F68B33,0.04441554813871684,comp1,Guanosine dialdehyde,C10 H11 N5 O5,L3.3,na
FT_1.432_453.12162,0.7376070383053048,-0.3688035191526489,TRUE,FALSE,FALSE,dry,#388ECC,-0.04379085762237384,comp1,no name,C17H24O14,L4.3,na
FT_2.389_184.05804,0.7132063927641157,-0.35660319638206195,TRUE,FALSE,FALSE,dry,#388ECC,-0.04336505760790367,comp1,"7-methylpyrimido[4,5-d]pyrimidin-4-amine",C7 H7 N5,L2,na
FT_8.058_227.12537,-0.7240816874740896,0.3620408437370469,FALSE,TRUE,FALSE,wet,#F68B33,0.04164473684296257,comp1,"(6R)-2-amino-6-(aminomethyl)-4-oxo-1,2,3,4a,6,7-hexahydropteridine-5-carbaldehyde",C8H14N6O2,L3.3,na
FT_10.898_185.11722,-0.7188015480722928,0.3594007740361445,FALSE,TRUE,FALSE,wet,#F68B33,0.04159301773718645,comp1,"(2,2,3-Trimethyl-4-oxocyclopentyl)acetic acid",C10 H16 O3,L3.3,na
FT_15.224_219.10156,-0.7216524861012452,0.3608262430506241,FALSE,TRUE,FALSE,wet,#F68B33,0.04141132575144243,comp1,"1-(4-Hydroxy-2-prop-1-en-2-yl-2,3-dihydro-1-benzofuran-5-yl)ethanone",C13 H14 O3,L3.3,na
FT_1.124_522.20317,0.7310024005625084,-0.36550120028125366,TRUE,FALSE,FALSE,dry,#388ECC,-0.04065913097225595,comp1,D-Melezitose,C18 H32 O16,L1,na
FT_11.565_223.09649,0.7292333079400353,-0.36461665397001847,TRUE,FALSE,FALSE,dry,#388ECC,-0.04032319460826347,comp1,"3-(3,4,5-trimethoxyphenyl)propanoic acid",C12 H16 O5,L2,na
FT_7.372_192.10192,-0.7770440668674171,0.3885220334337086,FALSE,TRUE,FALSE,wet,#F68B33,0.04031490559409304,comp1,"Acetic acid, 2-(p-(allylamino)phenyl)-",C11 H13 N O2,L3.3,na
FT_6.231_137.04577,0.7654159929327382,-0.3827079964663702,TRUE,FALSE,FALSE,dry,#388ECC,-0.03980609255953883,comp1,Hypoxanthine,C5 H4 N4 O,L2,na
FT_1.309_85.02847,0.7353372082022978,-0.3676686041011537,TRUE,FALSE,FALSE,dry,#388ECC,-0.03945481790243826,comp1,2(5H)-Furanone,C4 H4 O2,L3.1,na
FT_1.386_218.14992,0.7349240815010427,-0.36746204075052274,TRUE,FALSE,FALSE,dry,#388ECC,-0.03808111810594059,comp1,(2S)-2-amino-6-[[(2S)-2-aminopropanoyl]amino]hexanoic acid,C9 H19 N3 O3,L3.3,na
FT_20.230_349.19862,-0.7261752195591596,0.36308760977957943,FALSE,TRUE,FALSE,wet,#F68B33,0.03737750235313662,comp1,"3b-Hydroxy-6b-tigloyloxy-7(11)-eremophilen-12,8b-olide",C20 H28 O5,L3.3,na
FT_10.754_121.10111,-0.712552041926331,0.3562760209631598,FALSE,TRUE,FALSE,wet,#F68B33,0.03707412542853096,comp1,Cumene,C9H12,L3.1,na
FT_8.550_224.16450,-0.7463859733410461,0.37319298667052375,FALSE,TRUE,FALSE,wet,#F68B33,0.03687946937589966,comp1,no name,C13 H21 N O2,L4.3,na
FT_1.106_134.04476,-0.7371116836266173,0.368555841813308,FALSE,TRUE,FALSE,wet,#F68B33,0.03683074909225,comp1,D-Aspartic acid,C4 H7 N O4,L1,na
FT_12.768_223.09653,0.7373393133718888,-0.3686696566859384,TRUE,FALSE,FALSE,dry,#388ECC,-0.03624271770688309,comp1,"1,3-Diacetyl-4,6-dimethoxybenzene",C12 H14 O4,L3.3,na
FT_10.898_149.09608,-0.6706107847414445,0.3353053923707171,FALSE,TRUE,FALSE,wet,#F68B33,0.03566735744655015,comp1,"2-Methyl-5-prop-1-en-2-ylcyclohexa-2,4-dien-1-one",C10 H12 O,L3.3,na
FT_18.214_285.24245,-0.7719678837847018,0.3859839418923523,FALSE,TRUE,FALSE,wet,#F68B33,0.03554601183238094,comp1,2-Methoxy-6Z-hexadecenoic acid,C17 H32 O3,L3.3,na
FT_1.200_118.08621,-0.7305904905126615,0.3652952452563285,FALSE,TRUE,FALSE,wet,#F68B33,0.03411251351132127,comp1,Betaine,C5 H11 N O2,L1,na
FT_10.540_169.12233,-0.686101927792194,0.3430509638960952,FALSE,TRUE,FALSE,wet,#F68B33,0.0339608934278169,comp1,10-HDA,C10 H18 O3,L2,na
FT_11.364_204.15939,-0.6721244160908707,0.3360622080454317,FALSE,TRUE,FALSE,wet,#F68B33,0.03382878055008515,comp1,no name,C10 H21 N O3,L4.1,na
FT_11.217_185.11726,-0.6594550838612636,0.3297275419306263,FALSE,TRUE,FALSE,wet,#F68B33,0.03230156919717799,comp1,3-(1-Hydroxy-2-Methylbutyl)-4-Methyl-2(5H)-Furanone),C10 H16 O3,L3.3,na
FT_7.106_225.10971,-0.6672144029197035,0.3336072014598522,FALSE,TRUE,FALSE,wet,#F68B33,0.03214271283392409,comp1,NP-019374,C10 H18 O4,L3.3,na
FT_1.100_198.09738,0.7538404587580624,-0.37692022937903014,TRUE,FALSE,FALSE,dry,#388ECC,-0.03203372655724043,comp1,1-Guanidino-2-(4-imidazole)propionic acid,C7 H11 N5 O2,L3.3,na
FT_13.958_151.07537,-0.7436455026173273,0.3718227513086625,FALSE,TRUE,FALSE,wet,#F68B33,0.03087454006049092,comp1,4'-Methoxyacetophenone,C9 H10 O2,L2,na
FT_1.418_74.09646,-0.7067941688282827,0.3533970844141437,FALSE,TRUE,FALSE,wet,#F68B33,0.03012383553056021,comp1,Diethamine,C4 H11 N,L3.3,na
FT_10.758_167.10667,-0.6604957775388722,0.3302478887694352,FALSE,TRUE,FALSE,wet,#F68B33,0.02983768368193351,comp1,Camphorquinone,C10 H14 O2,L3.3,na
FT_10.898_167.10667,-0.6475856076509763,0.3237928038254842,FALSE,TRUE,FALSE,wet,#F68B33,0.02938682450837958,comp1,Camphenal,C10 H14 O2,L3.3,na
FT_3.668_182.08119,-0.6998760424148016,0.34993802120740203,FALSE,TRUE,FALSE,wet,#F68B33,0.02910039219383481,comp1,L-Tyrosine,C9 H11 N O3,L1,na
FT_12.560_169.04957,0.6757347966615792,-0.337867398330793,TRUE,FALSE,FALSE,dry,#388ECC,-0.02858946384021481,comp1,methyl 4-methyl-2-oxo-2H-pyran-6-carboxylate,C8 H8 O4,L2,na
FT_15.595_247.13285,-0.6754518829291777,0.33772594146458834,FALSE,TRUE,FALSE,wet,#F68B33,0.0278268897078925,comp1,"5,10,15-trimethyl-4,9,13-trioxatetracyclo[10.3.0.0Âl,âµ.0â¸,Âaâ°]pentadec-1(15)-en-14-one",C15 H20 O4,L2,na
FT_10.899_139.11172,-0.636516346374224,0.3182581731871167,FALSE,TRUE,FALSE,wet,#F68B33,0.02718658281282503,comp1,Isophorone,C9 H14 O,L2,na
FT_1.103_365.10547,0.661844603523082,-0.33092230176153753,TRUE,FALSE,FALSE,dry,#388ECC,-0.02649133632948046,comp1,Sucrose,C12 H22 O11,L1,na
FT_1.100_365.10547,0.661844603523082,-0.33092230176153753,TRUE,FALSE,FALSE,dry,#388ECC,-0.02649133632948046,comp1,Sucrose,C12 H22 O11,L1,na
FT_1.333_132.10188,-0.651139300466258,0.32556965023313045,FALSE,TRUE,FALSE,wet,#F68B33,0.0263154384235639,comp1,Methylbetain,C6H13NO2,L3.3,na
FT_2.188_150.05834,-0.6877698382257351,0.34388491911286967,FALSE,TRUE,FALSE,wet,#F68B33,0.02560701899153938,comp1,L-Methionine,C5 H11 N O2 S,L1,na
FT_2.079_174.03864,0.6992445023904453,-0.3496222511952189,TRUE,FALSE,FALSE,dry,#388ECC,-0.02499120226046909,comp1,no name,C6 H7 N O5,L3.3,yes
FT_2.078_174.03865,0.6992445023904453,-0.3496222511952189,TRUE,FALSE,FALSE,dry,#388ECC,-0.02499120226046909,comp1,8-Hydroxyadenine,C5 H5 N5 O,L3.3,na
FT_0.982_650.85025,-0.6541870992986062,0.32709354964930387,FALSE,TRUE,FALSE,wet,#F68B33,0.02383669775897161,comp1,no name,C10 H13 N4 O15 P3 S4,L4.3,yes
FT_1.274_440.10703,0.6189178075843954,-0.30945890379219837,TRUE,FALSE,FALSE,dry,#388ECC,-0.023663240224979,comp1,no name,C12 H25 N O14 S,L4.1,yes
FT_14.130_229.08603,-0.6358632401641012,0.3179316200820485,FALSE,TRUE,FALSE,wet,#F68B33,0.02358304341149279,comp1,"8,8-dimethyl-2H,8H-pyrano[3,2-g]chromen-2-one",C14 H12 O3,L2,na
FT_2.988_159.02775,0.6686419445405128,-0.3343209722702575,TRUE,FALSE,FALSE,dry,#388ECC,-0.02334131056194835,comp1,Pentahydroxybenzene,C6 H6 O5,L3.3,na
FT_2.989_159.02775,0.6686419445405128,-0.3343209722702575,TRUE,FALSE,FALSE,dry,#388ECC,-0.02334131056194835,comp1,Hypoxanthine,C5 H4 N4 O,L1,na
FT_18.226_311.21946,-0.6962227139076002,0.3481113569538028,FALSE,TRUE,FALSE,wet,#F68B33,0.0223433771211424,comp1,NP-020214,C16 H32 O4,L2,na
FT_1.141_287.12717,-0.7050583325005998,0.3525291662503015,FALSE,TRUE,FALSE,wet,#F68B33,0.02228495032341949,comp1,"4-Hydroxy-3,5,4'-trimethoxystilbene",C17 H18 O4,L3.3,na
FT_1.428_448.16617,0.6466591503134407,-0.3233295751567159,TRUE,FALSE,FALSE,dry,#388ECC,-0.02222931923122327,comp1,no name,C15 H29 N O14,L4.3,"yes, gui"
FT_1.323_522.20307,0.6508433251394548,-0.32542166256973115,TRUE,FALSE,FALSE,dry,#388ECC,-0.02171698561096419,comp1,D-(+)-Raffinose,C18 H32 O16,L1,na
FT_0.982_718.83752,-0.6374410141039083,0.3187205070519551,FALSE,TRUE,FALSE,wet,#F68B33,0.02145733684486467,comp1,no name,C14 H18 N4 O10 P4 S6,L4.3,yes
FT_0.981_446.88778,-0.6469985409608806,0.32349927048044047,FALSE,TRUE,FALSE,wet,#F68B33,0.02099350010976083,comp1,no name,C5 H9 N2 O12 P3 S2,L4.3,yes
FT_8.403_205.09712,-0.678637598951185,0.339318799475595,FALSE,TRUE,FALSE,wet,#F68B33,0.0198319214147116,comp1,L-Tryptophan,C11 H12 N2 O2,L1,na
FT_1.252_198.08906,0.683622579942485,-0.3418112899712457,TRUE,FALSE,FALSE,dry,#388ECC,-0.01919638533128099,comp1,"Methyl 5-(but-3-en-1-yl)amino-1,3,4-oxadiazole-2-carboxylate",C8 H11 N3 O3,L3.3,na
FT_1.097_208.11789,0.5990083440353233,-0.29950417201766094,TRUE,FALSE,FALSE,dry,#388ECC,-0.01906451432846972,comp1,no name,C8 H17 N O5,L4.3,na
FT_0.981_514.87531,-0.6348586990116847,0.31742934950584334,FALSE,TRUE,FALSE,wet,#F68B33,0.01900649546245325,comp1,no name,C10 H14 O10 P4 S3,L4.3,yes
FT_11.741_384.18062,-0.6628831687597748,0.3314415843798863,FALSE,TRUE,FALSE,wet,#F68B33,0.01892441451919677,comp1,Peniprequinolone,C22 H25 N O5,L3.3,na
FT_0.981_582.86283,-0.630638811670198,0.3153194058350987,FALSE,TRUE,FALSE,wet,#F68B33,0.01875470698908482,comp1,no name,no formula,L5,na
FT_1.366_439.14234,-0.6329743673549265,0.31648718367746437,FALSE,TRUE,FALSE,wet,#F68B33,0.0185132481172582,comp1,Kotanin,C24H22O8,L3.3,na
FT_15.285_209.07863,-0.6119382298384698,0.30596911491923395,FALSE,TRUE,FALSE,wet,#F68B33,0.01850850511423185,comp1,Methyl ferulate,C11H12O4,L3.3,na
FT_20.136_301.21621,-0.6214109488384906,0.3107054744192453,FALSE,TRUE,FALSE,wet,#F68B33,0.01843194758466483,comp1,"(2E)-5-[(8aS)-2,5,5,8a-tetramethyl-3-oxo-3,4,4a,5,6,7,8,8a-octahydronaphthalen-1-yl]-3-methylpent-2-enoic acid",C20 H30 O3,L2,na
FT_12.241_179.07033,-0.6388800015234212,0.31944000076171475,FALSE,TRUE,FALSE,wet,#F68B33,0.01807141699416233,comp1,4-Hydroxy-3-methoxycinnamaldehyde,C10 H10 O3,L3.3,na
FT_0.980_430.91383,-0.6163412536314331,0.30817062681571583,FALSE,TRUE,FALSE,wet,#F68B33,0.01765396357291085,comp1,no name,no formula,L5,na
FT_10.064_211.13043,-0.6059267747783988,0.3029633873892,FALSE,TRUE,FALSE,wet,#F68B33,0.01723366427826229,comp1,Jasmonic acid,C12 H18 O3,L2,na
FT_20.190_381.26142,-0.6530175450136616,0.3265087725068318,FALSE,TRUE,FALSE,wet,#F68B33,0.01717281523503055,comp1,no name,C22 H36 O5,L4.1,yes
FT_16.581_233.08084,-0.6317939215825754,0.3158969607912901,FALSE,TRUE,FALSE,wet,#F68B33,0.01691571439653035,comp1,Citrinin,C13 H14 O5,L2,na
FT_19.446_315.25299,-0.633785685779853,0.3168928428899303,FALSE,TRUE,FALSE,wet,#F68B33,0.01678323561880331,comp1,9-hydroperoxy-10E-octadecenoate,C18 H34 O4,L3.3,na
FT_13.197_283.11747,0.6417044973004112,-0.3208522486502012,TRUE,FALSE,FALSE,dry,#388ECC,-0.01647317840556647,comp1,"(3S,4S)-3,4,8-trihydroxy-6-methoxy-7-(1-methoxyethyl)-3,4-dihydro-2H-naphthalen-1-one",C14 H18 O6,L3.3,na
FT_0.981_294.93894,-0.6098748636012157,0.30493743180060623,FALSE,TRUE,FALSE,wet,#F68B33,0.01583729051351725,comp1,no name,C8 H8 O4 P2 S2,L4.3,yes
FT_17.197_297.13095,-0.6667594068627435,0.33337970343137135,FALSE,TRUE,FALSE,wet,#F68B33,0.0151395227586903,comp1,Phomopsolidone A,C15H20O6,L2,na
FT_0.980_362.92643,-0.6066960467834868,0.3033480233917428,FALSE,TRUE,FALSE,wet,#F68B33,0.01510283411618587,comp1,no name,no formula,L5,na
FT_14.540_209.08081,0.6294884655479009,-0.31474423277395175,TRUE,FALSE,FALSE,dry,#388ECC,-0.01509564295095834,comp1,"6-Hydroxy-8-methoxy-3-methyl-3,4-dihydro-1H-isochromen-1-one",C11 H12 O4,L2,na
FT_20.300_359.21947,-0.5927933174454414,0.29639665872271737,FALSE,TRUE,FALSE,wet,#F68B33,0.01499163363026147,comp1,"17beta-Hydroxyandrost-4-ene-3,11-dione propionate",C22H30O4,L3.3,na
FT_7.836_223.09406,-0.6044489061468414,0.30222445307342327,FALSE,TRUE,FALSE,wet,#F68B33,0.01479102773297105,comp1,N-(2-amino-9H-purin-6-yl)alanine,C8H10N6O2,L3.3,na
FT_1.095_203.05263,0.6583435667215188,-0.3291717833607575,TRUE,FALSE,FALSE,dry,#388ECC,-0.01435649946638195,comp1,no name,no formula,L5,na
FT_1.068_150.11249,-0.6679625217659333,0.33398126088296765,FALSE,TRUE,FALSE,wet,#F68B33,0.0138775060203488,comp1,no name,C6 H15 N O3,L4.3,na
FT_1.262_380.20290,0.6358286655481664,-0.317914332774085,TRUE,FALSE,FALSE,dry,#388ECC,-0.01371723962259562,comp1,no name,C15 H29 N3 O8,L4.3,"yes, gui"
FT_0.980_498.90137,-0.5957858955327981,0.2978929477663999,FALSE,TRUE,FALSE,wet,#F68B33,0.0137095643644812,comp1,no name,C9 H13 N2 O10 P3 S3,L4.3,yes
FT_17.364_315.19562,-0.5590373098981583,0.27951865494907996,FALSE,TRUE,FALSE,wet,#F68B33,0.01366907049587877,comp1,"(4aS,10aR,11bR)-4,4,8,11b-tetramethyl-1,2,3,4a,5,7,10a,11-octahydronaphtho[2,1-f][1]benzofuran-6,9-dione",C20 H26 O3,L3.3,na
FT_19.416_534.30670,-0.6062253266641394,0.3031126633320748,FALSE,TRUE,FALSE,wet,#F68B33,0.0136127353734811,comp1,no name,no formula,L5,na
FT_0.981_378.90035,-0.6161389715831246,0.3080694857915634,FALSE,TRUE,FALSE,wet,#F68B33,0.01343236477736146,comp1,no name,C6 H5 O13 P3,L4.3,yes
FT_11.693_171.10169,-0.584038994006827,0.29201949700341845,FALSE,TRUE,FALSE,wet,#F68B33,0.01329020696455251,comp1,Aspinonediol,C9 H14 O3,L3.3,na
FT_9.676_167.10667,-0.5743302010022314,0.28716510050111216,FALSE,TRUE,FALSE,wet,#F68B33,0.01253612184558704,comp1,6-Pentyl-2H-pyran-2-one,C10 H14 O2,L2,na
FT_10.900_107.08547,-0.5745051620957277,0.2872525810478644,FALSE,TRUE,FALSE,wet,#F68B33,0.01250623854743849,comp1,Ethylbenzene,C8H10,L3.1,na
FT_10.254_310.12853,-0.6528091822377053,0.3264045911188517,FALSE,TRUE,FALSE,wet,#F68B33,0.01115783595628437,comp1,Sporovexin C,C15 H19 N O6,L3.3,na
FT_1.359_198.07952,0.5601046533400049,-0.28005232667000596,TRUE,FALSE,FALSE,dry,#388ECC,-0.0109528626289448,comp1,no name,C6 H15 N O4 S,L4.1,yes
FT_17.482_179.07029,0.5721388453823973,-0.2860694226911909,TRUE,FALSE,FALSE,dry,#388ECC,-0.01065317764217685,comp1,NP-012042,C10 H12 O4,L2,na
FT_9.043_195.06277,-0.5678888719924396,0.28394443599621216,FALSE,TRUE,FALSE,wet,#F68B33,0.00963667138586796,comp1,"(4R,5R)-4,5-dihydroxy-3-methoxy-5-methyl-cyclohex-2-en-1-one",C8H12O4,L3.3,na
FT_0.979_226.95148,-0.5811726091519583,0.2905863045759787,FALSE,TRUE,FALSE,wet,#F68B33,0.00941392549657704,comp1,no name,no formula,L5,na
FT_11.332_239.09131,0.5894179948303859,-0.2947089974151938,TRUE,FALSE,FALSE,dry,#388ECC,-0.00938227400773652,comp1,46-Dimethylcurvulinic acid,C12 H14 O5,L3.3,na
FT_0.981_566.88882,-0.5707285856629922,0.2853642928314968,FALSE,TRUE,FALSE,wet,#F68B33,0.00933733071667207,comp1,no name,C14 H8 N4 O11 P2 S3,L4.3,yes
FT_16.666_291.15902,-0.6019310665766944,0.3009655332883388,FALSE,TRUE,FALSE,wet,#F68B33,0.00927330863292696,comp1,Laurenoniolide,C17 H22 O4,L3.3,na
FT_11.379_209.11474,-0.577956136543268,0.288978068271631,FALSE,TRUE,FALSE,wet,#F68B33,0.00842872365550707,comp1,NP-011223,C10 H18 O3,L2,na
FT_1.411_527.15849,0.5558093548581925,-0.2779046774290993,TRUE,FALSE,FALSE,dry,#388ECC,-0.00838763140894409,comp1,D-Raffinose,C18 H32 O16,L2,na
FT_17.727_319.22678,-0.5703055912971388,0.2851527956485677,FALSE,TRUE,FALSE,wet,#F68B33,0.00804520224030056,comp1,NP-014287,C18 H32 O3,L2,na
FT_16.886_295.11540,-0.5828359815522629,0.291417990776133,FALSE,TRUE,FALSE,wet,#F68B33,0.00645929850920008,comp1,N-Glycosyl-L-asparagine,C10H18N2O8,L3.1,na
FT_1.414_325.11299,0.56615420351559,-0.28307710175779494,TRUE,FALSE,FALSE,dry,#388ECC,-0.00627721411079863,comp1,no name,C13 H16 N4 O6,L4.3,na
FT_10.898_121.10112,-0.5761275470637287,0.2880637735318652,FALSE,TRUE,FALSE,wet,#F68B33,0.00607671955863521,comp1,Cumene,C9H12,L3.1,na
FT_9.172_282.09721,-0.633428057072416,0.3167140285362074,FALSE,TRUE,FALSE,wet,#F68B33,0.00538277279130348,comp1,4-Hydroxyphenylacetylglutamate,C13 H15 N O6,L3.3,na
FT_0.981_666.82426,-0.6008884560530978,0.30044422802654763,FALSE,TRUE,FALSE,wet,#F68B33,0.00486201335571861,comp1,no name,no formula,L5,na
FT_13.396_267.08631,0.5537516029438329,-0.27687580147191815,TRUE,FALSE,FALSE,dry,#388ECC,-0.00473089577571688,comp1,"methyl 5,7-dimethoxy-6-methyl-1-oxo-3H-2-benzofuran-4-carboxylate",C13 H14 O6,L3.3,na
FT_15.594_229.12236,-0.5389406788684385,0.2694703394342165,FALSE,TRUE,FALSE,wet,#F68B33,0.00413300531783655,comp1,"(3aS,5aS,9bR)-5a,9-dimethyl-3-methylidene-2H,3H,3aH,4H,5H,5aH,6H,7H,8H,9bH-naphtho[1,2-b]furan-2,5-dione",C15 H18 O3,L2,na
FT_14.823_269.13832,-0.5766863984606542,0.28834319923032264,FALSE,TRUE,FALSE,wet,#F68B33,0.00387529949740841,comp1,"6-[(E)-4,5-dihydroxy-4-methylhex-2-en-2-yl]-4-methoxy-3-methylpyran-2-one",C14 H20 O5,L3.3,na
FT_0.984_122.92447,0.5272142490907682,-0.2636071245453823,TRUE,FALSE,FALSE,dry,#388ECC,-0.00326698105785539,comp1,no name,no formula,L5,na
FT_1.058_304.15048,-0.5366379651731215,0.2683189825865606,FALSE,TRUE,FALSE,wet,#F68B33,0.00181224114009198,comp1,Nicotianamine,C12 H21 N3 O6,L3.1,na
FT_0.981_158.96409,-0.5531707873127513,0.2765853936563737,FALSE,TRUE,FALSE,wet,#F68B33,9.38783658224834e-4,comp1,no name,no formula,L5,na
FT_14.624_313.12824,0.5970773509941182,-0.2985386754970582,TRUE,FALSE,FALSE,dry,#388ECC,-9.140123519264804e-4,comp1,p-Coumaryl alcohol 4-O-glucoside,C15 H20 O7,L3.1,na
