Run,Assay Type,AvgSpotLen,Bases,BioProject,BioSample,BioSampleModel,Bytes,Center Name,Collection_Date,Consent,DATASTORE filetype,DATASTORE provider,DATASTORE region,Experiment,geo_loc_name_country,geo_loc_name_country_continent,geo_loc_name,Instrument,isolation_source,lat_lon,Library Name,LibraryLayout,LibrarySelection,LibrarySource,Organism,Platform,ReleaseDate,create_date,version,Sample Name,source_material_id,SRA Study
SRR31679542,WGS,285,10384845895,PRJNA1193034,SAMN45127963,Metagenome or environmental,3342685287,THE UNIVERSITY OF ARIZONA,8/15/2021,public,"fastq,run.zq,sra","gs,ncbi,s3","gs.us-east1,ncbi.public,s3.us-east-1",SRX27042063,USA,North America,"USA: Saguaro National Park\, Arizona",Illumina NovaSeq 6000,soil,32.2515 N 111.1611 W,DNA-6-S1_S83,PAIRED,RANDOM,METAGENOMIC,soil metagenome,ILLUMINA,2025-07-10T00:00:00Z,2024-12-11T12:59:00Z,1,SAMP6-S1,SAMP6-S1,SRP550823
SRR31679543,WGS,282,9478985573,PRJNA1193034,SAMN45127962,Metagenome or environmental,3036585565,THE UNIVERSITY OF ARIZONA,7/27/2021,public,"fastq,run.zq,sra","gs,ncbi,s3","gs.us-east1,ncbi.public,s3.us-east-1",SRX27042062,USA,North America,"USA: Saguaro National Park\, Arizona",Illumina NovaSeq 6000,soil,32.2515 N 111.1611 W,DNA-5-S4_S82,PAIRED,RANDOM,METAGENOMIC,soil metagenome,ILLUMINA,2025-07-10T00:00:00Z,2024-12-11T13:02:00Z,1,SAMP5-S4,SAMP5-S4,SRP550823
SRR31679544,WGS,284,9566553706,PRJNA1193034,SAMN45127961,Metagenome or environmental,3042540347,THE UNIVERSITY OF ARIZONA,7/27/2021,public,"fastq,run.zq,sra","gs,ncbi,s3","gs.us-east1,ncbi.public,s3.us-east-1",SRX27042061,USA,North America,"USA: Saguaro National Park\, Arizona",Illumina NovaSeq 6000,soil,32.2515 N 111.1611 W,DNA-5-S3_S81,PAIRED,RANDOM,METAGENOMIC,soil metagenome,ILLUMINA,2025-07-10T00:00:00Z,2024-12-11T12:58:00Z,1,SAMP5-S3,SAMP5-S3,SRP550823
SRR31679545,WGS,284,10783194366,PRJNA1193034,SAMN45127960,Metagenome or environmental,3427338026,THE UNIVERSITY OF ARIZONA,7/27/2021,public,"fastq,run.zq,sra","gs,ncbi,s3","gs.us-east1,ncbi.public,s3.us-east-1",SRX27042060,USA,North America,"USA: Saguaro National Park\, Arizona",Illumina NovaSeq 6000,soil,32.2515 N 111.1611 W,DNA-5-S2_S80,PAIRED,RANDOM,METAGENOMIC,soil metagenome,ILLUMINA,2025-07-10T00:00:00Z,2024-12-11T13:00:00Z,1,SAMP5-S2,SAMP5-S2,SRP550823
SRR31679546,WGS,287,10797759588,PRJNA1193034,SAMN45127959,Metagenome or environmental,3431551467,THE UNIVERSITY OF ARIZONA,7/27/2021,public,"fastq,run.zq,sra","gs,ncbi,s3","gs.us-east1,ncbi.public,s3.us-east-1",SRX27042059,USA,North America,"USA: Saguaro National Park\, Arizona",Illumina NovaSeq 6000,soil,32.2515 N 111.1611 W,DNA-5-S1_S79,PAIRED,RANDOM,METAGENOMIC,soil metagenome,ILLUMINA,2025-07-10T00:00:00Z,2024-12-11T13:02:00Z,1,SAMP5-S1,SAMP5-S1,SRP550823
SRR31679547,WGS,293,10669985373,PRJNA1193034,SAMN45127951,Metagenome or environmental,3585479267,THE UNIVERSITY OF ARIZONA,7/5/2021,public,"fastq,run.zq,sra","gs,ncbi,s3","gs.us-east1,ncbi.public,s3.us-east-1",SRX27042058,USA,North America,"USA: Saguaro National Park\, Arizona",Illumina NovaSeq 6000,soil,32.2515 N 111.1611 W,DNA-3-S1_S966,PAIRED,RANDOM,METAGENOMIC,soil metagenome,ILLUMINA,2025-07-10T00:00:00Z,2024-12-11T13:03:00Z,1,SAMP3-S1,SAMP3-S1,SRP550823
SRR31679548,WGS,287,15955260526,PRJNA1193034,SAMN45127958,Metagenome or environmental,5062463358,THE UNIVERSITY OF ARIZONA,7/15/2021,public,"fastq,run.zq,sra","gs,ncbi,s3","gs.us-east1,ncbi.public,s3.us-east-1",SRX27042057,USA,North America,"USA: Saguaro National Park\, Arizona",Illumina NovaSeq 6000,soil,32.2515 N 111.1611 W,DNA-4-S4_S78,PAIRED,RANDOM,METAGENOMIC,soil metagenome,ILLUMINA,2025-07-10T00:00:00Z,2024-12-11T13:06:00Z,1,SAMP4-S4,SAMP4-S4,SRP550823
SRR31679549,WGS,284,10274829982,PRJNA1193034,SAMN45127957,Metagenome or environmental,3295146089,THE UNIVERSITY OF ARIZONA,7/15/2021,public,"fastq,run.zq,sra","gs,ncbi,s3","gs.us-east1,ncbi.public,s3.us-east-1",SRX27042056,USA,North America,"USA: Saguaro National Park\, Arizona",Illumina NovaSeq 6000,soil,32.2515 N 111.1611 W,DNA-4-S3_S77,PAIRED,RANDOM,METAGENOMIC,soil metagenome,ILLUMINA,2025-07-10T00:00:00Z,2024-12-11T13:04:00Z,1,SAMP4-S3,SAMP4-S3,SRP550823
SRR31679550,WGS,283,6631661865,PRJNA1193034,SAMN45127956,Metagenome or environmental,2107505838,THE UNIVERSITY OF ARIZONA,7/15/2021,public,"fastq,run.zq,sra","gs,ncbi,s3","gs.us-east1,ncbi.public,s3.us-east-1",SRX27042055,USA,North America,"USA: Saguaro National Park\, Arizona",Illumina NovaSeq 6000,soil,32.2515 N 111.1611 W,DNA-4-S2_S76,PAIRED,RANDOM,METAGENOMIC,soil metagenome,ILLUMINA,2025-07-10T00:00:00Z,2024-12-11T12:57:00Z,1,SAMP4-S2,SAMP4-S2,SRP550823
SRR31679551,WGS,283,16241506495,PRJNA1193034,SAMN45127955,Metagenome or environmental,5165204964,THE UNIVERSITY OF ARIZONA,7/15/2021,public,"fastq,run.zq,sra","gs,ncbi,s3","gs.us-east1,ncbi.public,s3.us-east-1",SRX27042054,USA,North America,"USA: Saguaro National Park\, Arizona",Illumina NovaSeq 6000,soil,32.2515 N 111.1611 W,DNA-4-S1_S75,PAIRED,RANDOM,METAGENOMIC,soil metagenome,ILLUMINA,2025-07-10T00:00:00Z,2024-12-11T12:59:00Z,1,SAMP4-S1,SAMP4-S1,SRP550823
SRR31679552,WGS,292,27545983787,PRJNA1193034,SAMN45127954,Metagenome or environmental,8686561916,THE UNIVERSITY OF ARIZONA,7/5/2021,public,"fastq,run.zq,sra","gs,ncbi,s3","gs.us-east1,ncbi.public,s3.us-east-1",SRX27042053,USA,North America,"USA: Saguaro National Park\, Arizona",Illumina NovaSeq 6000,soil,32.2515 N 111.1611 W,DNA-3-S4_S74,PAIRED,RANDOM,METAGENOMIC,soil metagenome,ILLUMINA,2025-07-10T00:00:00Z,2024-12-11T13:04:00Z,1,SAMP3-S4,SAMP3-S4,SRP550823
SRR31679553,WGS,291,11341661607,PRJNA1193034,SAMN45127953,Metagenome or environmental,3579081113,THE UNIVERSITY OF ARIZONA,7/5/2021,public,"fastq,run.zq,sra","gs,ncbi,s3","gs.us-east1,ncbi.public,s3.us-east-1",SRX27042052,USA,North America,"USA: Saguaro National Park\, Arizona",Illumina NovaSeq 6000,soil,32.2515 N 111.1611 W,DNA-3-S3_S73,PAIRED,RANDOM,METAGENOMIC,soil metagenome,ILLUMINA,2025-07-10T00:00:00Z,2024-12-11T12:56:00Z,1,SAMP3-S3,SAMP3-S3,SRP550823
SRR31679554,WGS,291,26277838621,PRJNA1193034,SAMN45127952,Metagenome or environmental,8294273025,THE UNIVERSITY OF ARIZONA,7/5/2021,public,"fastq,run.zq,sra","gs,ncbi,s3","gs.us-east1,ncbi.public,s3.us-east-1",SRX27042051,USA,North America,"USA: Saguaro National Park\, Arizona",Illumina NovaSeq 6000,soil,32.2515 N 111.1611 W,DNA-3-S2_S72,PAIRED,RANDOM,METAGENOMIC,soil metagenome,ILLUMINA,2025-07-10T00:00:00Z,2024-12-11T13:03:00Z,1,SAMP3-S2,SAMP3-S2,SRP550823
SRR31679555,WGS,293,11525932477,PRJNA1193034,SAMN45127951,Metagenome or environmental,3713410740,THE UNIVERSITY OF ARIZONA,7/5/2021,public,"fastq,run.zq,sra","gs,ncbi,s3","gs.us-east1,ncbi.public,s3.us-east-1",SRX27042050,USA,North America,"USA: Saguaro National Park\, Arizona",Illumina NovaSeq 6000,soil,32.2515 N 111.1611 W,DNA-3-S1_S71,PAIRED,RANDOM,METAGENOMIC,soil metagenome,ILLUMINA,2025-07-10T00:00:00Z,2024-12-11T12:57:00Z,1,SAMP3-S1,SAMP3-S1,SRP550823
SRR31679556,WGS,296,19241984720,PRJNA1193034,SAMN45127946,Metagenome or environmental,6081108053,THE UNIVERSITY OF ARIZONA,5/6/2021,public,"fastq,run.zq,sra","gs,ncbi,s3","gs.us-east1,ncbi.public,s3.us-east-1",SRX27042049,USA,North America,"USA: Saguaro National Park\, Arizona",Illumina NovaSeq 6000,soil,32.2515 N 111.1611 W,DNA-1-S4_S70,PAIRED,RANDOM,METAGENOMIC,soil metagenome,ILLUMINA,2025-07-10T00:00:00Z,2024-12-11T13:01:00Z,1,SAMP1-S4,SAMP1-S4,SRP550823
SRR31679557,WGS,294,12783624971,PRJNA1193034,SAMN45127945,Metagenome or environmental,4060369225,THE UNIVERSITY OF ARIZONA,5/6/2021,public,"fastq,run.zq,sra","gs,ncbi,s3","gs.us-east1,ncbi.public,s3.us-east-1",SRX27042048,USA,North America,"USA: Saguaro National Park\, Arizona",Illumina NovaSeq 6000,soil,32.2515 N 111.1611 W,DNA-1-S3_S69,PAIRED,RANDOM,METAGENOMIC,soil metagenome,ILLUMINA,2025-07-10T00:00:00Z,2024-12-11T12:57:00Z,1,SAMP1-S3,SAMP1-S3,SRP550823
SRR31679558,WGS,296,17815360019,PRJNA1193034,SAMN45127946,Metagenome or environmental,5872896970,THE UNIVERSITY OF ARIZONA,5/6/2021,public,"fastq,run.zq,sra","gs,ncbi,s3","gs.us-east1,ncbi.public,s3.us-east-1",SRX27042047,USA,North America,"USA: Saguaro National Park\, Arizona",Illumina NovaSeq 6000,soil,32.2515 N 111.1611 W,DNA-1-S4_S965,PAIRED,RANDOM,METAGENOMIC,soil metagenome,ILLUMINA,2025-07-10T00:00:00Z,2024-12-11T13:00:00Z,1,SAMP1-S4,SAMP1-S4,SRP550823
SRR31679559,WGS,293,11813160953,PRJNA1193034,SAMN45127944,Metagenome or environmental,3744159869,THE UNIVERSITY OF ARIZONA,5/6/2021,public,"fastq,run.zq,sra","gs,ncbi,s3","gs.us-east1,ncbi.public,s3.us-east-1",SRX27042046,USA,North America,"USA: Saguaro National Park\, Arizona",Illumina NovaSeq 6000,soil,32.2515 N 111.1611 W,DNA-1-S2_S68,PAIRED,RANDOM,METAGENOMIC,soil metagenome,ILLUMINA,2025-07-10T00:00:00Z,2024-12-11T12:56:00Z,1,SAMP1-S2,SAMP1-S2,SRP550823
SRR31679560,WGS,292,20256991246,PRJNA1193034,SAMN45127943,Metagenome or environmental,6378086429,THE UNIVERSITY OF ARIZONA,5/6/2021,public,"fastq,run.zq,sra","gs,ncbi,s3","gs.us-east1,ncbi.public,s3.us-east-1",SRX27042045,USA,North America,"USA: Saguaro National Park\, Arizona",Illumina NovaSeq 6000,soil,32.2515 N 111.1611 W,DNA-1-S1_S67,PAIRED,RANDOM,METAGENOMIC,soil metagenome,ILLUMINA,2025-07-10T00:00:00Z,2024-12-11T13:02:00Z,1,SAMP1-S1,SAMP1-S1,SRP550823
SRR31679561,WGS,295,9724389774,PRJNA1193034,SAMN45127978,Metagenome or environmental,3241099514,THE UNIVERSITY OF ARIZONA,5/28/2022,public,"fastq,run.zq,sra","gs,ncbi,s3","gs.us-east1,ncbi.public,s3.us-east-1",SRX27042044,USA,North America,"USA: Saguaro National Park\, Arizona",Illumina NovaSeq 6000,soil,32.2515 N 111.1611 W,DNA-1-S4-22_S961,PAIRED,RANDOM,METAGENOMIC,soil metagenome,ILLUMINA,2025-07-10T00:00:00Z,2024-12-11T12:56:00Z,1,SAMP1-S4-22,SAMP1-S4-22,SRP550823
SRR31679562,WGS,294,10650938114,PRJNA1193034,SAMN45127977,Metagenome or environmental,3536743971,THE UNIVERSITY OF ARIZONA,5/28/2022,public,"fastq,run.zq,sra","gs,ncbi,s3","gs.us-east1,ncbi.public,s3.us-east-1",SRX27042043,USA,North America,"USA: Saguaro National Park\, Arizona",Illumina NovaSeq 6000,soil,32.2515 N 111.1611 W,DNA-1-S3-22_S960,PAIRED,RANDOM,METAGENOMIC,soil metagenome,ILLUMINA,2025-07-10T00:00:00Z,2024-12-11T12:56:00Z,1,SAMP1-S3-22,SAMP1-S3-22,SRP550823
SRR31679563,WGS,295,9980979306,PRJNA1193034,SAMN45127976,Metagenome or environmental,3290945800,THE UNIVERSITY OF ARIZONA,5/28/2022,public,"fastq,run.zq,sra","gs,ncbi,s3","gs.us-east1,ncbi.public,s3.us-east-1",SRX27042042,USA,North America,"USA: Saguaro National Park\, Arizona",Illumina NovaSeq 6000,soil,32.2515 N 111.1611 W,DNA-1-S2-22_S959,PAIRED,RANDOM,METAGENOMIC,soil metagenome,ILLUMINA,2025-07-10T00:00:00Z,2024-12-11T12:56:00Z,1,SAMP1-S2-22,SAMP1-S2-22,SRP550823
SRR31679564,WGS,293,11425042924,PRJNA1193034,SAMN45127975,Metagenome or environmental,3767420429,THE UNIVERSITY OF ARIZONA,5/28/2022,public,"fastq,run.zq,sra","gs,ncbi,s3","gs.us-east1,ncbi.public,s3.us-east-1",SRX27042041,USA,North America,"USA: Saguaro National Park\, Arizona",Illumina NovaSeq 6000,soil,32.2515 N 111.1611 W,DNA-1-S1-22_S958,PAIRED,RANDOM,METAGENOMIC,soil metagenome,ILLUMINA,2025-07-10T00:00:00Z,2024-12-11T12:58:00Z,1,SAMP1-S1-22,SAMP1-S1-22,SRP550823
SRR31679566,WGS,291,12666969638,PRJNA1193034,SAMN45127974,Metagenome or environmental,4198571700,THE UNIVERSITY OF ARIZONA,10/18/2021,public,"fastq,run.zq,sra","gs,ncbi,s3","gs.us-east1,ncbi.public,s3.us-east-1",SRX27042028,USA,North America,"USA: Saguaro National Park\, Arizona",Illumina NovaSeq 6000,soil,32.2515 N 111.1611 W,DNA-8-S4_S985,PAIRED,RANDOM,METAGENOMIC,soil metagenome,ILLUMINA,2025-07-10T00:00:00Z,2024-12-11T12:58:00Z,1,SAMP8-S4,SAMP8-S4,SRP550823
SRR31679576,WGS,284,6099874395,PRJNA1193034,SAMN45127956,Metagenome or environmental,2013859106,THE UNIVERSITY OF ARIZONA,7/15/2021,public,"fastq,run.zq,sra","gs,ncbi,s3","gs.us-east1,ncbi.public,s3.us-east-1",SRX27042030,USA,North America,"USA: Saguaro National Park\, Arizona",Illumina NovaSeq 6000,soil,32.2515 N 111.1611 W,DNA-4-S2_S971,PAIRED,RANDOM,METAGENOMIC,soil metagenome,ILLUMINA,2025-07-10T00:00:00Z,2024-12-11T12:54:00Z,1,SAMP4-S2,SAMP4-S2,SRP550823
SRR31679578,WGS,292,11670482776,PRJNA1193034,SAMN45127973,Metagenome or environmental,3841641572,THE UNIVERSITY OF ARIZONA,10/18/2021,public,"fastq,run.zq,sra","gs,ncbi,s3","gs.us-east1,ncbi.public,s3.us-east-1",SRX27042027,USA,North America,"USA: Saguaro National Park\, Arizona",Illumina NovaSeq 6000,soil,32.2515 N 111.1611 W,DNA-8-S3_S984,PAIRED,RANDOM,METAGENOMIC,soil metagenome,ILLUMINA,2025-07-10T00:00:00Z,2024-12-11T13:01:00Z,1,SAMP8-S3,SAMP8-S3,SRP550823
SRR31679579,WGS,293,9363718755,PRJNA1193034,SAMN45127972,Metagenome or environmental,3107910296,THE UNIVERSITY OF ARIZONA,10/18/2021,public,"fastq,run.zq,sra","gs,ncbi,s3","gs.us-east1,ncbi.public,s3.us-east-1",SRX27042026,USA,North America,"USA: Saguaro National Park\, Arizona",Illumina NovaSeq 6000,soil,32.2515 N 111.1611 W,DNA-8-S2_S983,PAIRED,RANDOM,METAGENOMIC,soil metagenome,ILLUMINA,2025-07-10T00:00:00Z,2024-12-11T12:56:00Z,1,SAMP8-S2,SAMP8-S2,SRP550823
SRR31679580,WGS,296,16889942886,PRJNA1193034,SAMN45127971,Metagenome or environmental,5579768567,THE UNIVERSITY OF ARIZONA,10/18/2021,public,"fastq,run.zq,sra","gs,ncbi,s3","gs.us-east1,ncbi.public,s3.us-east-1",SRX27042025,USA,North America,"USA: Saguaro National Park\, Arizona",Illumina NovaSeq 6000,soil,32.2515 N 111.1611 W,DNA-8-S1_S982,PAIRED,RANDOM,METAGENOMIC,soil metagenome,ILLUMINA,2025-07-10T00:00:00Z,2024-12-11T13:04:00Z,1,SAMP8-S1,SAMP8-S1,SRP550823
SRR31679581,WGS,295,11862761608,PRJNA1193034,SAMN45127945,Metagenome or environmental,3927217135,THE UNIVERSITY OF ARIZONA,5/6/2021,public,"fastq,run.zq,sra","gs,ncbi,s3","gs.us-east1,ncbi.public,s3.us-east-1",SRX27042024,USA,North America,"USA: Saguaro National Park\, Arizona",Illumina NovaSeq 6000,soil,32.2515 N 111.1611 W,DNA-1-S3_S964,PAIRED,RANDOM,METAGENOMIC,soil metagenome,ILLUMINA,2025-07-10T00:00:00Z,2024-12-11T12:57:00Z,1,SAMP1-S3,SAMP1-S3,SRP550823
SRR31679582,WGS,289,9313247475,PRJNA1193034,SAMN45127966,Metagenome or environmental,3109680933,THE UNIVERSITY OF ARIZONA,8/15/2021,public,"fastq,run.zq,sra","gs,ncbi,s3","gs.us-east1,ncbi.public,s3.us-east-1",SRX27042023,USA,North America,"USA: Saguaro National Park\, Arizona",Illumina NovaSeq 6000,soil,32.2515 N 111.1611 W,DNA-6-S4_S981,PAIRED,RANDOM,METAGENOMIC,soil metagenome,ILLUMINA,2025-07-10T00:00:00Z,2024-12-11T12:55:00Z,1,SAMP6-S4,SAMP6-S4,SRP550823
SRR31679583,WGS,286,11558511880,PRJNA1193034,SAMN45127965,Metagenome or environmental,3835041085,THE UNIVERSITY OF ARIZONA,8/15/2021,public,"fastq,run.zq,sra","gs,ncbi,s3","gs.us-east1,ncbi.public,s3.us-east-1",SRX27042022,USA,North America,"USA: Saguaro National Park\, Arizona",Illumina NovaSeq 6000,soil,32.2515 N 111.1611 W,DNA-6-S3_S980,PAIRED,RANDOM,METAGENOMIC,soil metagenome,ILLUMINA,2025-07-10T00:00:00Z,2024-12-11T13:01:00Z,1,SAMP6-S3,SAMP6-S3,SRP550823
SRR31679584,WGS,285,9681254092,PRJNA1193034,SAMN45127964,Metagenome or environmental,3219743671,THE UNIVERSITY OF ARIZONA,8/15/2021,public,"fastq,run.zq,sra","gs,ncbi,s3","gs.us-east1,ncbi.public,s3.us-east-1",SRX27042021,USA,North America,"USA: Saguaro National Park\, Arizona",Illumina NovaSeq 6000,soil,32.2515 N 111.1611 W,DNA-6-S2_S979,PAIRED,RANDOM,METAGENOMIC,soil metagenome,ILLUMINA,2025-07-10T00:00:00Z,2024-12-11T12:58:00Z,1,SAMP6-S2,SAMP6-S2,SRP550823
SRR31679585,WGS,285,9577773128,PRJNA1193034,SAMN45127963,Metagenome or environmental,3209278149,THE UNIVERSITY OF ARIZONA,8/15/2021,public,"fastq,run.zq,sra","gs,ncbi,s3","gs.us-east1,ncbi.public,s3.us-east-1",SRX27042020,USA,North America,"USA: Saguaro National Park\, Arizona",Illumina NovaSeq 6000,soil,32.2515 N 111.1611 W,DNA-6-S1_S978,PAIRED,RANDOM,METAGENOMIC,soil metagenome,ILLUMINA,2025-07-10T00:00:00Z,2024-12-11T12:59:00Z,1,SAMP6-S1,SAMP6-S1,SRP550823
SRR31679586,WGS,283,8731196526,PRJNA1193034,SAMN45127962,Metagenome or environmental,2907589704,THE UNIVERSITY OF ARIZONA,7/27/2021,public,"fastq,run.zq,sra","gs,ncbi,s3","gs.us-east1,ncbi.public,s3.us-east-1",SRX27042019,USA,North America,"USA: Saguaro National Park\, Arizona",Illumina NovaSeq 6000,soil,32.2515 N 111.1611 W,DNA-5-S4_S977,PAIRED,RANDOM,METAGENOMIC,soil metagenome,ILLUMINA,2025-07-10T00:00:00Z,2024-12-11T12:58:00Z,1,SAMP5-S4,SAMP5-S4,SRP550823
SRR31679597,WGS,284,8815228515,PRJNA1193034,SAMN45127961,Metagenome or environmental,2914018352,THE UNIVERSITY OF ARIZONA,7/27/2021,public,"fastq,run.zq,sra","gs,ncbi,s3","gs.us-east1,ncbi.public,s3.us-east-1",SRX27042008,USA,North America,"USA: Saguaro National Park\, Arizona",Illumina NovaSeq 6000,soil,32.2515 N 111.1611 W,DNA-5-S3_S976,PAIRED,RANDOM,METAGENOMIC,soil metagenome,ILLUMINA,2025-07-10T00:00:00Z,2024-12-11T12:58:00Z,1,SAMP5-S3,SAMP5-S3,SRP550823
SRR31679608,WGS,283,15039435140,PRJNA1193034,SAMN45127955,Metagenome or environmental,4971595037,THE UNIVERSITY OF ARIZONA,7/15/2021,public,"fastq,run.zq,sra","gs,ncbi,s3","gs.us-east1,ncbi.public,s3.us-east-1",SRX27041997,USA,North America,"USA: Saguaro National Park\, Arizona",Illumina NovaSeq 6000,soil,32.2515 N 111.1611 W,DNA-4-S1_S970,PAIRED,RANDOM,METAGENOMIC,soil metagenome,ILLUMINA,2025-07-10T00:00:00Z,2024-12-11T13:04:00Z,1,SAMP4-S1,SAMP4-S1,SRP550823
SRR31679619,WGS,293,25385173233,PRJNA1193034,SAMN45127954,Metagenome or environmental,8352069631,THE UNIVERSITY OF ARIZONA,7/5/2021,public,"fastq,run.zq,sra","gs,ncbi,s3","gs.us-east1,ncbi.public,s3.us-east-1",SRX27041986,USA,North America,"USA: Saguaro National Park\, Arizona",Illumina NovaSeq 6000,soil,32.2515 N 111.1611 W,DNA-3-S4_S969,PAIRED,RANDOM,METAGENOMIC,soil metagenome,ILLUMINA,2025-07-10T00:00:00Z,2024-12-11T13:08:00Z,1,SAMP3-S4,SAMP3-S4,SRP550823
SRR31679631,WGS,284,9899265031,PRJNA1193034,SAMN45127960,Metagenome or environmental,3273249749,THE UNIVERSITY OF ARIZONA,7/27/2021,public,"fastq,run.zq,sra","gs,ncbi,s3","gs.us-east1,ncbi.public,s3.us-east-1",SRX27041974,USA,North America,"USA: Saguaro National Park\, Arizona",Illumina NovaSeq 6000,soil,32.2515 N 111.1611 W,DNA-5-S2_S975,PAIRED,RANDOM,METAGENOMIC,soil metagenome,ILLUMINA,2025-07-10T00:00:00Z,2024-12-11T12:56:00Z,1,SAMP5-S2,SAMP5-S2,SRP550823
SRR31679643,WGS,287,10016136323,PRJNA1193034,SAMN45127959,Metagenome or environmental,3315717585,THE UNIVERSITY OF ARIZONA,7/27/2021,public,"fastq,run.zq,sra","gs,ncbi,s3","gs.us-east1,ncbi.public,s3.us-east-1",SRX27041963,USA,North America,"USA: Saguaro National Park\, Arizona",Illumina NovaSeq 6000,soil,32.2515 N 111.1611 W,DNA-5-S1_S974,PAIRED,RANDOM,METAGENOMIC,soil metagenome,ILLUMINA,2025-07-10T00:00:00Z,2024-12-11T13:02:00Z,1,SAMP5-S1,SAMP5-S1,SRP550823
SRR31679652,WGS,291,10502996653,PRJNA1193034,SAMN45127953,Metagenome or environmental,3450857312,THE UNIVERSITY OF ARIZONA,7/5/2021,public,"fastq,run.zq,sra","gs,ncbi,s3","gs.us-east1,ncbi.public,s3.us-east-1",SRX27041954,USA,North America,"USA: Saguaro National Park\, Arizona",Illumina NovaSeq 6000,soil,32.2515 N 111.1611 W,DNA-3-S3_S968,PAIRED,RANDOM,METAGENOMIC,soil metagenome,ILLUMINA,2025-07-10T00:00:00Z,2024-12-11T13:01:00Z,1,SAMP3-S3,SAMP3-S3,SRP550823
SRR31679657,WGS,295,10666811550,PRJNA1193034,SAMN45127978,Metagenome or environmental,3407249652,THE UNIVERSITY OF ARIZONA,5/28/2022,public,"fastq,run.zq,sra","gs,ncbi,s3","gs.us-east1,ncbi.public,s3.us-east-1",SRX27041949,USA,North America,"USA: Saguaro National Park\, Arizona",Illumina NovaSeq 6000,soil,32.2515 N 111.1611 W,DNA-1-S4-22_S66,PAIRED,RANDOM,METAGENOMIC,soil metagenome,ILLUMINA,2025-07-10T00:00:00Z,2024-12-11T13:03:00Z,1,SAMP1-S4-22,SAMP1-S4-22,SRP550823
SRR31679658,WGS,294,11689038832,PRJNA1193034,SAMN45127977,Metagenome or environmental,3723844498,THE UNIVERSITY OF ARIZONA,5/28/2022,public,"fastq,run.zq,sra","gs,ncbi,s3","gs.us-east1,ncbi.public,s3.us-east-1",SRX27041948,USA,North America,"USA: Saguaro National Park\, Arizona",Illumina NovaSeq 6000,soil,32.2515 N 111.1611 W,DNA-1-S3-22_S65,PAIRED,RANDOM,METAGENOMIC,soil metagenome,ILLUMINA,2025-07-10T00:00:00Z,2024-12-11T12:57:00Z,1,SAMP1-S3-22,SAMP1-S3-22,SRP550823
SRR31679659,WGS,295,10873422153,PRJNA1193034,SAMN45127976,Metagenome or environmental,3437333800,THE UNIVERSITY OF ARIZONA,5/28/2022,public,"fastq,run.zq,sra","gs,ncbi,s3","gs.us-east1,ncbi.public,s3.us-east-1",SRX27041947,USA,North America,"USA: Saguaro National Park\, Arizona",Illumina NovaSeq 6000,soil,32.2515 N 111.1611 W,DNA-1-S2-22_S64,PAIRED,RANDOM,METAGENOMIC,soil metagenome,ILLUMINA,2025-07-10T00:00:00Z,2024-12-11T12:58:00Z,1,SAMP1-S2-22,SAMP1-S2-22,SRP550823
SRR31679660,WGS,293,12473637189,PRJNA1193034,SAMN45127975,Metagenome or environmental,3946438636,THE UNIVERSITY OF ARIZONA,5/28/2022,public,"fastq,run.zq,sra","gs,ncbi,s3","gs.us-east1,ncbi.public,s3.us-east-1",SRX27041946,USA,North America,"USA: Saguaro National Park\, Arizona",Illumina NovaSeq 6000,soil,32.2515 N 111.1611 W,DNA-1-S1-22_S63,PAIRED,RANDOM,METAGENOMIC,soil metagenome,ILLUMINA,2025-07-10T00:00:00Z,2024-12-11T12:58:00Z,1,SAMP1-S1-22,SAMP1-S1-22,SRP550823
SRR31679661,WGS,291,13958988160,PRJNA1193034,SAMN45127974,Metagenome or environmental,4441275213,THE UNIVERSITY OF ARIZONA,10/18/2021,public,"fastq,run.zq,sra","gs,ncbi,s3","gs.us-east1,ncbi.public,s3.us-east-1",SRX27041945,USA,North America,"USA: Saguaro National Park\, Arizona",Illumina NovaSeq 6000,soil,32.2515 N 111.1611 W,DNA-8-S4_S90,PAIRED,RANDOM,METAGENOMIC,soil metagenome,ILLUMINA,2025-07-10T00:00:00Z,2024-12-11T12:58:00Z,1,SAMP8-S4,SAMP8-S4,SRP550823
SRR31679662,WGS,291,12701659648,PRJNA1193034,SAMN45127973,Metagenome or environmental,4016147128,THE UNIVERSITY OF ARIZONA,10/18/2021,public,"fastq,run.zq,sra","gs,ncbi,s3","gs.us-east1,ncbi.public,s3.us-east-1",SRX27041944,USA,North America,"USA: Saguaro National Park\, Arizona",Illumina NovaSeq 6000,soil,32.2515 N 111.1611 W,DNA-8-S3_S89,PAIRED,RANDOM,METAGENOMIC,soil metagenome,ILLUMINA,2025-07-10T00:00:00Z,2024-12-11T12:57:00Z,1,SAMP8-S3,SAMP8-S3,SRP550823
SRR31679663,WGS,292,23953058165,PRJNA1193034,SAMN45127952,Metagenome or environmental,7870239116,THE UNIVERSITY OF ARIZONA,7/5/2021,public,"fastq,run.zq,sra","gs,ncbi,s3","gs.us-east1,ncbi.public,s3.us-east-1",SRX27041943,USA,North America,"USA: Saguaro National Park\, Arizona",Illumina NovaSeq 6000,soil,32.2515 N 111.1611 W,DNA-3-S2_S967,PAIRED,RANDOM,METAGENOMIC,soil metagenome,ILLUMINA,2025-07-10T00:00:00Z,2024-12-11T13:03:00Z,1,SAMP3-S2,SAMP3-S2,SRP550823
SRR31679664,WGS,293,10285619123,PRJNA1193034,SAMN45127972,Metagenome or environmental,3269120016,THE UNIVERSITY OF ARIZONA,10/18/2021,public,"fastq,run.zq,sra","gs,ncbi,s3","gs.us-east1,ncbi.public,s3.us-east-1",SRX27041942,USA,North America,"USA: Saguaro National Park\, Arizona",Illumina NovaSeq 6000,soil,32.2515 N 111.1611 W,DNA-8-S2_S88,PAIRED,RANDOM,METAGENOMIC,soil metagenome,ILLUMINA,2025-07-10T00:00:00Z,2024-12-11T12:56:00Z,1,SAMP8-S2,SAMP8-S2,SRP550823
SRR31679665,WGS,296,18473372291,PRJNA1193034,SAMN45127971,Metagenome or environmental,5848318117,THE UNIVERSITY OF ARIZONA,10/18/2021,public,"fastq,run.zq,sra","gs,ncbi,s3","gs.us-east1,ncbi.public,s3.us-east-1",SRX27041941,USA,North America,"USA: Saguaro National Park\, Arizona",Illumina NovaSeq 6000,soil,32.2515 N 111.1611 W,DNA-8-S1_S87,PAIRED,RANDOM,METAGENOMIC,soil metagenome,ILLUMINA,2025-07-10T00:00:00Z,2024-12-11T13:00:00Z,1,SAMP8-S1,SAMP8-S1,SRP550823
SRR31679666,WGS,288,10046659581,PRJNA1193034,SAMN45127966,Metagenome or environmental,3216309815,THE UNIVERSITY OF ARIZONA,8/15/2021,public,"fastq,run.zq,sra","gs,ncbi,s3","gs.us-east1,ncbi.public,s3.us-east-1",SRX27041940,USA,North America,"USA: Saguaro National Park\, Arizona",Illumina NovaSeq 6000,soil,32.2515 N 111.1611 W,DNA-6-S4_S86,PAIRED,RANDOM,METAGENOMIC,soil metagenome,ILLUMINA,2025-07-10T00:00:00Z,2024-12-11T12:56:00Z,1,SAMP6-S4,SAMP6-S4,SRP550823
SRR31679667,WGS,285,12508181330,PRJNA1193034,SAMN45127965,Metagenome or environmental,3987380153,THE UNIVERSITY OF ARIZONA,8/15/2021,public,"fastq,run.zq,sra","gs,ncbi,s3","gs.us-east1,ncbi.public,s3.us-east-1",SRX27041939,USA,North America,"USA: Saguaro National Park\, Arizona",Illumina NovaSeq 6000,soil,32.2515 N 111.1611 W,DNA-6-S3_S85,PAIRED,RANDOM,METAGENOMIC,soil metagenome,ILLUMINA,2025-07-10T00:00:00Z,2024-12-11T12:56:00Z,1,SAMP6-S3,SAMP6-S3,SRP550823
SRR31679668,WGS,284,10456375416,PRJNA1193034,SAMN45127964,Metagenome or environmental,3341437972,THE UNIVERSITY OF ARIZONA,8/15/2021,public,"fastq,run.zq,sra","gs,ncbi,s3","gs.us-east1,ncbi.public,s3.us-east-1",SRX27042064,USA,North America,"USA: Saguaro National Park\, Arizona",Illumina NovaSeq 6000,soil,32.2515 N 111.1611 W,DNA-6-S2_S84,PAIRED,RANDOM,METAGENOMIC,soil metagenome,ILLUMINA,2025-07-10T00:00:00Z,2024-12-11T12:57:00Z,1,SAMP6-S2,SAMP6-S2,SRP550823
SRR31679670,WGS,295,1.31399E+11,PRJNA1193034,SAMN45127978,Metagenome or environmental,42341009377,THE UNIVERSITY OF ARIZONA,5/28/2022,public,"fastq,run.zq,sra","gs,ncbi,s3","gs.us-east1,ncbi.public,s3.us-east-1",SRX27041936,USA,North America,"USA: Saguaro National Park\, Arizona",Illumina NovaSeq 6000,soil,32.2515 N 111.1611 W,DNA-1-S4-22_S0,PAIRED,RANDOM,METAGENOMIC,soil metagenome,ILLUMINA,2025-07-10T00:00:00Z,2024-12-11T14:05:00Z,1,SAMP1-S4-22,SAMP1-S4-22,SRP550823
SRR31679671,WGS,296,1.74228E+11,PRJNA1193034,SAMN45127971,Metagenome or environmental,55683968440,THE UNIVERSITY OF ARIZONA,10/18/2021,public,"fastq,run.zq,sra","gs,ncbi,s3","gs.us-east1,ncbi.public,s3.us-east-1",SRX27041935,USA,North America,"USA: Saguaro National Park\, Arizona",Illumina NovaSeq 6000,soil,32.2515 N 111.1611 W,DNA-8-S1_S0,PAIRED,RANDOM,METAGENOMIC,soil metagenome,ILLUMINA,2025-07-10T00:00:00Z,2024-12-11T14:15:00Z,1,SAMP8-S1,SAMP8-S1,SRP550823
SRR31679672,WGS,285,1.37425E+11,PRJNA1193034,SAMN45127965,Metagenome or environmental,44300171796,THE UNIVERSITY OF ARIZONA,8/15/2021,public,"fastq,run.zq,sra","gs,ncbi,s3","gs.us-east1,ncbi.public,s3.us-east-1",SRX27041934,USA,North America,"USA: Saguaro National Park\, Arizona",Illumina NovaSeq 6000,soil,32.2515 N 111.1611 W,DNA-6-S3_S0,PAIRED,RANDOM,METAGENOMIC,soil metagenome,ILLUMINA,2025-07-10T00:00:00Z,2024-12-11T14:00:00Z,1,SAMP6-S3,SAMP6-S3,SRP550823
SRR31679673,WGS,287,1.31992E+11,PRJNA1193034,SAMN45127959,Metagenome or environmental,42405917430,THE UNIVERSITY OF ARIZONA,7/27/2021,public,"fastq,run.zq,sra","gs,ncbi,s3","gs.us-east1,ncbi.public,s3.us-east-1",SRX27041933,USA,North America,"USA: Saguaro National Park\, Arizona",Illumina NovaSeq 6000,soil,32.2515 N 111.1611 W,DNA-5-S1_S0,PAIRED,RANDOM,METAGENOMIC,soil metagenome,ILLUMINA,2025-07-10T00:00:00Z,2024-12-11T14:22:00Z,1,SAMP5-S1,SAMP5-S1,SRP550823
SRR31679674,WGS,284,1.21205E+11,PRJNA1193034,SAMN45127957,Metagenome or environmental,39275103371,THE UNIVERSITY OF ARIZONA,7/15/2021,public,"fastq,run.zq,sra","gs,ncbi,s3","gs.us-east1,ncbi.public,s3.us-east-1",SRX27041932,USA,North America,"USA: Saguaro National Park\, Arizona",Illumina NovaSeq 6000,soil,32.2515 N 111.1611 W,DNA-4-S3_S0,PAIRED,RANDOM,METAGENOMIC,soil metagenome,ILLUMINA,2025-07-10T00:00:00Z,2024-12-11T13:50:00Z,1,SAMP4-S3,SAMP4-S3,SRP550823
SRR31679675,WGS,292,1.21826E+11,PRJNA1193034,SAMN45127943,Metagenome or environmental,38904509201,THE UNIVERSITY OF ARIZONA,5/6/2021,public,"fastq,run.zq,sra","gs,ncbi,s3","gs.us-east1,ncbi.public,s3.us-east-1",SRX27041931,USA,North America,"USA: Saguaro National Park\, Arizona",Illumina NovaSeq 6000,soil,32.2515 N 111.1611 W,DNA-1-S1_S0,PAIRED,RANDOM,METAGENOMIC,soil metagenome,ILLUMINA,2025-07-10T00:00:00Z,2024-12-11T14:16:00Z,1,SAMP1-S1,SAMP1-S1,SRP550823
SRR31679678,WGS,287,14667279514,PRJNA1193034,SAMN45127958,Metagenome or environmental,4842576820,THE UNIVERSITY OF ARIZONA,7/15/2021,public,"fastq,run.zq,sra","gs,ncbi,s3","gs.us-east1,ncbi.public,s3.us-east-1",SRX27041928,USA,North America,"USA: Saguaro National Park\, Arizona",Illumina NovaSeq 6000,soil,32.2515 N 111.1611 W,DNA-4-S4_S973,PAIRED,RANDOM,METAGENOMIC,soil metagenome,ILLUMINA,2025-07-10T00:00:00Z,2024-12-11T12:58:00Z,1,SAMP4-S4,SAMP4-S4,SRP550823
SRR31679689,WGS,284,9506022154,PRJNA1193034,SAMN45127957,Metagenome or environmental,3174575783,THE UNIVERSITY OF ARIZONA,7/15/2021,public,"fastq,run.zq,sra","gs,ncbi,s3","gs.us-east1,ncbi.public,s3.us-east-1",SRX27041917,USA,North America,"USA: Saguaro National Park\, Arizona",Illumina NovaSeq 6000,soil,32.2515 N 111.1611 W,DNA-4-S3_S972,PAIRED,RANDOM,METAGENOMIC,soil metagenome,ILLUMINA,2025-07-10T00:00:00Z,2024-12-11T12:57:00Z,1,SAMP4-S3,SAMP4-S3,SRP550823
SRR31679690,WGS,293,10685390328,PRJNA1193034,SAMN45127944,Metagenome or environmental,3530407236,THE UNIVERSITY OF ARIZONA,5/6/2021,public,"fastq,run.zq,sra","gs,ncbi,s3","gs.us-east1,ncbi.public,s3.us-east-1",SRX27041916,USA,North America,"USA: Saguaro National Park\, Arizona",Illumina NovaSeq 6000,soil,32.2515 N 111.1611 W,DNA-1-S2_S963,PAIRED,RANDOM,METAGENOMIC,soil metagenome,ILLUMINA,2025-07-10T00:00:00Z,2024-12-11T12:58:00Z,1,SAMP1-S2,SAMP1-S2,SRP550823
SRR31679691,WGS,292,18620208974,PRJNA1193034,SAMN45127943,Metagenome or environmental,6104503648,THE UNIVERSITY OF ARIZONA,5/6/2021,public,"fastq,run.zq,sra","gs,ncbi,s3","gs.us-east1,ncbi.public,s3.us-east-1",SRX27041915,USA,North America,"USA: Saguaro National Park\, Arizona",Illumina NovaSeq 6000,soil,32.2515 N 111.1611 W,DNA-1-S1_S962,PAIRED,RANDOM,METAGENOMIC,soil metagenome,ILLUMINA,2025-07-10T00:00:00Z,2024-12-11T13:01:00Z,1,SAMP1-S1,SAMP1-S1,SRP550823
