compound,kegg_cid
(-)-Slaframine,C06185
"(2S)-2-(2-hydroxypropan-2-yl)-2H,3H,7H-furo[3,2-g]chromen-7-one",C09276
(2S)-2-(3-carboxypropanamido)-6-oxoheptanedioic acid,C04462
"(2S,4S)-4-amino-2-hydroxy-2-methylpentanedioic acid",C06034
"(2S,6S)-2,6-diaminoheptanedioic acid",C00666
"(3S)-2-hydroxy-2,3-dimethylbutanedioic acid",C03652
"1-(3-acetyl-2,4,6-trihydroxyphenyl)ethan-1-one",C21896
1-(Carboxymethyl)cyclohexanecarboxylic acid,C16223
"1,2-Bis(4-hydroxy-3-methoxyphenyl)ethylene",C04547
"1,3,8-trihydroxy-6-methyl-anthracene-9,10-dione",C10343
12(13)-DiHOME,C14829
13-OxoODE,C14765
16-Hydroxyhexadecanoic acid,C18218
"17beta-Hydroxyandrost-4-ene-3,11-dione propionate",C15009
1-Guanidino-2-(4-imidazole)propionic acid,C14222
"1-Methylestra-1,3,5(10),6-tetraene-3,17beta-diol",C15255
1-O-trans-Cinnamoyl-beta-D-glucopyranose,C04164
"2(3H)-Furanone, dihydro-4-((4-hydroxy-3-(2-hydroxy-2-(4-hydroxy-3-methoxyphenyl)-1-(hydroxymethyl)ethyl)-5-methoxyphenyl)methyl)-3-((4-hydroxy-3-methoxyphenyl)methyl)-, (3R,4R)-",C17686
2(5H)-Furanone,C17601
"2,3-Dihydroxy-4-methoxybenzoic acid",D10610
"2,5-Dichloro-4-oxohex-2-enedioate",C12835
2-Amino-3-oxohexanedioic acid,C05520
2-Aminoadipic acid,C00956
2'-Deoxyadenosine,C00559
2'-Deoxycytidine,C00881
2-Deoxyguanosine,C00330
2'-Deoxyinosine,C05512
2-Methoxy-6Z-hexadecenoic acid,C13946
2-Methyllactic acid,C21297
2-Methylsuccinic acid,C02614
2'-N-Acetylparomamine,C17582
2-O-alpha-mannosyl-D-glycerate,C11544
2-Oxoarginine,C03771
2-Succinylbenzoate,C02730
2-sulfotrehalose,C20985
2-xylene,C07212
3-(3-Hydroxyphenyl)propionic Acid,C11457
3-Buten-1-amine,C12244
3-Dimethylallyl-4-hydroxymandelic acid,C12457
3-hydroxy-3-methylpentanedioic acid,C03761
3-hydroxybutyric acid,C01089
"3-Hydroxy-estra-1,3,5(10)-trien-16-one",C15215
3-Methoxycinnamic acid,C01494
3-O-methylgallate,C05616
4-Acetylresorcinol,C03663
"4-Benzyloxy-2'-hydroxy-3',4',5',6'-tetramethoxychalcone",C15080
4-Guanidinobutyric acid,C01035
4-Hydroxy-3-methoxycinnamaldehyde,C02666
4-Hydroxyphenylacetylglutamate,C05595
4-Hydroxyphenylpyruvic acid,C01179
4'-Methoxy-3-morpholino-propiophenone,C15032
"4-methoxy-6-(prop-2-en-1-yl)-2H-1,3-benzodioxole",C10480
4'-Methoxyacetophenone,C10680
4-Methylene-L-glutamine,C01109
4-Methyl-L-glutamate,C06234
4-Methylumbelliferone,C03081
4-Phenylbutyric acid,C21793
5-(Hydroxymethyl)uracil,C03088
5-Formimidoyltetrahydrofolic acid,C00664
6-Hydroxytremetone,C08744
6-Prenylnaringenin,C09832
"7,8-Dihydroxy-4-methylcoumarin",C15295
7-hydroxy-6-methoxy-2H-chromen-2-one,C01752
7-Hydroxycoumarine,C09315
"8,8-dimethyl-2H,8H-pyrano[3,2-g]chromen-2-one",C09317
"8-Hydroxy-6-methoxy-3,4-dimethylisochromen-1-one",C09963
8-Hydroxyadenine,C22499
Acetovanillone,C11380
Acetylcarnitine,C02571
Acetylcholine,C01996
Adenine,C00147
Adenine,C00821
Adenine,C20648
Adenine,C21798
Adenine,C21844
Adenine,C22573
adenosine,C00212
Adenosine,C00212
Allantoin,C01551
Allantoin,C02348
Allantoin,C02350
Allenolic acid,C14613
alpha-alpha-Trehalose,C01083
"alpha-D-Glucopyranose, 2-deoxy-2-(dimethylamino)",C12067
alpha-Lapachone,C10372
alpha-Pinene oxide,C02759
Apocynin,C11380
Arnebinone,C10302
Aspartame,C11045
Azelaic acid,C08261
beta-Cymaropyranose,C08234
Betaine,C00318
Betaine,C00487
Betaine,C00576
Betaine,C00719
beta-Lapachone,C10367
Biotin,C00120
Butoctamide semisuccinate,C12946
Butylbenzene,C18150
caffeate,C01197
caffeate,C01481
Caffeic acid,C01197
Caffeic acid,C01481
Caffeic acid,C10431
Camphenal,C18352
Camphorquinone,C14515
Cantharidin,C16778
Choline,C00114
Choline sulfate,C00919
cis-4-Hydroxy-D-proline,C03440
Citrinin,C16765
Clavamycin E,C17365
coenzyme Q1,C11378
coniferaldehyde,C02666
Corticosterone,C02140
Corticosterone,C05476
Crocetin,C08588
Crotonic acid betaine,C04114
Cumene,C14396
Curcumin,C10443
Cytidine,C00475
Cytosine,C00380
Cytosine,C17325
D-(+)-Camphor,C18369
D-(+)-Camphor,D00098
D-(+)-Cellobiose,C00185
D-(+)-Glucosamine,C00329
D-(+)-Glucosamine,D04334
D-(+)-Raffinose,C00492
L-Arginine,C00062
D-Arginine,C00792
L-Asparagine,C00152
D-Asparagine,C01905
L-Aspartic acid,C00049
D-Aspartic acid,C00402
Demethylsuberosin,C18083
Deoxynivalenol,C09747
L-Glutamic acid,C00025
D-Glutamic acid,C00217
Dicyclohexylamine,C14686
"Diethyl (2R,3R)-2-methyl-3-hydroxysuccinate",C04586
dihydroconiferyl alcohol,C10448
Dimethyl maleate,C00922
Dimethyl maleate,C05126
L-Leucine,C00123
D-Leucine,C01570
D-Lombricine,C01726
D-Mannosamine,C00625
D-Mannosamine,C00645
D-Mannosamine,C00686
D-Mannosamine,C01170
D-Mannosamine,C03521
D-Mannosamine,C03570
D-Mannosamine,C04257
D-Mannosamine,C04336
L-Phenylalanine,C00079
D-Phenylalanine,C02265
D-Raffinose,C00492
L-Serine,C00065
D-Serine,C00740
L-Threonine,C00188
D-Threonine,C00820
Dulcitol,C01697
L-Valine,C00183
D-Valine,C06417
Enterodiol,C18166
Esculetin,C09263
"Estradiol-3,4-quinone",C22358
Estriol,C05141
Ethylbenzene,C07111
Eucalyptol,C09844
Euparin methyl ether,C08762
Eupatoriochromene,C09006
Ferulic acid,C01494
Gallocatechin,C12127
gamma-Glutamylglutamate,C05282
gamma-Glutamylglutamate,C20948
gamma-Glutamylglutamine,C05283
Genipin,C09780
Glycitein,C14536
Guanine,C00242
Guanine,C01977
Guanosine,C00387
Hexadecanedioic acid,C19615
Hypaphorine,C09213
Hypoxanthine,C00262
Hypoxanthine,C20451
Hypoxanthine,C22574
γ-Aminobutyric acid,C00334
Inosine,C00294
inosinum,C00294
Isoferulic acid,C10470
Isoleucine,C00407
Isoleucine,C06418
Isoleucine,C16434
Isophorone,C14743
Jasmonic acid,C08491
Laurenoniolide,C09492
D-Carnitine,C15025
L-Carnitine,C00318
L-Citrulline,C00327
D-Glutamine,C00819
L-Glutamine,C00064
L-Homocitrulline,C02427
L-Methionine,C00073
D-Proline,C00763
L-Proline,C00148
D-Pyroglutamic acid,C02237
L-Pyroglutamic acid,C01879
D-Tryptophan,C00525
L-Tryptophan,C00078
L-Tyrosine,C00082
Maleic acid,C01384
Maltotetraose,C02052
Maltotriose,C01835
Mannitol,C00392
melitose,C00492
Methyl 3-hydroxybutyrate,C14861
"Methyl 5-(but-3-en-1-yl)amino-1,3,4-oxadiazole-2-carboxylate",C12245
Mevalonic acid,C00418
Mevalonic acid,C02104
Miglitol,C07708
mycophenolate,C20380
N6-Acetyl-L-lysine,C01997
N6-Acetyl-L-lysine,C02727
N6-Acetyl-L-lysine,C04149
N6-Acetyl-L-lysine,C20743
N-Acetyl-D-galactosamine,C01132
N-Acetyl-D-mannosamine,C00645
N-acetylmuramic acid 6-phosphate,C16698
N-acetylornithine,C00437
Nevirapine,C07263
N-Glycosyl-L-asparagine,C03411
Nicotianamine,C05324
Nicotinic acid,C00253
Nivalenol,C06080
O-Acetyl-L-carnitine,C02571
Obacunone,C08775
O-Phospho-L-tyrosine,C06501
Palmitoleic acid,C08362
Palmitoleic Acid,C08362
p-Coumaryl alcohol 4-O-glucoside,C05855
Penicillic acid,C16804
Penicillic acid,C19495
Phloretin,C00774
Phloroglucinol,C02183
Picein,C10720
Pipecolic acid,C00408
Piperaduncin B,C09829
poly(galactosylglycerol phosphate),C04641
Prolylglycine,C10378
Propyl gallate,C11155
Prosulfocarb,C18760
Protoanemonin,C07090
Pyrogallol,C01108
Resorcinol diglycidyl ether,C19228
Rotenalone,C10464
Sarcosine,C00213
Scoparone,C09311
Scopoletin,C01752
Sinapic acid,C00482
Stigmatellin Y,C12150
Succinic acid,C00042
Sucrose,C00089
Sulfometuron,C18895
Sumatrol,C10532
Syringic acid,C10833
Tetracenomycin A2,C12371
Tetracycline,C06570
Tetrahydrocortisone,C05470
Thymine,C00178
Toxin B1,C20018
Toxol,C08979
trans-Urocanic Acid,C00785
Trehalose 2-sulfate,C20985
Triethanolamine,C06771
Triethylenephosphoramide,C19543
Trigonelline,C01004
Trinexapac,C18541
Triptolide,C09204
Tris(2-butoxyethyl) phosphate,C14446
Tromethamine,C07182
Tutin,C09570
Umbelliferone,C09315
Uracil,C00106
Uracil,C00868
Uridine,C00299
urocanate,C00785
Vanillic acid,C06672
Veraguensin,C10892
Viloxazine,D08673
