FeatureID,Formula_CD,Potential_fragment,Formula_sirius,cd_vs_sirius,Notes_name,Sirius_structure_percentage,Final_name,Keep_formula,use_Sirius_class,Final_annotation_comment
FT_0.995_562.01218,C18 H28 Cl N O7 P2 S3,NA,NA,FALSE,,,no name,no formula,,L5
FT_1.286_373.09303,C12 H17 N4 O5 P,NA,C18 H16 O6,FALSE,na,na,na,C18 H16 O6,yes,L4.3
FT_1.363_295.08239,C14 H18 S2,NA,C13 H14 O5,FALSE,na,na,na,C13 H14 O5,yes,L4.3
FT_1.664_349.09316,C9 H16 N6 O4 S,NA,C16 H16 O6,FALSE,na,na,na,C16 H16 O6,yes,L4.3
FT_1.011_413.08803,C21 H18 O9,NA,C21 H18 O9,TRUE,na,na,na,C21 H18 O9,yes,L4.1
FT_1.031_493.18711,C28 H30 O8,NA,C28 H30 O8,TRUE,na,na,na,C28 H30 O8,yes,L4.1
FT_1.048_439.10385,C25 H20 N4 S2,NA,NA,FALSE,,,no name,C25 H20 N4 S2,,L4.3
FT_1.075_491.20777,C22 H32 N6 O5 S,NA,C29 H32 O7,FALSE,na,na,na,C29 H32 O7,yes,L4.3
FT_1.077_369.06179,C20 H10 N4 O4,NA,C19 H14 O8,FALSE,na,na,na,C19 H14 O8,yes,L4.3
FT_1.076_683.21263,C38 H36 O12,NA,C34 H40 N2 O9 S2,FALSE,na,na,na,na,na,delete
FT_1.077_441.15573,C25 H22 N4 O4,NA,C24 H26 O8,FALSE,na,na,na,C24 H26 O8,yes,L4.3
FT_1.081_643.25445,C37 H40 O10,NA,C36 H40 N2 O9,FALSE,na,na,na,C36 H40 N2 O9,yes,L4.3
FT_1.079_559.23376,C33 H36 O8,NA,NA,FALSE,,,no name,C33 H36 O8,,L4.3
FT_1.081_563.26479,C33 H40 O8,NA,NA,FALSE,,,no name,C33 H40 O8,,L4.3
FT_1.082_643.21822,C30 H37 N4 O10 P,NA,C36 H36 O11,FALSE,na,na,na,C36 H36 O11,yes,L4.3
FT_1.087_511.12488,C15 H30 N8 O4 P2 S2,NA,C26 H24 O11,FALSE,na,na,na,C26 H24 O11,yes,L4.3
FT_1.084_545.21901,C32 H34 O8,NA,C32 H34 O8,TRUE,na,na,na,C32 H34 O8,yes,L4.1
FT_1.084_613.24386,C29 H43 O12 P,NA,NA,FALSE,,,no name,C29 H43 O12 P,,L4.3
FT_1.085_503.20768,C34 H34 P2,NA,NA,FALSE,,,no name,C34 H34 P2,,L4.3
FT_1.086_611.19164,C29 H43 O6 P3 S,NA,C35 H32 O10,FALSE,na,na,na,na,na,delete
FT_1.087_585.21275,C35 H30 N4 O5,NA,C34 H34 O9,FALSE,na,na,na,C34 H34 O9,yes,L4.3
FT_1.087_665.23867,C32 H43 O13 P,NA,C32 H42 O15,FALSE,na,na,na,C32 H42 O15,yes,L4.3
FT_1.087_629.27465,C37 H42 O9,NA,C37 H42 O9,TRUE,na,na,na,na,na,delete
FT_1.093_727.20194,C32 H41 O17 P,NA,C39 H36 O14,FALSE,na,na,na,C39 H36 O14,yes,L4.3
FT_1.088_445.09327,C29 H20 O P2,NA,NA,FALSE,,,no name,C29 H20 O P2,,L4.3
FT_1.088_629.20191,C41 H31 N2 O3 P,NA,NA,FALSE,,,,,,delete
FT_1.089_395.11395,C22 H20 O7,NA,C22 H20 O7,TRUE,na,na,na,C22 H20 O7,yes,L4.1
FT_1.089_543.20250,C32 H32 O8,NA,C32 H32 O8,TRUE,na,na,na,C32 H32 O8,yes,L4.1
FT_1.092_517.22371,C20 H40 N8 P2 S2,NA,NA,FALSE,,,no name,C20 H40 N8 P2 S2,,L4.3
FT_1.092_537.17725,C29 H30 O10,NA,C22 H34 O15,TRUE,na,na,na,C22 H34 O15,yes,L4.1
FT_1.094_439.17657,C19 H29 N4 O6 P,NA,C25 H28 O7,FALSE,na,na,na,C25 H28 O7,yes,L4.3
FT_1.100_455.17151,C26 H24 N4 O4,NA,C25 H28 O8,FALSE,na,na,na,C25 H28 O8,yes,L4.3
FT_1.094_479.20668,C28 H32 O7,NA,C28 H32 O7,TRUE,na,na,na,C28 H32 O7,yes,L4.1
FT_1.094_531.23896,C15 H37 N10 O9 P,NA,NA,FALSE,,,no name,C15 H37 N10 O9 P,,L4.3
FT_1.096_455.17156,C24 H26 O6,NA,C24 H26 O6,TRUE,na,na,na,C24 H26 O6,yes,L4.1
FT_1.096_497.21822,C27 H32 O6,NA,C27 H32 O6,TRUE,na,na,na,C27 H32 O6,yes,L4.1
FT_1.097_497.21815,C28 H34 O8,NA,C28 H34 O8,TRUE,na,na,na,C28 H34 O8,yes,L4.1
FT_1.098_313.14510,C19 H22 O4,NA,C19 H22 O4,TRUE,na,na,na,C19 H22 O4,yes,L4.1
FT_1.098_467.17215,C28 H20 N8,NA,NA,FALSE,,,no name,C28 H20 N8,,L4.3
FT_1.098_505.15079,C21 H20 N10 O S,NA,C22 H24 N2 O9,FALSE,na,na,na,na,na,delete
FT_1.099_327.12382,C19 H20 O5,NA,C19 H20 O5,TRUE,na,na,na,C19 H20 O5,yes,L4.1
FT_1.099_359.15054,C13 H24 N6 O4 S,NA,C20 H24 O6,FALSE,na,na,na,na,na,delete
FT_1.099_367.15552,C22 H24 O5,NA,C22 H24 O5,TRUE,na,na,na,na,na,delete
FT_1.099_435.18170,C26 H28 O6,NA,C26 H28 O6,TRUE,na,na,na,na,na,delete
FT_1.099_481.18695,C27 H30 O8,NA,C27 H30 O8,TRUE,na,na,na,C27 H30 O8,yes,L4.1
FT_1.099_533.21869,C24 H39 O11 P,NA,NA,FALSE,,,,,,delete
FT_1.099_539.19199,C23 H28 N10 O4 S,NA,C29 H32 O10,FALSE,na,na,na,na,na,delete
FT_1.100_493.18732,C22 H26 N10 O2 S,NA,C28 H30 O8,FALSE,na,na,na,C28 H30 O8,yes,L4.3
FT_1.101_369.20763,C16 H30 N6 O2 S,NA,C23 H30 O4,FALSE,na,na,na,C23 H30 O4,yes,L4.3
FT_1.100_531.20290,C15 H39 N10 O3 P3 S,NA,NA,FALSE,,,,,,delete
FT_1.102_683.24815,C35 H46 N2 O6 P2 S,NA,C34 H40 N2 O13,FALSE,na,na,na,C34 H40 N2 O13,yes,L4.3
FT_1.102_347.15021,C19 H24 O6,NA,C19 H24 O6,TRUE,na,na,na,C19 H24 O6,yes,L4.1
FT_1.102_371.07739,C19 H16 O8,NA,C19 H16 O8,TRUE,na,na,na,C19 H16 O8,yes,L4.1
FT_1.103_505.15096,C29 H22 N4 O5,NA,C28 H26 O9,FALSE,na,na,na,C28 H26 O9,yes,L4.3
FT_1.103_343.15545,C20 H24 O5,NA,C20 H24 O5,TRUE,na,na,na,C20 H24 O5,yes,L4.1
FT_1.104_449.16089,C19 H26 N6 O5 S,NA,C26 H26 O7,FALSE,na,na,na,C26 H26 O7,yes,L4.3
FT_1.104_697.22811,C32 H43 O15 P,NA,C39 H38 O12,FALSE,na,na,na,C39 H38 O12,yes,L4.3
FT_1.105_395.07803,C15 H27 O4 P3 S,NA,C21 H16 O8,FALSE,na,na,na,C21 H16 O8,yes,L4.3
FT_1.105_325.07196,C18 H14 O6,NA,C18 H14 O6,TRUE,na,na,na,na,na,delete
FT_1.105_695.21167,C30 H39 N10 O2 P3 S,NA,C39 H36 O12,FALSE,na,na,na,C39 H36 O12,yes,L4.3
FT_1.105_437.16079,C25 H26 O7,NA,C25 H26 O7,TRUE,na,na,na,C25 H26 O7,yes,L4.1
FT_1.106_423.18185,C19 H37 O4 P S2,NA,C25 H28 O6,FALSE,na,na,na,C25 H28 O6,yes,L4.3
FT_1.106_397.09359,C13 H24 N2 O8 P2,NA,C21 H18 O8,FALSE,na,na,na,na,na,delete
FT_1.107_629.23731,C32 H44 N2 O5 P2 S,NA,C36 H38 O10,FALSE,na,na,na,C36 H38 O10,yes,L4.3
FT_1.106_469.18738,C27 H34 O3 S2,NA,C26 H30 O8,FALSE,na,na,na,na,na,delete
FT_1.110_447.14570,C20 H25 N4 O6 P,NA,C26 H24 O7,FALSE,na,na,na,C26 H24 O7,yes,L4.3
FT_1.112_449.12469,C18 H31 O2 P3 S,NA,C24 H20 O6,FALSE,na,na,na,C24 H20 O6,yes,L4.3
FT_1.111_337.10853,C20 H18 O5,NA,C20 H18 O5,TRUE,"formula match, name sirius",83.57,"(E)-1-(5,7-dihydroxy-2,2-dimethylchromen-6-yl)-3-(4-hydroxyphenyl)prop-2-en-1-one",C20 H18 O5,na,L3.3
FT_1.116_381.09801,C15 H29 O3 P3 S,NA,C21 H18 O7,FALSE,na,na,na,C21 H18 O7,yes,L4.3
FT_1.113_421.09313,C23 H18 O8,NA,C23 H18 O8,TRUE,na,na,na,C23 H18 O8,yes,L4.1
FT_1.115_339.12404,C20 H20 O5,NA,C20 H20 O5,TRUE,na,na,na,C20 H20 O5,yes,L4.1
FT_1.118_397.09370,C14 H12 N10 S,NA,C20 H16 O6,FALSE,na,na,na,C20 H16 O6,yes,L4.3
FT_1.116_473.28266,C28 H43 O4 P,NA,C28 H43 O4 P,TRUE,na,na,na,C28 H43 O4 P,yes,L4.1
FT_1.116_641.23871,C34 H30 N10 O4,NA,C37 H38 O10,FALSE,na,na,na,na,na,delete
FT_1.117_357.13453,C20 H22 O6,NA,C20 H22 O6,TRUE,na,na,na,C20 H22 O6,yes,L4.1
FT_1.118_341.13963,C20 H22 O5,NA,C20 H22 O5,TRUE,na,na,na,C20 H22 O5,yes,L4.1
FT_1.121_297.11318,C11 H18 N6 O2 S,NA,C18 H18 O4,FALSE,na,na,na,C18 H18 O4,yes,L4.3
FT_1.118_543.23980,C20 H37 N10 O4 P S,NA,C33 H36 O7,FALSE,na,na,na,na,na,delete
FT_1.119_409.12982,C18 H19 N8 O2 P,NA,C23 H22 O7,FALSE,sirius name,86.16,Rotenalone,C23 H22 O7,na,L3.3
FT_1.125_451.14034,C22 H16 N10 O2,NA,C25 H24 O8,FALSE,na,na,na,C25 H24 O8,yes,L4.3
FT_1.123_379.08282,C15 H27 O3 P3 S,NA,C21 H16 O7,FALSE,na,na,na,na,na,delete
FT_1.123_467.20881,C21 H28 N10 O S,NA,C27 H32 O7,FALSE,na,na,na,na,na,delete
FT_1.124_343.11885,C19 H20 O6,NA,C19 H20 O6,TRUE,na,na,na,C19 H20 O6,yes,L4.1
FT_1.124_357.06182,C18 H8 N4 O2,fragment,C17 H12 O6,FALSE,,,,,,delete
FT_1.125_293.06668,C9 H19 N4 O P S2,NA,NA,FALSE,,,no name,C9 H19 N4 O P S2,,L4.3
FT_1.125_343.08237,C17 H14 O5,NA,C17 H14 O5,TRUE,na,na,na,C17 H14 O5,yes,L4.1
FT_1.125_357.06183,C18 H14 O8,NA,C18 H14 O8,TRUE,na,na,na,C18 H14 O8,yes,L4.1
FT_1.125_395.18595,C16 H34 N2 O5 P2,NA,C24 H28 O5,FALSE,na,na,na,na,na,delete
FT_1.126_509.14589,C21 H22 N10 O4 S,NA,C27 H26 O10,FALSE,na,na,na,C27 H26 O10,yes,L4.3
FT_1.127_479.13510,C27 H28 O4 S2,NA,C27 H20 N4 O5,FALSE,na,na,na,C27 H20 N4 O5,yes,L4.3
FT_1.127_433.12990,C25 H22 O7,NA,C25 H22 O7,TRUE,na,na,na,C25 H22 O7,yes,L4.1
FT_1.128_511.16121,C21 H24 N10 O4 S,NA,C27 H28 O10,FALSE,na,na,na,C27 H28 O10,yes,L4.3
FT_1.127_495.13019,C20 H35 O6 P3 S,NA,C26 H24 O10,FALSE,na,na,na,na,na,delete
FT_1.139_465.11984,C21 H28 N2 O4 P2 S,NA,C18 H26 O14,FALSE,na,na,na,C18 H26 O14,yes,L4.3
FT_1.129_383.18653,C23 H28 O5,NA,C23 H28 O5,TRUE,na,na,na,C23 H28 O5,yes,L4.1
FT_1.129_403.19169,C26 H28 O4,NA,C26 H28 O4,TRUE,na,na,na,na,na,delete
FT_1.129_411.10883,C22 H20 O8,NA,C22 H20 O8,TRUE,na,na,na,C22 H20 O8,yes,L4.1
FT_1.129_483.20261,C27 H32 O8,NA,C27 H32 O8,TRUE,na,na,na,C27 H32 O8,yes,L4.1
FT_1.129_537.21319,C36 H31 N2 O P,NA,NA,FALSE,,,,,,delete
FT_1.130_385.20231,C23 H30 O5,NA,C23 H30 O5,TRUE,na,na,na,C23 H30 O5,yes,L4.1
FT_1.131_217.05048,C12 H10 O4,NA,C12 H10 O4,TRUE,"formula match, name sirius",86.94,8-acetyl-7-hydroxy-4-methyl-chromen-2-one,C12 H10 O4,na,L3.3
FT_1.131_301.07202,C15 H12 O4,NA,C15 H12 O4,TRUE,na,na,na,C15 H12 O4,yes,L4.1
FT_1.134_409.09317,C22 H18 O8,NA,C22 H18 O8,TRUE,na,na,na,na,na,delete
FT_1.137_481.15080,C26 H26 O9,NA,C26 H26 O9,TRUE,na,na,na,C26 H26 O9,yes,L4.1
FT_1.139_397.20223,C24 H30 O5,NA,C24 H30 O5,TRUE,na,na,na,na,na,delete
FT_1.139_407.11429,C15 H26 N2 O7 P2,NA,C19 H24 N2 O4 S2,FALSE,na,na,na,na,na,delete
FT_1.143_629.20263,C39 H36 O4 P2,NA,C35 H34 O11,FALSE,na,na,na,C35 H34 O11,yes,L4.3
FT_1.139_511.12475,C26 H24 O11,NA,C26 H24 O11,TRUE,na,na,na,C26 H24 O11,yes,L4.1
FT_1.139_525.21340,C33 H36 O2 P2,NA,NA,FALSE,,,,,,delete
FT_1.140_353.10357,NA,NA,NA,TRUE,,,,,,delete
FT_1.140_379.11936,C23 H16 N4 O2,NA,C22 H20 O6,FALSE,na,na,na,na,na,delete
FT_1.140_531.29655,C26 H34 N10,NA,NA,FALSE,,,,,,delete
FT_1.141_331.11923,NA,NA,NA,TRUE,,,,,,delete
FT_1.141_331.11944,C18 H20 O6,NA,C18 H20 O6,TRUE,na,na,na,na,na,delete
FT_1.145_423.10924,C15 H26 N2 O8 P2,NA,C23 H20 O8,FALSE,na,na,na,C23 H20 O8,yes,L4.3
FT_1.144_285.07711,NA,NA,NA,TRUE,,,no name,no formula,,L5
FT_1.145_363.21795,C20 H30 O3,NA,C20 H30 O3,TRUE,na,na,na,C20 H30 O3,yes,L4.1
FT_1.150_429.15590,C16 H34 N2 O5 S3,NA,C23 H26 O8,FALSE,na,na,na,C23 H26 O8,yes,L4.3
FT_1.146_249.07678,C13 H14 O5,NA,C13 H14 O5,TRUE,na,na,na,C13 H14 O5,yes,L4.1
FT_1.146_261.07686,C14 H14 O5,NA,C14 H14 O5,TRUE,na,na,na,C14 H14 O5,yes,L4.1
FT_1.146_261.07689,C13 H12 O3,NA,C13 H12 O3,TRUE,na,na,na,na,na,delete
FT_1.147_425.12444,C23 H22 O8,NA,C23 H22 O8,TRUE,na,na,na,na,na,delete
FT_1.147_467.24337,C22 H37 N4 O5 P,NA,C28 H36 O6,FALSE,na,na,na,na,na,delete
FT_1.147_517.31708,C24 H47 N4 O6 P,NA,NA,FALSE,,,no name,C24 H47 N4 O6 P,,L4.3
FT_1.148_261.11318,C15 H18 O4,NA,C15 H18 O4,TRUE,na,na,na,C15 H18 O4,yes,L4.1
FT_1.148_393.09832,C12 H29 O8 P3,NA,NA,FALSE,,,no name,C12 H29 O8 P3,,L4.3
FT_1.148_579.25921,C20 H46 N4 O11 P2,NA,NA,FALSE,,,,,,delete
FT_1.149_643.25459,C38 H36 N4 O6,NA,NA,FALSE,,,no name,C38 H36 N4 O6,,L4.3
FT_1.149_645.23318,C29 H43 O14 P,NA,NA,FALSE,,,,,,delete
FT_1.150_465.11990,C19 H17 N8 O2 P,NA,C24 H20 O7,FALSE,na,na,na,C24 H20 O7,yes,L4.3
FT_1.150_457.15088,C17 H26 N6 O7 S,NA,NA,FALSE,,,,,,delete
FT_1.151_497.18144,C28 H26 N4 O5,NA,C27 H30 O9,FALSE,na,na,na,C27 H30 O9,yes,L4.3
FT_1.150_469.26039,C28 H38 O6,NA,C28 H38 O6,TRUE,na,na,na,na,na,delete
FT_1.152_353.06668,C13 H23 O5 P S2,NA,C19 H14 O7,FALSE,na,na,na,C19 H14 O7,yes,L4.3
FT_1.160_467.17136,C27 H24 N4 O4,NA,C23 H32 O8 S,FALSE,na,na,na,C23 H32 O8 S,yes,L4.3
FT_1.152_525.14092,C21 H35 O9 P S2,NA,C27 H26 O11,FALSE,na,na,na,na,na,delete
FT_1.153_269.21232,C16 H30 O3,NA,C16 H30 O3,TRUE,na,na,na,na,na,delete
FT_1.154_291.08759,C14 H14 O4,NA,C14 H14 O4,TRUE,na,na,na,C14 H14 O4,yes,L4.1
FT_1.156_231.06640,C6 H12 N6 O2 S,NA,NA,FALSE,,,,,,delete
FT_1.157_341.26983,C20 H38 O4,NA,C20 H38 O4,TRUE,na,na,na,C20 H38 O4,yes,L4.1
FT_1.159_355.11916,C20 H20 O6,NA,C20 H20 O6,TRUE,na,na,na,na,na,delete
FT_1.162_333.09826,C11 H19 N4 O6 P,NA,C17 H18 O7,FALSE,na,na,na,C17 H18 O7,yes,L4.3
FT_1.163_441.15573,C19 H23 N8 O3 P,NA,C24 H26 O8,FALSE,na,na,na,C24 H26 O8,yes,L4.3
FT_1.162_399.21799,C24 H32 O5,NA,C24 H32 O5,TRUE,na,na,na,na,na,delete
FT_1.162_437.12470,C11 H23 N10 O5 P S,NA,C24 H22 O8,FALSE,na,na,na,na,na,delete
FT_1.162_513.17657,C22 H35 N4 O4 P S2,NA,C28 H26 N4 O6,FALSE,na,na,na,na,na,delete
FT_1.163_397.12967,C16 H23 N4 O6 P,NA,C22 H22 O7,FALSE,na,na,na,na,na,delete
FT_1.164_299.09255,C11 H17 N4 O4 P,NA,C17 H16 O5,FALSE,na,na,na,C17 H16 O5,yes,L4.3
FT_1.164_371.22326,C23 H32 O4,NA,C18 H32 N2 O6,FALSE,na,na,na,C18 H32 N2 O6,yes,L4.3
FT_1.165_317.13977,C11 H22 N6 O3 S,NA,C18 H22 O5,FALSE,na,na,na,C18 H22 O5,yes,L4.3
FT_1.164_427.17685,C24 H28 O7,NA,C24 H28 O7,TRUE,na,na,na,C24 H28 O7,yes,L4.1
FT_1.168_315.12420,C11 H20 N6 O3 S,NA,C18 H20 O5,FALSE,na,na,na,C18 H20 O5,yes,L4.3
FT_1.166_263.09265,C13 H14 O3,NA,C13 H14 O3,TRUE,na,na,na,C13 H14 O3,yes,L4.1
FT_1.166_453.19186,C20 H26 N10 O S,NA,C26 H30 O7,FALSE,na,na,na,na,na,delete
FT_1.167_191.07140,C11 H12 O3,NA,C11 H12 O3,TRUE,na,na,na,C11 H12 O3,yes,L4.1
FT_1.167_565.28080,C30 H34 N10 O2,NA,NA,FALSE,,,no name,C30 H34 N10 O2,,L4.3
FT_1.168_313.10804,C18 H18 O5,NA,C18 H18 O5,TRUE,na,na,na,C18 H18 O5,yes,L4.1
FT_1.183_481.11480,C17 H28 N2 O10 P2,NA,C25 H22 O10,FALSE,na,na,na,C25 H22 O10,yes,L4.3
FT_1.168_379.15547,C17 H25 N4 O4 P,NA,C23 H24 O5,FALSE,na,na,na,na,na,delete
FT_1.170_365.17596,C23 H26 O4,NA,C23 H26 O4,TRUE,na,na,na,na,na,delete
FT_1.170_485.18187,C30 H32 O2 P2,NA,NA,FALSE,,,no name,C30 H32 O2 P2,,L4.3
FT_1.171_191.03499,C10 H8 O4,NA,C10 H8 O4,TRUE,na,na,na,C10 H8 O4,yes,L4.1
FT_1.172_319.08264,C15 H14 O5,NA,C15 H14 O5,TRUE,na,na,na,na,na,delete
FT_1.173_373.09320,C18 H16 O6,NA,C18 H16 O6,TRUE,na,na,na,C18 H16 O6,yes,L4.1
FT_1.175_177.05571,C10 H10 O3,NA,C10 H10 O3,TRUE,na,na,na,C10 H10 O3,yes,L4.1
FT_1.175_333.13446,C17 H20 O4,NA,C17 H20 O4,TRUE,na,na,na,na,na,delete
FT_1.175_409.09315,C22 H18 O8,NA,C22 H18 O8,TRUE,na,na,na,C22 H18 O8,yes,L4.1
FT_1.176_235.09722,C13 H16 O4,NA,C13 H16 O4,TRUE,na,na,na,C13 H16 O4,yes,L4.1
FT_1.176_373.09315,C19 H18 O8,NA,C19 H18 O8,TRUE,na,na,na,C19 H18 O8,yes,L4.1
FT_1.176_413.16107,C23 H26 O7,NA,C23 H26 O7,TRUE,na,na,na,C23 H26 O7,yes,L4.1
FT_1.177_221.04552,C10 H8 O3,NA,C10 H8 O3,TRUE,na,na,na,C10 H8 O3,yes,L4.1
FT_1.177_445.22334,C21 H40 N2 O2 P2 S,NA,NA,FALSE,,,,,,delete
FT_1.179_247.06132,C13 H12 O5,NA,C13 H12 O5,TRUE,na,na,na,C13 H12 O5,yes,L4.1
FT_1.179_299.22279,NA,NA,NA,TRUE,,,no name,no formula,,L5
FT_1.179_467.09887,C17 H30 N2 O5 P2 S2,NA,C17 H30 N2 O5 P2 S2,TRUE,na,na,na,C17 H30 N2 O5 P2 S2,yes,L4.1
FT_1.179_483.23882,C28 H36 O7,NA,C21 H41 O10 P,FALSE,na,na,na,na,na,delete
FT_1.179_643.21823,C41 H34 N4 P2,NA,NA,FALSE,,,no name,C41 H34 N4 P2,,L4.3
FT_1.180_431.17171,NA,NA,NA,TRUE,,,,,,delete
FT_1.186_411.18163,C18 H29 N4 O5 P,NA,C24 H28 O6,FALSE,na,na,na,C24 H28 O6,yes,L4.3
FT_1.197_483.20258,C28 H28 N4 O4,NA,C27 H32 O8,FALSE,na,na,na,C27 H32 O8,yes,L4.3
FT_1.184_411.10883,C17 H17 N8 O3 P,NA,C22 H20 O8,FALSE,"keep sirius structure, coconut",86.36,"6-acetyl-13-hydroxy-16,17-dimethoxy-2,7,20-trioxapentacyclo[11.8.0.0^{3,11}.0^{4,8}.0^{14,19}]henicosa-3,8,10,14(19),15,17-hexaen-12-one",C22 H20 O8,yes,L3.3
FT_1.185_365.16093,C20 H30 O2 S2,NA,C17 H26 N4 O3 S,FALSE,na,na,na,na,na,delete
FT_1.197_497.14584,C23 H18 N10 O4,NA,C26 H26 O10,FALSE,na,na,na,C26 H26 O10,yes,L4.3
FT_1.186_415.21304,C18 H33 N4 O5 P,NA,NA,FALSE,,,,,,delete
FT_1.186_415.21306,C17 H31 N4 O3 P,NA,NA,FALSE,,,no name,C17 H31 N4 O3 P,,L4.3
FT_1.186_421.20261,C26 H30 O5,NA,C26 H30 O5,TRUE,na,na,na,C26 H30 O5,yes,L4.1
FT_1.187_259.06157,C9 H9 N8 P,NA,NA,FALSE,,,no name,C9 H9 N8 P,,L4.3
FT_1.190_467.20730,C27 H32 O7,NA,C27 H32 O7,TRUE,na,na,na,C27 H32 O7,yes,L4.1
FT_1.191_313.23881,C18 H34 O4,NA,NA,FALSE,,,,,,delete
FT_1.191_695.28492,C38 H51 O6 P3,NA,NA,FALSE,,,no name,C38 H51 O6 P3,,L4.3
FT_1.193_317.17604,C12 H26 N6 O2 S,NA,C19 H26 O4,FALSE,na,na,na,na,na,delete
FT_1.195_279.08749,C14 H16 O6,NA,C14 H16 O6,TRUE,na,na,na,C14 H16 O6,yes,L4.1
FT_1.195_315.08770,C17 H16 O6,NA,C17 H16 O6,TRUE,na,na,na,na,na,delete
FT_1.196_495.13013,C27 H28 O5 S2,NA,C26 H24 O10,FALSE,na,na,na,na,na,delete
FT_1.197_209.15452,C13 H22 O2,NA,C13 H22 O2,TRUE,na,na,na,C13 H22 O2,yes,L4.1
FT_1.197_359.07734,C18 H16 O8,NA,C18 H16 O8,TRUE,na,na,na,C18 H16 O8,yes,L4.1
FT_1.197_409.16583,C24 H26 O6,NA,C24 H26 O6,TRUE,na,na,na,C24 H26 O6,yes,L4.1
FT_1.207_367.15525,C16 H25 N4 O4 P,NA,C19 H28 O5 S,FALSE,na,na,na,C19 H28 O5 S,yes,L4.3
FT_1.211_395.11430,C23 H24 O2 S2,NA,C18 H24 N2 O4 S2,FALSE,na,na,na,C18 H24 N2 O4 S2,yes,L4.3
FT_1.198_253.14456,C14 H22 O4,NA,C14 H22 O4,TRUE,na,na,na,C14 H22 O4,yes,L4.1
FT_1.199_379.14010,C20 H20 N4 O4,NA,C19 H24 O8,FALSE,na,na,na,na,na,delete
FT_1.200_453.11974,C18 H33 O5 P3 S,NA,C17 H26 O14,FALSE,na,na,na,na,na,delete
FT_1.201_361.16591,C20 H26 O6,NA,C20 H26 O6,TRUE,na,na,na,C20 H26 O6,yes,L4.1
FT_1.203_465.11912,C25 H22 O9,NA,C25 H22 O9,TRUE,na,na,na,na,na,delete
FT_1.204_305.10312,C16 H12 N4,NA,NA,FALSE,,,,,,delete
FT_1.205_453.15539,C19 H22 N10 O2 S,NA,C25 H26 O8,FALSE,na,na,na,na,na,delete
FT_1.206_263.05615,C13 H12 O6,NA,C13 H12 O6,TRUE,na,na,na,C13 H12 O6,yes,L4.1
FT_1.206_431.20775,C11 H35 N10 O2 P3,NA,NA,FALSE,,,,,,delete
FT_1.206_485.14600,C17 H32 N2 O10 P2,NA,C25 H26 O10,FALSE,na,na,na,na,na,delete
FT_1.216_265.07182,C14 H18 O S2,NA,C13 H14 O6,FALSE,na,na,na,C13 H14 O6,yes,L4.3
FT_1.211_341.13957,C20 H22 O5,NA,C20 H22 O5,TRUE,na,na,na,na,na,delete
FT_1.227_379.11892,C23 H16 N4 O2,NA,C22 H20 O6,FALSE,na,na,na,C22 H20 O6,yes,L4.3
FT_1.213_265.07180,C12 H12 O4,NA,C12 H12 O4,TRUE,na,na,na,C12 H12 O4,yes,L4.1
FT_1.213_305.10306,C16 H18 O6,NA,NA,FALSE,,,,,,delete
FT_1.213_397.09420,C22 H14 N4 O4,NA,C21 H18 O8,FALSE,na,na,na,na,na,delete
FT_1.215_711.28043,C38 H36 N10 O5,NA,NA,FALSE,,,no name,C38 H36 N10 O5,,L4.3
FT_1.230_411.07272,C15 H27 O5 P3 S,NA,C19 H16 N4 O5 S,FALSE,na,na,na,C19 H16 N4 O5 S,yes,L4.3
FT_1.219_287.22285,C16 H32 O4,NA,C16 H32 O4,TRUE,na,na,na,C16 H32 O4,yes,L4.1
FT_1.219_343.15547,C11 H26 N2 O5 S,NA,C16 H26 O3 S,FALSE,na,na,na,na,na,delete
FT_1.221_343.15548,C20 H24 O5,NA,C20 H24 O5,TRUE,na,na,na,na,na,delete
FT_1.222_277.07169,C14 H14 O6,NA,C14 H14 O6,TRUE,na,na,na,na,na,delete
FT_1.223_327.16036,C20 H24 O4,NA,C20 H24 O4,TRUE,na,na,na,C20 H24 O4,yes,L4.1
FT_1.223_401.12465,C13 H28 N2 O8 P2,NA,NA,FALSE,,,no name,C13 H28 N2 O8 P2,,L4.3
FT_1.223_467.28041,C29 H40 O5,NA,C29 H40 O5,TRUE,na,na,na,C29 H40 O5,yes,L4.1
FT_1.223_509.18151,C32 H32 O2 P2,NA,NA,FALSE,,,,,,delete
FT_1.225_339.12397,C13 H20 N6 O3 S,NA,C20 H20 O5,FALSE,keep sirius structure,88.15,6-Prenylnaringenin,C20 H20 O5,na,L3.3
FT_1.225_417.22834,C24 H34 O6,NA,NA,FALSE,,,,,,delete
FT_1.235_325.14473,C14 H23 N4 O3 P,NA,C20 H22 O4,FALSE,na,na,na,C20 H22 O4,yes,L4.3
FT_1.230_387.07246,C20 H12 N4 O5,NA,C19 H16 O9,FALSE,keep sirius structure,88.14,9'-Methylprotocetraric acid,C19 H16 O9,na,L3.3
FT_1.236_403.10379,C15 H25 N4 O3 P S2,NA,C20 H20 O9,FALSE,na,na,na,C20 H20 O9,yes,L4.3
FT_1.233_333.13454,C12 H23 N4 O5 P,NA,C18 H22 O6,FALSE,na,na,na,na,na,delete
FT_1.233_413.23389,C25 H34 O5,NA,C25 H34 O5,TRUE,na,na,na,C25 H34 O5,yes,L4.1
FT_1.233_525.21344,C22 H34 N6 O7 S,NA,NA,FALSE,,,no name,C22 H34 N6 O7 S,,L4.3
FT_1.240_495.16651,C19 H34 N2 O9 P2,NA,C27 H28 O9,FALSE,na,na,na,C27 H28 O9,yes,L4.3
FT_1.250_339.19997,C19 H32 O3 S,NA,C15 H32 O8,FALSE,na,na,na,C15 H32 O8,yes,L4.3
FT_1.237_249.11303,C14 H18 O4,NA,C14 H18 O4,TRUE,na,na,na,C14 H18 O4,yes,L4.1
FT_1.238_429.11936,C22 H22 O9,NA,C22 H22 O9,TRUE,na,na,na,C22 H22 O9,yes,L4.1
FT_1.254_409.12952,C18 H19 N8 O2 P,NA,C23 H22 O7,FALSE,na,na,na,C23 H22 O7,yes,L4.3
FT_1.241_195.02996,C9 H8 O5,NA,C9 H8 O5,TRUE,na,na,na,na,na,delete
FT_1.242_451.17735,C26 H28 O7,NA,C26 H28 O7,TRUE,na,na,na,na,na,delete
FT_1.242_497.18200,C27 H30 O9,NA,C27 H30 O9,TRUE,na,na,na,C27 H30 O9,yes,L4.1
FT_1.244_275.05607,C15 H16 O S2,NA,NA,FALSE,,,no name,C15 H16 O S2,,L4.3
FT_1.244_421.12991,C9 H28 N8 O5 P2 S,NA,C24 H22 O7,FALSE,na,na,na,na,na,delete
FT_1.245_261.11298,C15 H18 O4,NA,C15 H18 O4,TRUE,na,na,na,C15 H18 O4,yes,L4.1
FT_1.246_319.15525,C18 H24 O5,NA,C18 H24 O5,TRUE,na,na,na,C18 H24 O5,yes,L4.1
FT_1.246_357.26494,C20 H38 O5,NA,C20 H38 O5,TRUE,na,na,na,C20 H38 O5,yes,L4.1
FT_1.246_405.19212,C17 H31 Cl N4 O5,NA,C22 H30 O7,FALSE,na,na,na,na,na,delete
FT_1.248_291.08763,C15 H16 O6,NA,C15 H16 O6,TRUE,na,na,na,na,na,delete
FT_1.250_233.04553,C12 H10 O5,NA,C12 H10 O5,TRUE,"formula match, name sirius",82.13,Hexaketide pyrone,C12 H10 O5,na,L3.3
FT_1.267_399.21817,C18 H33 N4 O4 P,NA,C24 H32 O5,FALSE,na,na,na,C24 H32 O5,yes,L4.3
FT_1.250_479.20820,C22 H28 N10 O S,NA,C28 H32 O7,FALSE,na,na,na,na,na,delete
FT_1.251_479.13546,C20 H20 N10 O3 S,NA,C26 H24 O9,FALSE,na,na,na,na,na,delete
FT_1.251_511.16109,C20 H33 O13 P,NA,NA,FALSE,,,,,,delete
FT_1.253_251.09247,C13 H16 O5,NA,C13 H16 O5,TRUE,na,na,na,C13 H16 O5,yes,L4.1
FT_1.268_397.20232,C18 H31 N4 O4 P,NA,C21 H34 O5 S,FALSE,na,na,na,C21 H34 O5 S,yes,L4.3
FT_1.254_419.20809,NA,NA,NA,TRUE,,,,,,delete
FT_1.254_437.16094,C25 H26 O7,NA,C25 H26 O7,TRUE,na,na,na,na,na,delete
FT_1.254_489.13999,NA,NA,NA,TRUE,,,,,,delete
FT_1.255_513.17666,C22 H27 N8 O5 P,NA,C27 H30 O10,FALSE,na,na,na,na,na,delete
FT_1.257_491.19164,C22 H39 O6 P3,NA,NA,FALSE,"formula in red, don't trust",,no name,no formula,,L5
FT_1.261_467.17135,C26 H28 O8,NA,C26 H28 O8,TRUE,na,na,na,C26 H28 O8,yes,L4.1
FT_1.262_351.21797,C13 H32 N6 O3 S,NA,C20 H32 O5,FALSE,na,na,na,na,na,delete
FT_1.264_413.16172,C16 H26 N6 O5 S,NA,C23 H26 O7,FALSE,na,na,na,na,na,delete
FT_1.264_481.15056,C26 H26 O9,NA,C26 H26 O9,TRUE,na,na,na,na,na,delete
FT_1.264_481.15057,C25 H24 O7,NA,C25 H24 O7,TRUE,na,na,na,C25 H24 O7,YES,L4.1
FT_1.264_493.18725,C28 H30 O8,NA,NA,FALSE,,,no name,C28 H30 O8,,L4.3
FT_1.276_497.14575,C20 H37 O6 P3 S,NA,C26 H26 O10,FALSE,na,na,na,C26 H26 O10,yes,L4.3
FT_1.267_427.14013,C23 H24 O8,NA,C23 H24 O8,TRUE,na,na,na,C23 H24 O8,YES,L4.1
FT_1.268_321.09818,C16 H18 O7,NA,C16 H18 O7,TRUE,na,na,na,na,na,delete
FT_1.285_379.11892,C23 H16 N4 O2,NA,C22 H20 O6,FALSE,na,na,na,C22 H20 O6,yes,L4.3
FT_1.271_525.17657,C28 H30 O10,NA,C28 H30 O10,TRUE,na,na,na,C28 H30 O10,YES,L4.1
FT_1.271_525.24919,C30 H38 O8,NA,C30 H38 O8,TRUE,na,na,na,C30 H38 O8,YES,L4.1
FT_1.271_531.18693,C19 H38 N2 O11 P2,NA,NA,FALSE,,,no name,C19 H38 N2 O11 P2,,L4.3
FT_1.273_347.11378,C18 H20 O7,NA,C18 H20 O7,TRUE,na,na,na,C18 H20 O7,YES,L4.1
FT_1.273_409.09357,C13 H23 N4 O7 P S,NA,C22 H18 O8,FALSE,na,na,na,na,na,delete
FT_1.273_483.13102,C17 H25 N8 O5 P S,NA,C25 H24 O10,FALSE,na,na,na,na,na,delete
FT_1.276_497.14572,C26 H28 O3 S2,NA,C25 H24 O8,FALSE,na,na,na,na,na,delete
FT_1.294_495.20267,C29 H28 N4 O4,NA,C24 H28 N6 O6,FALSE,na,na,na,C24 H28 N6 O6,yes,L4.3
FT_1.277_411.10877,C23 H16 N4 O4,NA,C22 H20 O8,FALSE,"sirius structure, low intensity",80.17,"6-acetyl-13-hydroxy-16,17-dimethoxy-2,7,20-trioxapentacyclo[11.8.0.0^{3,11}.0^{4,8}.0^{14,19}]henicosa-3,8,10,14(19),15,17-hexaen-12-one",C22 H20 O8,na,L3.3
FT_1.284_309.09815,C12 H10 N10 O,NA,NA,FALSE,,,no name,C12 H10 N10 O,,L4.3
FT_1.284_399.14524,C14 H30 N2 O7 P2,NA,C22 H24 O7,FALSE,na,na,na,na,na,delete
FT_1.284_499.19780,C27 H32 O9,NA,C27 H32 O9,TRUE,na,na,na,na,na,delete
FT_1.285_377.12507,NA,NA,NA,TRUE,,,no name,no formula,,L5
FT_1.295_465.11930,C26 H26 O4 S2,NA,C25 H22 O9,FALSE,na,na,na,C25 H22 O9,yes,L4.3
FT_1.285_387.21811,C23 H32 O5,NA,C23 H32 O5,TRUE,na,na,na,C23 H32 O5,YES,L4.1
FT_1.285_467.20745,C27 H32 O7,NA,C27 H32 O7,TRUE,na,na,na,C27 H32 O7,YES,L4.1
FT_1.297_311.11391,C16 H16 N4 O3,NA,C15 H20 O7,FALSE,na,na,na,C15 H20 O7,yes,L4.3
FT_1.286_373.09304,C19 H18 O8,NA,C19 H18 O8,TRUE,"formula match, name sirius",80.62,Clinopodic Acid B,C19 H18 O8,na,L3.3
FT_1.287_359.07738,C18 H16 O8,NA,C18 H16 O8,TRUE,"formula match, name sirius",86.42,(R)-rosmarinate,C18 H16 O8,na,L3.3
FT_1.288_285.11331,C17 H18 O4,NA,C17 H18 O4,TRUE,na,na,na,C17 H18 O4,YES,L4.1
FT_1.288_545.16573,C26 H43 P S5,NA,NA,FALSE,,,no name,C26 H43 P S5,,L4.3
FT_1.289_359.11411,C20 H16 N4 O3,NA,C19 H20 O7,FALSE,na,na,na,na,na,delete
FT_1.289_685.22874,C25 H39 N10 O9 P S,NA,NA,FALSE,,,no name,C25 H39 N10 O9 P S,,L4.3
FT_1.290_311.16868,C17 H28 O3 S,NA,C17 H28 O3 S,TRUE,na,na,na,C17 H28 O3 S,YES,L4.1
FT_1.290_385.20224,C23 H30 O5,NA,C23 H30 O5,TRUE,na,na,na,C23 H30 O5,YES,L4.1
FT_1.291_237.07697,C12 H14 O5,NA,C12 H14 O5,TRUE,na,na,na,C12 H14 O5,YES,L4.1
FT_1.291_305.06679,C15 H14 O7,NA,C15 H14 O7,TRUE,na,na,na,C15 H14 O7,YES,L4.1
FT_1.291_423.10895,C23 H20 O8,NA,C23 H20 O8,TRUE,na,na,na,C23 H20 O8,YES,L4.1
FT_1.292_295.08236,C13 H14 O5,NA,C13 H14 O5,TRUE,na,na,na,C13 H14 O5,YES,L4.1
FT_1.293_267.08754,C13 H16 O6,NA,C13 H16 O6,TRUE,na,na,na,C13 H16 O6,YES,L4.1
FT_1.293_281.10314,C13 H16 O4,NA,C13 H16 O4,TRUE,na,na,na,C13 H16 O4,YES,L4.1
FT_1.293_511.19753,C22 H28 N10 O3 S,NA,NA,FALSE,,,,,,delete
FT_1.294_281.10314,C14 H18 O6,NA,C14 H18 O6,TRUE,na,na,na,C14 H18 O6,YES,L4.1
FT_1.294_287.22287,C16 H32 O4,NA,C16 H32 O4,TRUE,na,na,na,na,na,delete
FT_1.300_393.13452,C24 H18 N4 O2,NA,C23 H22 O6,FALSE,na,na,na,C23 H22 O6,yes,L4.3
FT_1.306_415.21323,C18 H33 N4 O5 P,NA,C24 H32 O6,FALSE,na,na,na,C24 H32 O6,yes,L4.3
FT_1.296_319.08281,C16 H16 O7,NA,C16 H16 O7,TRUE,na,na,na,na,na,delete
FT_1.296_357.17100,C21 H26 O5,NA,C21 H26 O5,TRUE,na,na,na,C21 H26 O5,YES,L4.1
FT_1.297_239.05629,C12 H16 O S2,NA,NA,FALSE,,,no name,C12 H16 O S2,,L4.3
FT_1.306_495.13006,C23 H24 N6 O3 S2,NA,C26 H24 O10,FALSE,na,na,na,C26 H24 O10,yes,L4.3
FT_1.297_333.09825,C17 H18 O7,NA,C17 H18 O7,TRUE,na,na,na,C17 H18 O7,YES,L4.1
FT_1.298_355.15506,C21 H24 O5,NA,C21 H24 O5,TRUE,na,na,na,C21 H24 O5,YES,L4.1
FT_1.298_395.15023,C23 H24 O6,NA,C23 H24 O6,TRUE,na,na,na,C23 H24 O6,YES,L4.1
FT_1.299_369.13444,C21 H22 O6,NA,C21 H22 O6,TRUE,na,na,na,na,na,delete
FT_1.300_219.02975,C11 H8 O5,NA,C11 H8 O5,TRUE,na,na,na,C11 H8 O5,YES,L4.1
FT_1.300_263.05622,C12 H10 O4,NA,C12 H10 O4,TRUE,"formula match, name sirius",81.4,8-Acetyl-7-deuteriooxy-4-methylchromen-2-one,C12 H10 O4,na,L3.3
FT_1.312_479.17134,C21 H39 O4 P3 S,NA,C27 H28 O8,FALSE,na,na,na,C27 H28 O8,yes,L4.3
FT_1.301_263.05623,C13 H12 O6,NA,C13 H12 O6,TRUE,na,na,na,C13 H12 O6,YES,L4.1
FT_1.301_383.18654,C23 H28 O5,NA,C23 H28 O5,TRUE,na,na,na,C23 H28 O5,YES,L4.1
FT_1.301_711.24351,C40 H40 O12,NA,NA,FALSE,,,,,,delete
FT_1.303_151.04002,C8 H8 O3,NA,C8 H8 O3,TRUE,na,na,na,na,na,delete
FT_1.303_563.22840,C38 H33 N2 O P,NA,NA,FALSE,,,no name,C38 H33 N2 O P,,L4.3
FT_1.313_415.24926,C19 H37 N4 O4 P,NA,C25 H36 O5,FALSE,na,na,na,C25 H36 O5,yes,L4.3
FT_1.315_429.22855,C19 H35 N4 O5 P,NA,C25 H34 O6,FALSE,na,na,na,C25 H34 O6,yes,L4.3
FT_1.306_505.18822,C18 H36 N8 O P2 S2,NA,NA,FALSE,,,no name,C18 H36 N8 O P2 S2,,L4.3
FT_1.307_247.06142,C13 H12 O5,NA,C13 H12 O5,TRUE,na,na,na,C13 H12 O5,YES,L4.1
FT_1.308_327.16034,C20 H24 O4,NA,C20 H24 O4,TRUE,na,na,na,C20 H24 O4,YES,L4.1
FT_1.308_341.13945,C20 H22 O5,NA,C20 H22 O5,TRUE,na,na,na,na,na,delete
FT_1.308_343.15527,C20 H24 O5,NA,C20 H24 O5,TRUE,na,na,na,C20 H24 O5,YES,L4.1
FT_1.310_427.21304,C25 H32 O6,NA,C25 H32 O6,TRUE,na,na,na,C25 H32 O6,YES,L4.1
FT_1.311_441.19213,C25 H30 O7,NA,C25 H30 O7,TRUE,na,na,na,na,na,delete
FT_1.312_273.13465,C14 H26 O S2,NA,NA,FALSE,,,no name,C14 H26 O S2,,L4.3
FT_1.322_431.13506,C23 H28 O4 S2,NA,C22 H24 O9,FALSE,na,na,na,C22 H24 O9,yes,L4.3
FT_1.322_445.11422,C19 H22 N6 O3 S2,NA,C22 H22 O10,FALSE,na,na,na,C22 H22 O10,yes,L4.3
FT_1.314_537.21302,C35 H30 N4 S,NA,NA,FALSE,,,no name,C35 H30 N4 S,,L4.3
FT_1.315_319.15528,C18 H24 O5,NA,C18 H24 O5,TRUE,na,na,na,C18 H24 O5,YES,L4.1
FT_1.328_437.12457,C19 H19 N8 O3 P,NA,C24 H22 O8,FALSE,na,na,na,C24 H22 O8,yes,L4.3
FT_1.316_427.10384,C14 H26 N2 O9 P2,NA,C22 H20 O9,FALSE,na,na,na,na,na,delete
FT_1.320_271.15503,C14 H24 O5,NA,NA,FALSE,,,no name,C14 H24 O5,,L4.3
FT_1.321_457.11446,C15 H28 N2 O10 P2,NA,NA,FALSE,,,no name,C15 H28 N2 O10 P2,,L4.3
FT_1.321_467.17130,C26 H28 O8,NA,C26 H28 O8,TRUE,na,na,na,C26 H28 O8,YES,L4.1
FT_1.322_175.03986,C10 H8 O3,NA,NA,FALSE,,,,,,delete
FT_1.332_517.20787,C22 H31 N8 O5 P,NA,C27 H34 O10,FALSE,na,na,na,C27 H34 O10,yes,L4.3
FT_1.334_485.18203,C27 H26 N4 O5,NA,C26 H30 O9,FALSE,na,na,na,C26 H30 O9,yes,L4.3
FT_1.324_321.06223,C14 H12 O6,NA,C11 H16 O6 S,FALSE,na,na,na,na,na,delete
FT_1.327_325.14472,C20 H22 O4,NA,C20 H22 O4,TRUE,na,na,na,C20 H22 O4,YES,L4.1
FT_1.336_383.15002,C16 H20 N10 S,NA,C22 H24 O6,FALSE,na,na,na,C22 H24 O6,yes,L4.3
FT_1.328_469.18817,C27 H26 N4 O4,NA,C26 H30 O8,FALSE,na,na,na,na,na,delete
FT_1.330_425.08821,C22 H18 O9,NA,C22 H18 O9,TRUE,na,na,na,C22 H18 O9,YES,L4.1
FT_1.332_169.08703,C9 H14 O3,NA,C9 H14 O3,TRUE,na,na,na,C9 H14 O3,YES,L4.1
FT_1.338_513.21351,C20 H40 N2 O9 P2,NA,C28 H34 O9,FALSE,na,na,na,C28 H34 O9,yes,L4.3
FT_1.339_481.11549,C20 H27 N4 O4 P S2,NA,C25 H22 O10,FALSE,na,na,na,C25 H22 O10,yes,L4.3
FT_1.335_199.09780,C10 H16 O4,NA,C10 H16 O4,TRUE,na,na,na,C10 H16 O4,YES,L4.1
FT_1.335_499.23428,C20 H40 N2 O10 S,NA,C28 H36 O8,FALSE,na,na,na,na,na,delete
FT_1.342_499.12488,C26 H28 O6 S2,NA,C25 H24 O11,FALSE,na,na,na,C25 H24 O11,yes,L4.3
FT_1.337_381.13431,C22 H22 O6,NA,C22 H22 O6,TRUE,na,na,na,C22 H22 O6,YES,L4.1
FT_1.337_533.18236,C20 H41 O10 P3,NA,NA,FALSE,,,no name,C20 H41 O10 P3,,L4.3
FT_1.343_411.18174,C18 H29 N4 O5 P,NA,C24 H28 O6,FALSE,na,na,na,C24 H28 O6,yes,L4.3
FT_1.348_343.11892,C12 H20 N6 O4 S,NA,C19 H20 O6,FALSE,na,na,na,C19 H20 O6,yes,L4.3
FT_1.340_713.26015,C47 H35 N6 P,NA,NA,FALSE,,,no name,C47 H35 N6 P,,L4.3
FT_1.341_319.11885,C17 H20 O6,NA,C17 H20 O6,TRUE,"formula match, name sirius",96.68,mycophenolate,C17 H20 O6,YES,L3.3
FT_1.341_427.17662,C24 H28 O7,NA,C24 H28 O7,TRUE,na,na,na,C24 H28 O7,yes,L4.1
FT_1.342_181.08697,C10 H14 O3,NA,C10 H14 O3,TRUE,"formula match, name sirius",80.57,dihydroconiferyl alcohol,C10 H14 O3,yes,L3.3
FT_1.349_525.21326,C30 H30 N4 O5,NA,C29 H34 O9,FALSE,na,na,na,C29 H34 O9,yes,L4.3
FT_1.343_409.12946,C23 H22 O7,fragment,C23 H22 O7,TRUE,"formula match, name sirius",81.07,Rotenalone,C23 H22 O7,,L3.3
FT_1.352_411.10878,C16 H21 N4 O7 P,NA,C22 H20 O8,FALSE,na,na,na,C22 H20 O8,yes,L4.3
FT_1.343_429.11941,C22 H22 O9,NA,C22 H22 O9,TRUE,na,na,na,C22 H22 O9,YES,L4.1
FT_1.344_469.25995,C28 H38 O6,NA,C28 H38 O6,TRUE,na,na,na,C28 H38 O6,YES,L4.1
FT_1.344_495.16626,C27 H28 O9,NA,C27 H28 O9,TRUE,na,na,na,C27 H28 O9,YES,L4.1
FT_1.345_541.17167,C29 H36 O4 P2 S,NA,C28 H30 O11,FALSE,na,na,na,na,na,delete
FT_1.356_421.09320,C24 H14 N4 O4,NA,C23 H18 O8,FALSE,na,na,na,C23 H18 O8,yes,L4.3
FT_1.349_255.16010,C14 H24 O4,NA,NA,FALSE,,,no name,C14 H24 O4,,L4.3
FT_1.349_483.20246,C27 H32 O8,NA,C27 H32 O8,TRUE,na,na,na,C27 H32 O8,YES,L4.1
FT_1.356_447.23908,C19 H37 N4 O6 P,NA,C22 H40 O7 S,FALSE,na,na,na,C22 H40 O7 S,yes,L4.3
FT_1.350_497.18276,C27 H30 O9,NA,C27 H30 O9,TRUE,na,na,na,na,na,delete
FT_1.357_465.19223,C18 H35 N4 O6 P S,NA,C27 H30 O7,FALSE,na,na,na,C27 H30 O7,yes,L4.3
FT_1.353_345.17093,C20 H26 O5,NA,C20 H26 O5,TRUE,na,na,na,na,na,delete
FT_1.354_313.14494,C19 H22 O4,NA,C19 H22 O4,TRUE,na,na,na,na,na,delete
FT_1.355_455.17253,C27 H20 N8,NA,NA,FALSE,,,,,,delete
FT_1.356_395.11391,C22 H20 O7,NA,C22 H20 O7,TRUE,na,na,na,C22 H20 O7,YES,L4.1
FT_1.362_495.20089,C22 H43 O4 P3 S,NA,C28 H32 O8,FALSE,na,na,na,C28 H32 O8,yes,L4.3
FT_1.363_443.09955,C17 H25 N4 O4 P S2,NA,C22 H20 O10,FALSE,na,na,na,C22 H20 O10,yes,L4.3
FT_1.357_453.12033,C20 H28 N2 O4 P2 S,NA,C24 H22 O9,FALSE,na,na,na,na,na,delete
FT_1.365_483.16688,C21 H25 N8 O4 P,NA,C26 H28 O9,FALSE,na,na,na,C26 H28 O9,yes,L4.3
FT_1.361_399.25398,C25 H36 O4,NA,NA,FALSE,,,no name,C25 H36 O4,,L4.3
FT_1.366_453.15591,C26 H22 N4 O4,NA,C25 H26 O8,FALSE,na,na,na,C25 H26 O8,yes,L4.3
FT_1.362_513.14076,C20 H37 O7 P3 S,NA,C26 H26 O11,FALSE,na,na,na,na,na,delete
FT_1.369_497.25494,C23 H39 N4 O6 P,NA,C29 H38 O7,FALSE,na,na,na,C29 H38 O7,yes,L4.3
FT_1.363_441.15646,C24 H26 O8,NA,C24 H26 O8,TRUE,na,na,na,na,na,delete
FT_1.373_477.15607,C19 H32 N2 O8 P2,NA,C27 H26 O8,FALSE,na,na,na,C27 H26 O8,yes,L4.3
FT_1.364_485.29102,C29 H42 O6,NA,C29 H42 O6,TRUE,na,na,na,C29 H42 O6,YES,L4.1
FT_1.378_487.27051,C22 H41 N4 O6 P,NA,C28 H40 O7,FALSE,na,na,na,C28 H40 O7,yes,L4.3
FT_1.366_331.11917,C18 H20 O6,NA,C18 H20 O6,TRUE,na,na,na,C18 H20 O6,YES,L4.1
FT_1.379_411.21792,C18 H32 N6 O3 S,NA,C25 H32 O5,FALSE,na,na,na,C25 H32 O5,yes,L4.3
FT_1.367_295.08240,C14 H16 O7,NA,C14 H16 O7,TRUE,na,na,na,C14 H16 O7,YES,L4.1
FT_1.368_179.07147,C10 H12 O3,NA,C10 H12 O3,TRUE,na,na,na,C10 H12 O3,YES,L4.1
FT_1.368_425.12456,C23 H22 O8,NA,C23 H22 O8,TRUE,"formula match, name sirius",90.57,villosinol,C23 H22 O8,na,L3.3
FT_1.368_451.13998,C25 H24 O8,NA,C25 H24 O8,TRUE,na,na,na,C25 H24 O8,YES,L4.1
FT_1.369_265.07184,C14 H10 N4 O2,NA,NA,FALSE,,,no name,C14 H10 N4 O2,,L4.3
FT_1.369_403.21305,C23 H32 O6,NA,C23 H32 O6,TRUE,na,na,na,C23 H32 O6,YES,L4.1
FT_1.380_439.14010,C18 H25 N4 O7 P,NA,C24 H24 O8,FALSE,na,na,na,C24 H24 O8,yes,L4.3
FT_1.370_399.18175,C23 H28 O6,NA,C23 H28 O6,TRUE,na,na,na,C23 H28 O6,YES,L4.1
FT_1.381_485.25517,C29 H34 N4 O3,NA,C28 H38 O7,FALSE,na,na,na,C28 H38 O7,yes,L4.3
FT_1.374_305.13983,NA,NA,NA,TRUE,,,,,,delete
FT_1.374_425.16098,C24 H26 O7,NA,C24 H26 O7,TRUE,na,na,na,na,na,delete
FT_1.376_291.08756,C8 H16 N6 O4 S,NA,C15 H16 O6,FALSE,keep sirius name,87.88,Lachnone C,C15 H16 O6,yes,L3.3
FT_1.376_291.08757,C14 H14 O4,NA,C14 H14 O4,TRUE,na,na,na,C14 H14 O4,YES,L4.1
FT_1.376_401.12467,C21 H22 O8,NA,C21 H22 O8,TRUE,na,na,na,C21 H22 O8,YES,L4.1
FT_1.377_701.25927,C39 H42 O12,NA,NA,FALSE,,,no name,C39 H42 O12,,L4.3
FT_1.393_371.15016,C13 H30 N2 O6 P2,NA,C21 H24 O6,FALSE,na,na,na,C21 H24 O6,yes,L4.3
FT_1.394_423.14534,C25 H20 N4 O3,NA,C24 H24 O7,FALSE,na,na,na,C24 H24 O7,yes,L4.3
FT_1.379_509.18182,C19 H35 N4 O8 P S,NA,NA,FALSE,,,,,,delete
FT_1.395_399.21801,C16 H38 N2 O5 P2,NA,C24 H32 O5,FALSE,na,na,na,C24 H32 O5,yes,L4.3
FT_1.402_237.07710,C7 H11 N8 P,NA,C12 H14 O5,FALSE,na,na,na,C12 H14 O5,yes,L4.3
FT_1.382_321.09818,C15 H16 O5,fragment,C15 H16 O5,TRUE,na,na,na,C15 H16 O5,na,L4.1
FT_1.382_371.18649,C22 H28 O5,NA,C22 H28 O5,TRUE,na,na,na,C22 H28 O5,YES,L4.1
FT_1.382_453.19203,C26 H30 O7,NA,C26 H30 O7,TRUE,na,na,na,C26 H30 O7,YES,L4.1
FT_1.383_279.08746,C14 H16 O6,NA,C14 H16 O6,TRUE,na,na,na,na,na,delete
FT_1.383_445.22357,C17 H40 N2 O7 P2,NA,C25 H34 O7,FALSE,na,na,na,na,na,delete
FT_1.384_321.09819,C16 H18 O7,NA,C16 H18 O7,TRUE,na,na,na,C16 H18 O7,YES,L4.1
FT_1.384_483.23888,C28 H36 O7,NA,C28 H36 O7,TRUE,na,na,na,C28 H36 O7,YES,L4.1
FT_1.385_209.08175,C11 H14 O4,NA,C11 H14 O4,TRUE,na,na,na,C11 H14 O4,YES,L4.1
FT_1.385_401.19722,C23 H30 O6,NA,C23 H30 O6,TRUE,na,na,na,C23 H30 O6,YES,L4.1
FT_1.386_285.11333,C17 H18 O4,NA,C17 H18 O4,TRUE,na,na,na,C17 H18 O4,YES,L4.1
FT_1.387_283.15505,C15 H24 O5,NA,C15 H24 O5,TRUE,na,na,na,na,na,delete
FT_1.389_281.10324,C14 H18 O6,NA,C10 H14 N6 O4,FALSE,na,na,na,na,na,delete
FT_1.389_473.29108,C28 H42 O6,NA,C28 H42 O6,TRUE,na,na,na,C28 H42 O6,YES,L4.1
FT_1.390_513.14094,C17 H30 N2 O9 P2,NA,C25 H24 O9,FALSE,na,na,na,na,na,delete
FT_1.391_379.14004,NA,NA,NA,TRUE,,,,,,delete
FT_1.393_249.11310,C14 H18 O4,NA,C14 H18 O4,TRUE,na,na,na,C14 H18 O4,YES,L4.1
FT_1.403_469.15056,C22 H18 N10 O3,NA,C25 H26 O9,FALSE,na,na,na,C25 H26 O9,yes,L4.3
FT_1.407_395.15012,C17 H25 N4 O5 P,NA,C23 H24 O6,FALSE,na,na,na,C23 H24 O6,yes,L4.3
FT_1.395_347.11378,C11 H20 N6 O5 S,NA,C18 H20 O7,FALSE,na,na,na,na,na,delete
FT_1.408_481.15076,C21 H23 N8 O4 P,NA,C26 H26 O9,FALSE,na,na,na,C26 H26 O9,yes,L4.3
FT_1.397_233.08536,C10 H18 O4 S,NA,C10 H18 O4 S,TRUE,na,na,na,C10 H18 O4 S,YES,L4.1
FT_1.397_331.15563,C19 H24 O5,NA,C19 H24 O5,TRUE,na,na,na,na,na,delete
FT_1.397_333.20740,C20 H30 O4,NA,C20 H30 O4,TRUE,na,na,na,na,na,delete
FT_1.398_223.06096,C10 H10 O3,NA,NA,FALSE,,,,,,delete
FT_1.400_181.08699,C10 H14 O3,NA,C10 H14 O3,TRUE,na,na,na,C10 H14 O3,YES,L4.1
FT_1.400_377.16093,C21 H30 O2 S2,NA,C20 H26 O7,FALSE,na,na,na,na,na,delete
FT_1.400_399.07233,C17 H16 N6 O2 S2,NA,NA,FALSE,,,no name,C17 H16 N6 O2 S2,,L4.3
FT_1.413_417.22861,C18 H35 N4 O5 P,NA,C24 H34 O6,FALSE,na,na,na,C24 H34 O6,yes,L4.3
FT_1.402_525.17652,C28 H30 O10,NA,C28 H30 O10,TRUE,na,na,na,na,na,delete
FT_1.419_265.10821,C8 H19 N4 O4 P,NA,C14 H18 O5,FALSE,na,na,na,C14 H18 O5,yes,L4.3
FT_1.406_481.18639,C27 H30 O8,NA,C27 H30 O8,TRUE,na,na,na,C27 H30 O8,YES,L4.1
FT_1.407_281.06671,C13 H14 O7,NA,C13 H14 O7,TRUE,na,na,na,C13 H14 O7,YES,L4.1
FT_1.407_297.07691,C17 H14 O5,NA,C17 H14 O5,TRUE,na,na,na,C17 H14 O5,YES,L4.1
FT_1.407_369.13420,NA,NA,NA,TRUE,,,,,,delete
FT_1.422_415.24924,C19 H37 N4 O4 P,NA,C25 H36 O5,FALSE,na,na,na,C25 H36 O5,yes,L4.3
FT_1.407_413.19720,C24 H30 O6,NA,C24 H30 O6,TRUE,na,na,na,C24 H30 O6,YES,L4.1
FT_1.407_467.17123,C27 H32 O3 S2,NA,C26 H28 O8,FALSE,na,na,na,na,na,delete
FT_1.407_481.11420,C25 H22 O10,NA,C25 H22 O10,TRUE,na,na,na,C25 H22 O10,YES,L4.1
FT_1.408_389.19729,C15 H30 N6 O4 S,NA,NA,FALSE,,,,,,delete
FT_1.408_427.14016,C23 H24 O8,NA,C23 H24 O8,TRUE,na,na,na,C23 H24 O8,YES,L4.1
FT_1.433_431.13514,C17 H21 N8 O4 P,NA,C22 H24 O9,FALSE,na,na,na,C22 H24 O9,yes,L4.3
FT_1.409_385.16590,C22 H26 O6,NA,C22 H26 O6,TRUE,na,na,na,C22 H26 O6,YES,L4.1
FT_1.413_335.07758,C20 H18 O P2,NA,NA,FALSE,,,,,,delete
FT_1.434_279.12386,C9 H21 N4 O4 P,NA,C15 H20 O5,FALSE,na,na,na,C15 H20 O5,yes,L4.3
FT_1.413_429.22854,C25 H34 O6,NA,C25 H34 O6,TRUE,na,na,na,C25 H34 O6,YES,L4.1
FT_1.414_271.15491,C15 H28 S2,NA,NA,FALSE,,,no name,C15 H28 S2,,L4.3
FT_1.414_343.15521,C20 H24 O5,NA,C20 H24 O5,TRUE,na,na,na,C20 H24 O5,YES,L4.1
FT_1.415_263.05636,C13 H12 O6,NA,NA,FALSE,,,,,,delete
FT_1.415_529.17154,C27 H30 O11,NA,NA,FALSE,,,no name,C27 H30 O11,,L4.3
FT_1.417_183.10271,C10 H16 O3,NA,C10 H16 O3,TRUE,na,na,na,C10 H16 O3,YES,L4.1
FT_1.437_293.10315,C8 H18 N6 O4 S,NA,C15 H18 O6,FALSE,na,na,na,C15 H18 O6,yes,L4.3
FT_1.419_267.08766,NA,NA,NA,TRUE,,,,,,delete
FT_1.439_411.10866,C23 H16 N4 O4,NA,C22 H20 O8,FALSE,na,na,na,C22 H20 O8,yes,L4.3
FT_1.422_515.26523,C29 H40 O8,NA,C29 H40 O8,TRUE,na,na,na,C29 H40 O8,YES,L4.1
FT_1.424_501.28601,C29 H42 O7,NA,C29 H42 O7,TRUE,na,na,na,C29 H42 O7,YES,L4.1
FT_1.425_409.09319,C25 H19 N2 P S,NA,NA,FALSE,,,no name,C25 H19 N2 P S,,L4.3
FT_1.428_405.22860,C23 H34 O6,NA,C23 H34 O6,TRUE,na,na,na,C23 H34 O6,YES,L4.1
FT_1.432_215.09294,C5 H13 N8 P,NA,NA,FALSE,,,no name,C5 H13 N8 P,,L4.3
FT_1.432_535.19797,C23 H37 O12 P,NA,NA,FALSE,,,no name,C23 H37 O12 P,,L4.3
FT_1.432_729.25478,C34 H43 N4 O12 P,NA,NA,FALSE,,,no name,C34 H43 N4 O12 P,,L4.3
FT_1.439_497.14564,C23 H18 N10 O4,NA,C26 H26 O10,FALSE,na,na,na,C26 H26 O10,yes,L4.3
FT_1.446_497.18158,C31 H32 O2 P2,NA,C27 H30 O9,FALSE,na,na,na,C27 H30 O9,yes,L4.3
FT_1.436_275.11378,C12 H20 O7,NA,NA,FALSE,,,,,,delete
FT_1.451_441.11948,C22 H20 O7,NA,C19 H26 O5 P2,FALSE,na,na,na,C19 H26 O5 P2,yes,L4.3
FT_1.439_265.07184,C13 H14 O6,NA,C13 H14 O6,TRUE,na,na,na,C13 H14 O6,YES,L4.1
FT_1.455_221.04562,C6 H7 N8 P,NA,C11 H10 O5,FALSE,na,na,na,C11 H10 O5,yes,L4.3
FT_1.458_253.14459,C7 H21 N4 O P,NA,C13 H20 O2,FALSE,na,na,na,C13 H20 O2,yes,L4.3
FT_1.441_263.09273,C14 H16 O5,NA,C14 H16 O5,TRUE,na,na,na,na,na,delete
FT_1.442_309.09816,C15 H18 O7,NA,C15 H18 O7,TRUE,na,na,na,C15 H18 O7,YES,L4.1
FT_1.443_267.12388,C14 H20 O5,NA,C14 H20 O5,TRUE,na,na,na,C14 H20 O5,YES,L4.1
FT_1.443_375.07241,C19 H12 N4 O5,NA,C18 H16 O9,FALSE,keep sirius name,89.29,Decarboxythamnolic acid,C18 H16 O9,na,L3.3
FT_1.444_337.12966,C17 H22 O7,NA,C17 H22 O7,TRUE,na,na,na,na,na,delete
FT_1.444_491.26514,C21 H41 N4 O7 P,NA,NA,FALSE,,,no name,C21 H41 N4 O7 P,,L4.3
FT_1.445_337.12965,C9 H20 N6 O3 S,NA,C16 H20 O5,FALSE,na,na,na,na,na,delete
FT_1.445_487.27054,C25 H32 N10 O,NA,NA,FALSE,,,,,,delete
FT_1.466_411.14501,C17 H25 N4 O6 P,NA,C23 H24 O7,FALSE,na,na,na,C23 H24 O7,yes,L4.3
FT_1.447_413.16100,C23 H26 O7,NA,C23 H26 O7,TRUE,na,na,na,C23 H26 O7,YES,L4.1
FT_1.449_251.09253,C13 H16 O5,NA,C13 H16 O5,TRUE,na,na,na,na,na,delete
FT_1.475_337.09346,C8 H16 N6 O4 S,NA,C15 H16 O6,FALSE,na,na,na,C15 H16 O6,yes,L4.3
FT_1.453_209.04533,C9 H8 O3,NA,C9 H8 O3,TRUE,na,na,na,na,na,delete
FT_1.453_209.04535,C10 H10 O5,fragment,C10 H10 O5,TRUE,"formula match, name sirius",88.65,Methyl Haematommate,C10 H10 O5,na,L3.3
FT_1.453_441.11948,C23 H22 O9,NA,C23 H22 O9,TRUE,na,na,na,C23 H22 O9,YES,L4.1
FT_1.475_487.16140,C18 H38 N2 O5 P2 S2,NA,C26 H24 N4 O6,FALSE,na,na,na,C26 H24 N4 O6,yes,L4.3
FT_1.456_363.18183,C20 H28 O6,NA,C20 H28 O6,TRUE,na,na,na,na,na,delete
FT_1.478_425.12450,C18 H27 N4 O2 P S2,NA,C23 H22 O8,FALSE,na,na,na,C23 H22 O8,yes,L4.3
FT_1.463_401.19727,C23 H30 O6,NA,C23 H30 O6,TRUE,na,na,na,C23 H30 O6,YES,L4.1
FT_1.465_401.19725,C22 H28 O4,fragment,C22 H28 O4,TRUE,,,,,,delete
FT_1.479_269.13945,C15 H18 N4 O,NA,C14 H22 O5,FALSE,na,na,na,C14 H22 O5,yes,L4.3
FT_1.467_199.09778,C10 H16 O4,NA,C10 H16 O4,TRUE,na,na,na,na,na,delete
FT_1.467_323.11389,C17 H24 O2 S2,NA,NA,FALSE,,,,,,delete
FT_1.470_337.09344,C17 H22 O3 S2,fragment,C16 H18 O8,FALSE,,,,,,delete
FT_1.471_363.10885,C18 H20 O8,NA,C18 H20 O8,TRUE,na,na,na,C18 H20 O8,YES,L4.1
FT_1.475_233.04552,C12 H10 O5,NA,C12 H10 O5,TRUE,na,na,na,C12 H10 O5,YES,L4.1
FT_1.482_405.22850,C17 H35 N4 O5 P,NA,C23 H34 O6,FALSE,na,na,na,C23 H34 O6,yes,L4.3
FT_1.475_473.29104,C29 H46 O S2,NA,NA,FALSE,,,,,,delete
FT_1.488_519.26008,C20 H46 N2 O9 P2,NA,C28 H40 O9,FALSE,na,na,na,C28 H40 O9,yes,L4.3
FT_1.477_371.18639,C22 H28 O5,NA,C22 H28 O5,TRUE,na,na,na,C22 H28 O5,YES,L4.1
FT_1.478_305.06676,C15 H14 O7,NA,C15 H14 O7,TRUE,na,na,na,na,na,delete
FT_1.511_200.97954,C7 H9 O P3,NA,C7 H7 O3 P S,FALSE,na,na,na,C7 H7 O3 P S,yes,L4.3
FT_1.478_471.13017,C18 H33 O8 P S2,NA,NA,FALSE,,,no name,C18 H33 O8 P S2,,L4.3
FT_1.530_293.06676,C8 H15 N4 O6 P,NA,C14 H14 O7,FALSE,na,na,na,C14 H14 O7,yes,L4.3
FT_1.479_443.20801,C25 H32 O7,NA,C25 H32 O7,TRUE,na,na,na,na,na,delete
FT_1.533_415.06742,C17 H8 N10 O4,NA,C20 H16 O10,FALSE,na,na,na,C20 H16 O10,yes,L4.3
FT_1.484_399.14526,C17 H29 N4 O P S2,NA,NA,FALSE,,,no name,C17 H29 N4 O P S2,,L4.3
FT_1.486_305.10319,C16 H18 O6,NA,C16 H18 O6,TRUE,na,na,na,C16 H18 O6,YES,L4.1
FT_1.486_443.09873,C22 H20 O10,NA,C22 H20 O10,TRUE,na,na,na,C22 H20 O10,YES,L4.1
FT_1.487_253.07182,C12 H14 O6,NA,C12 H14 O6,TRUE,na,na,na,C12 H14 O6,YES,L4.1
FT_1.569_325.09309,C9 H19 N4 O7 P,NA,C15 H18 O8,FALSE,na,na,na,C15 H18 O8,yes,L4.3
FT_1.491_485.18187,C26 H30 O9,NA,C26 H30 O9,TRUE,na,na,na,C26 H30 O9,YES,L4.1
FT_1.492_501.17691,C26 H30 O10,NA,C26 H30 O10,TRUE,na,na,na,C26 H30 O10,YES,L4.1
FT_1.493_439.17677,C17 H32 N2 O9 S,NA,C25 H28 O7,FALSE,na,na,na,na,na,delete
FT_1.494_433.22349,C24 H34 O7,NA,C24 H34 O7,TRUE,na,na,na,C24 H34 O7,YES,L4.1
FT_1.501_279.08763,C8 H17 N4 O5 P,NA,C14 H16 O6,FALSE,na,na,na,na,na,delete
FT_1.579_513.17674,C28 H26 N4 O6,NA,C27 H30 O10,FALSE,na,na,na,C27 H30 O10,yes,L4.3
FT_1.512_253.10815,C13 H18 O5,NA,C13 H18 O5,TRUE,na,na,na,C13 H18 O5,YES,L4.1
FT_1.524_429.19235,C24 H30 O7,NA,C24 H30 O7,TRUE,na,na,na,C24 H30 O7,YES,L4.1
FT_1.594_387.14517,C15 H25 N4 O6 P,NA,C21 H24 O7,FALSE,na,na,na,C21 H24 O7,yes,L4.3
FT_1.533_281.06672,C13 H14 O7,NA,C13 H14 O7,TRUE,na,na,na,C13 H14 O7,YES,L4.1
FT_1.613_283.11874,C7 H20 N6 O4 S,NA,C14 H20 O6,FALSE,na,na,na,C14 H20 O6,yes,L4.3
FT_1.537_265.07183,C13 H14 O6,NA,C13 H14 O6,TRUE,na,na,na,C13 H14 O6,YES,L4.1
FT_1.538_265.07183,C12 H12 O4,NA,C12 H12 O4,TRUE,na,na,na,C12 H12 O4,YES,L4.1
FT_1.538_359.15015,C20 H24 O6,NA,C20 H24 O6,TRUE,na,na,na,na,na,delete
FT_1.539_527.15592,C17 H39 O12 P3,NA,NA,FALSE,,,no name,C17 H39 O12 P3,,L4.3
FT_1.540_265.10819,C14 H18 O5,NA,C14 H18 O5,TRUE,na,na,na,na,na,delete
FT_1.541_445.15094,C24 H22 N4 O5,NA,C23 H26 O9,FALSE,na,na,na,na,na,delete
FT_1.545_511.16110,C38 H25 P,NA,NA,FALSE,,,no name,C38 H25 P,,L4.3
FT_1.551_309.13447,C16 H22 O6,NA,C16 H22 O6,TRUE,na,na,na,C16 H22 O6,YES,L4.1
FT_1.553_181.08684,C10 H14 O3,NA,C10 H14 O3,TRUE,na,na,na,na,na,delete
FT_1.553_223.09739,C12 H16 O4,NA,C12 H16 O4,TRUE,na,na,na,C12 H16 O4,yes,L4.1
FT_1.554_225.04041,C9 H8 O4,NA,C9 H8 O4,TRUE,"formula match, name sirius",97.55,caffeate,C9 H8 O4,na,L3.3
FT_1.557_487.27043,C29 H36 N4 O3,NA,NA,FALSE,,,,,,delete
FT_1.558_419.20800,C23 H32 O7,NA,C23 H32 O7,TRUE,na,na,na,C23 H32 O7,yes,L4.1
FT_1.563_425.12443,C17 H33 O4 P3 S,NA,NA,FALSE,,,,,,delete
FT_1.566_295.08239,C14 H16 O7,NA,C14 H16 O7,TRUE,na,na,na,C14 H16 O7,yes,L4.1
FT_1.568_277.10820,C15 H18 O5,NA,C15 H18 O5,TRUE,na,na,na,C15 H18 O5,yes,L4.1
FT_1.569_321.09815,C16 H18 O7,NA,C16 H18 O7,TRUE,na,na,na,C16 H18 O7,yes,L4.1
FT_1.624_297.06180,C13 H14 O8,NA,C14 H10 N4 O4,FALSE,na,na,na,C14 H10 N4 O4,yes,L4.3
FT_1.571_225.04041,C10 H10 O6,NA,C10 H10 O6,TRUE,na,na,na,C10 H10 O6,yes,L4.1
FT_1.572_207.06603,C5 H13 N4 O3 P,NA,C11 H12 O4,FALSE,na,na,na,na,na,delete
FT_1.575_499.16146,C21 H25 N8 O5 P,NA,NA,FALSE,,,,,,delete
FT_1.579_387.18133,C22 H28 O6,NA,C22 H28 O6,TRUE,na,na,na,C22 H28 O6,yes,L4.1
FT_1.646_513.14088,C14 H30 N8 O2 P2 S2,NA,C25 H24 O9,FALSE,na,na,na,C25 H24 O9,yes,L4.3
FT_1.583_321.13449,C17 H22 O6,NA,C17 H22 O6,TRUE,na,na,na,C17 H22 O6,yes,L4.1
FT_1.583_545.20286,C26 H37 N4 O3 P3,NA,NA,FALSE,,,no name,C26 H37 N4 O3 P3,,L4.3
FT_1.585_195.06629,C10 H12 O4,NA,C10 H12 O4,TRUE,na,na,na,C10 H12 O4,yes,L4.1
FT_1.585_235.09746,C13 H16 O4,NA,C13 H16 O4,TRUE,na,na,na,C13 H16 O4,yes,L4.1
FT_1.589_237.07700,C12 H14 O5,NA,C12 H14 O5,TRUE,na,na,na,C12 H14 O5,yes,L4.1
FT_1.593_277.07172,C14 H14 O6,NA,C14 H14 O6,TRUE,na,na,na,C14 H14 O6,yes,L4.1
FT_1.654_313.09314,C8 H19 N4 O7 P,NA,C14 H18 O8,FALSE,na,na,na,C14 H18 O8,yes,L4.3
FT_1.597_267.08747,C13 H16 O6,NA,C13 H16 O6,TRUE,na,na,na,na,na,delete
FT_1.601_209.04540,C10 H10 O5,NA,C10 H10 O5,TRUE,na,na,na,C10 H10 O5,yes,L4.1
FT_1.603_397.05673,C20 H14 O9,NA,C20 H14 O9,TRUE,na,na,na,C20 H14 O9,yes,L4.1
FT_1.603_473.10916,C15 H28 N2 O11 P2,NA,NA,FALSE,,,no name,C15 H28 N2 O11 P2,,L4.3
FT_1.606_263.09265,C14 H16 O5,NA,C14 H16 O5,TRUE,na,na,na,C14 H16 O5,yes,L4.1
FT_1.611_247.06140,C13 H12 O5,NA,C13 H12 O5,TRUE,na,na,na,C13 H12 O5,yes,L4.1
FT_1.612_267.05121,C12 H12 O7,NA,C12 H12 O7,TRUE,na,na,na,C12 H12 O7,yes,L4.1
FT_1.613_267.05109,C11 H10 O5,NA,C11 H10 O5,TRUE,na,na,na,C11 H10 O5,yes,L4.1
FT_1.657_255.08748,C5 H15 N4 O3 P,NA,C11 H14 O4,FALSE,na,na,na,C11 H14 O4,yes,L4.3
FT_1.613_449.21858,C24 H34 O8,NA,C24 H34 O8,TRUE,na,na,na,C24 H34 O8,yes,L4.1
FT_1.618_351.10866,C17 H20 O8,NA,C17 H20 O8,TRUE,na,na,na,C17 H20 O8,yes,L4.1
FT_1.621_225.07685,C11 H14 O5,NA,C11 H14 O5,TRUE,na,na,na,C11 H14 O5,yes,L4.1
FT_1.623_323.07742,C15 H16 O8,NA,C15 H16 O8,TRUE,na,na,na,C15 H16 O8,yes,L4.1
FT_1.659_257.10292,C13 H22 O S2,NA,C12 H18 O6,FALSE,na,na,na,C12 H18 O6,yes,L4.3
FT_1.634_303.12380,C17 H20 O5,NA,C17 H20 O5,TRUE,na,na,na,C17 H20 O5,yes,L4.1
FT_1.635_347.11376,C18 H20 O7,NA,C18 H20 O7,TRUE,na,na,na,na,na,delete
FT_1.638_445.11426,NA,NA,NA,TRUE,,,,,,delete
FT_1.641_345.17103,C13 H26 N6 O3 S,NA,C20 H26 O5,FALSE,na,na,na,na,na,delete
FT_1.643_375.14550,C20 H24 O7,NA,C20 H24 O7,TRUE,na,na,na,na,na,delete
FT_1.643_527.19234,C30 H24 N8 O2,NA,NA,FALSE,,,,,,delete
FT_1.659_295.11873,C7 H18 N6 O2 S,NA,C14 H18 O4,FALSE,na,na,na,C14 H18 O4,yes,L4.3
FT_1.647_421.22384,C23 H34 O7,NA,C23 H34 O7,TRUE,na,na,na,C23 H34 O7,yes,L4.1
FT_1.650_239.05615,C11 H12 O6,NA,C11 H12 O6,TRUE,na,na,na,C11 H12 O6,yes,L4.1
FT_1.652_219.02972,C11 H8 O5,NA,C11 H8 O5,TRUE,"formula match, name sirius",98.54,7-Hydroxycoumarin-4-acetic acid,C11 H8 O5,na,L3.3
FT_1.659_419.20802,C16 H32 N6 O5 S,NA,C23 H32 O7,FALSE,na,na,na,C23 H32 O7,yes,L4.3
FT_1.654_513.14081,C20 H22 N10 O5 S,fragment,C26 H26 O11,FALSE,,,,,,delete
FT_1.656_193.05069,C10 H10 O4,NA,C10 H10 O4,TRUE,na,na,na,C10 H10 O4,yes,L4.1
FT_1.656_229.10770,NA,NA,NA,TRUE,,,no name,no formula,,L5
FT_1.656_279.08746,C14 H16 O6,NA,C14 H16 O6,TRUE,na,na,na,C14 H16 O6,yes,L4.1
FT_1.656_335.11393,C17 H20 O7,NA,C17 H20 O7,TRUE,na,na,na,C17 H20 O7,yes,L4.1
FT_1.656_461.14579,C28 H30 S3,NA,NA,FALSE,,,no name,C28 H30 S3,,L4.3
FT_1.661_469.11485,C25 H26 O5 S2,NA,C24 H22 O10,FALSE,na,na,na,C24 H22 O10,yes,L4.3
FT_1.662_429.19233,C17 H40 N2 O2 P2 S2,NA,C24 H30 O7,FALSE,na,na,na,C24 H30 O7,yes,L4.3
FT_1.659_279.08747,C13 H14 O4,NA,C13 H14 O4,TRUE,na,na,na,C13 H14 O4,yes,L4.1
FT_1.664_363.10904,C12 H16 N10 O2 S,NA,C18 H20 O8,FALSE,na,na,na,C18 H20 O8,yes,L4.3
FT_1.664_447.20291,C18 H33 N4 O7 P,NA,C24 H32 O8,FALSE,na,na,na,C24 H32 O8,yes,L4.3
FT_1.660_211.09769,C4 H16 N6 O2 S,NA,C11 H16 O4,FALSE,na,na,na,na,na,delete
FT_1.660_307.08253,C14 H14 O5,NA,C14 H14 O5,TRUE,na,na,na,C14 H14 O5,yes,L4.1
FT_1.660_543.18795,C28 H32 O11,NA,NA,FALSE,,,no name,C28 H32 O11,,L4.3
FT_1.661_295.11875,C15 H20 O6,NA,C15 H20 O6,TRUE,na,na,na,C15 H20 O6,yes,L4.1
FT_1.661_339.10889,C13 H12 N10 O2,NA,NA,FALSE,,,no name,C13 H12 N10 O2,,L4.3
FT_1.664_447.23921,C12 H37 N10 O4 P S,NA,C25 H36 O7,FALSE,na,na,na,C25 H36 O7,yes,L4.3
FT_1.661_485.14584,NA,NA,NA,TRUE,,,no name,no formula,,L5
FT_1.661_531.26078,C18 H46 N8 O2 P2 S2,NA,NA,FALSE,,,no name,C18 H46 N8 O2 P2 S2,,L4.3
FT_1.661_533.27608,C24 H49 N4 O P3 S,NA,NA,FALSE,,,no name,C24 H49 N4 O P3 S,,L4.3
FT_1.665_317.10293,C10 H18 N6 O4 S,NA,C17 H18 O6,FALSE,na,na,na,C17 H18 O6,yes,L4.3
FT_1.662_471.16685,C27 H20 N8 O,NA,NA,FALSE,,,no name,C27 H20 N8 O,,L4.3
FT_1.663_267.12364,C14 H20 O5,NA,C14 H20 O5,TRUE,na,na,na,C14 H20 O5,yes,L4.1
FT_1.663_307.08258,C15 H16 O7,NA,C15 H16 O7,TRUE,na,na,na,C15 H16 O7,yes,L4.1
FT_1.663_309.09811,C14 H16 O5,NA,C14 H16 O5,TRUE,na,na,na,C14 H16 O5,yes,L4.1
FT_1.663_431.20791,C13 H38 N8 P2 S2,NA,NA,FALSE,,,no name,C13 H38 N8 P2 S2,,L4.3
FT_1.663_445.22349,C16 H39 N4 O6 P S,NA,C25 H34 O7,FALSE,keep sirius name,83.5,"[(2R,3R,4aR,7S,8R,8aR)-7'-formyl-3,4'-dihydroxy-6'-(hydroxymethyl)-4,4,7,8a-tetramethylspiro[2,3,4a,5,6,7-hexahydro-1H-naphthalene-8,2'-3H-1-benzofuran]-2-yl] acetate",C25 H34 O7,na,L3.3
FT_1.664_343.15524,C20 H24 O5,NA,C20 H24 O5,TRUE,"formula match, name sirius",94.25,"(1S,9R,10R)-3,4-dihydroxy-11,11-dimethyl-5-propan-2-yl-16-oxatetracyclo[7.5.2.01,10.02,7]hexadeca-2,4,6-triene-8,15-dione",C20 H24 O5,na,L3.3
FT_1.665_353.08835,C10 H14 N10 O3 S,NA,C16 H18 O9,FALSE,na,na,na,C16 H18 O9,yes,L4.3
FT_1.665_455.17188,C26 H24 N4 O4,NA,C25 H28 O8,FALSE,na,na,na,C25 H28 O8,yes,L4.3
FT_1.664_431.17208,C22 H26 O6,NA,C22 H26 O6,TRUE,na,na,na,na,na,delete
FT_1.665_501.24932,C22 H34 N10 O2 S,NA,C28 H38 O8,FALSE,na,na,na,C28 H38 O8,yes,L4.3
FT_1.666_445.18754,C25 H26 N4 O4,NA,C24 H30 O8,FALSE,na,na,na,C24 H30 O8,yes,L4.3
FT_1.664_531.22338,C20 H42 N2 O10 P2,NA,NA,FALSE,,,no name,C20 H42 N2 O10 P2,,L4.3
FT_1.665_311.11389,C19 H22 P2,NA,NA,FALSE,,,no name,C19 H22 P2,,L4.3
FT_1.668_373.12969,C13 H22 N6 O5 S,NA,C20 H22 O7,FALSE,na,na,na,C20 H22 O7,yes,L4.3
FT_1.665_323.11387,C16 H20 O7,NA,C16 H20 O7,TRUE,na,na,na,na,na,delete
FT_1.668_379.14023,C20 H28 O3 S2,NA,C16 H30 O6 P2,FALSE,na,na,na,C16 H30 O6 P2,yes,L4.3
FT_1.665_377.12496,C19 H22 O8,NA,NA,FALSE,,,no name,C19 H22 O8,,L4.3
FT_1.665_443.20801,C25 H32 O7,NA,NA,FALSE,,,no name,C25 H32 O7,,L4.3
FT_1.665_449.21855,C24 H34 O8,NA,C24 H34 O8,TRUE,na,na,na,C24 H34 O8,yes,L4.1
FT_1.668_401.16104,C15 H26 N6 O5 S,NA,C22 H26 O7,FALSE,na,na,na,C22 H26 O7,yes,L4.3
FT_1.665_457.15131,C18 H22 N10 O3 S,NA,NA,FALSE,,,,,,delete
FT_1.665_501.17695,C31 H26 N4 O S,NA,NA,FALSE,,,,,,delete
FT_1.668_415.10426,C15 H16 N10 O3 S,NA,C21 H20 O9,FALSE,na,na,na,C21 H20 O9,yes,L4.3
FT_1.665_515.19266,C27 H32 O10,NA,NA,FALSE,,,no name,C27 H32 O10,,L4.3
FT_1.666_223.06103,C11 H12 O5,NA,C11 H12 O5,TRUE,na,na,na,C11 H12 O5,yes,L4.1
FT_1.666_225.07686,C10 H12 O3,NA,C10 H12 O3,TRUE,na,na,na,C10 H12 O3,yes,L4.1
FT_1.666_323.11403,C15 H18 O5,NA,C15 H18 O5,TRUE,na,na,na,C15 H18 O5,yes,L4.1
FT_1.668_473.14544,C25 H30 O5 S2,NA,C24 H26 O10,FALSE,na,na,na,C24 H26 O10,yes,L4.3
FT_1.666_497.14597,C28 H18 N8 O2,NA,NA,FALSE,,,,,,delete
FT_1.667_207.02984,C10 H8 O5,NA,C10 H8 O5,TRUE,na,na,na,C10 H8 O5,yes,L4.1
FT_1.667_305.10312,C16 H18 O6,NA,C16 H18 O6,TRUE,na,na,na,C16 H18 O6,yes,L4.1
FT_1.667_335.11389,C16 H18 O5,NA,C16 H18 O5,TRUE,na,na,na,C16 H18 O5,yes,L4.1
FT_1.667_367.14004,C19 H28 O3 S2,NA,NA,FALSE,,,no name,C19 H28 O3 S2,,L4.3
FT_1.667_403.14010,C21 H24 O8,NA,C21 H24 O8,TRUE,na,na,na,C21 H24 O8,yes,L4.1
FT_1.667_415.13977,C19 H16 N10 O2,NA,NA,FALSE,,,no name,C19 H16 N10 O2,,L4.3
FT_1.667_431.24411,C25 H36 O6,NA,NA,FALSE,,,no name,C25 H36 O6,,L4.3
FT_1.667_471.13030,C27 H27 N2 P3,NA,NA,FALSE,,,no name,C27 H27 N2 P3,,L4.3
FT_1.667_487.16129,C18 H33 O13 P,NA,NA,FALSE,,,no name,C18 H33 O13 P,,L4.3
FT_1.668_225.07690,C11 H14 O5,NA,C11 H14 O5,TRUE,na,na,na,C11 H14 O5,yes,L4.1
FT_1.668_267.08740,C12 H14 O4,NA,C12 H14 O4,TRUE,"formula match, name sirius",80.19,"1-(2,4-Dimethoxyphenyl)butane-1,3-dione",C12 H14 O4,na,L3.3
FT_1.668_319.19177,C19 H28 O4,NA,C19 H28 O4,TRUE,na,na,na,C19 H28 O4,yes,L4.1
FT_1.668_321.09816,C15 H16 O5,NA,C15 H16 O5,TRUE,na,na,na,C15 H16 O5,na,L4.1
FT_1.668_361.12955,C19 H22 O7,NA,C19 H22 O7,TRUE,na,na,na,C19 H22 O7,na,L4.1
FT_1.668_483.13005,C26 H28 O5 S2,NA,C25 H24 O10,FALSE,na,na,na,C25 H24 O10,yes,L4.3
FT_1.669_319.11869,C11 H21 N4 O5 P,NA,C17 H20 O6,FALSE,na,na,na,C17 H20 O6,yes,L4.3
FT_1.669_333.13436,C11 H24 N6 O2 P2,NA,C18 H22 O6,FALSE,na,na,na,C18 H22 O6,yes,L4.3
FT_1.668_413.12507,C25 H23 N2 P S,NA,NA,FALSE,,,no name,C25 H23 N2 P S,,L4.3
FT_1.669_475.12491,C15 H32 N2 O4 P2 S2,NA,C22 H22 O9,FALSE,na,na,na,C22 H22 O9,yes,L4.3
FT_1.668_417.19239,C23 H30 O7,NA,C23 H30 O7,TRUE,na,na,na,C23 H30 O7,na,L4.1
FT_1.668_443.17136,C25 H34 O P2 S,NA,NA,FALSE,,,no name,C25 H34 O P2 S,,L4.3
FT_1.668_457.18774,C27 H22 N8,NA,NA,FALSE,,,no name,C27 H22 N8,,L4.3
FT_1.670_217.10742,C5 H15 N8 P,NA,C10 H18 O5,FALSE,na,na,na,C10 H18 O5,yes,L4.3
FT_1.670_429.15601,C17 H35 O6 P S2,NA,C23 H26 O8,FALSE,na,na,na,C23 H26 O8,yes,L4.3
FT_1.668_529.20881,C22 H30 N10 O4 S,NA,NA,FALSE,,,no name,C22 H30 N10 O4 S,,L4.3
FT_1.668_547.25517,C40 H37 P,NA,NA,FALSE,,,no name,C40 H37 P,,L4.3
FT_1.669_251.05608,C11 H10 O4,NA,C11 H10 O4,TRUE,"formula match, name sirius",80.7,"Cinnamic acid, p-hydroxy-, acetate",C11 H10 O4,na,L3.3
FT_1.669_283.15515,C15 H24 O5,NA,C15 H24 O5,TRUE,na,na,na,C15 H24 O5,na,L4.1
FT_1.669_311.11388,C14 H18 O5,NA,C14 H18 O5,TRUE,na,na,na,C14 H18 O5,na,L4.1
FT_1.670_459.20242,C19 H33 N4 O7 P,NA,C25 H32 O8,FALSE,na,na,na,C25 H32 O8,yes,L4.3
FT_1.670_475.12502,C17 H35 O7 P3 S,NA,C23 H24 O11,FALSE,na,na,na,C23 H24 O11,yes,L4.3
FT_1.669_365.16126,NA,NA,NA,TRUE,,,no name,no formula,,L5
FT_1.669_401.12462,NA,NA,NA,TRUE,,,no name,no formula,,L5
FT_1.669_405.19270,C22 H30 O7,NA,NA,FALSE,,,no name,C22 H30 O7,,L4.3
FT_1.669_457.11501,C19 H23 N8 P S2,NA,NA,FALSE,,,,,,delete
FT_1.669_461.21802,C17 H40 N2 O8 P2,NA,NA,FALSE,,,no name,C17 H40 N2 O8 P2,,L4.3
FT_1.669_473.21806,C23 H34 N6 O S2,NA,NA,FALSE,,,no name,C23 H34 N6 O S2,,L4.3
FT_1.671_265.14448,C9 H23 N4 O3 P,NA,C15 H22 O4,FALSE,na,na,na,C15 H22 O4,yes,L4.3
FT_1.669_499.16165,C31 H24 N4 O S,NA,NA,FALSE,,,no name,C31 H24 N4 O S,,L4.3
FT_1.669_517.17239,C20 H36 N6 O2 P2 S2,NA,NA,FALSE,,,no name,C20 H36 N6 O2 P2 S2,,L4.3
FT_1.669_517.24449,C28 H38 O9,NA,NA,FALSE,,,no name,C28 H38 O9,,L4.3
FT_1.669_519.25974,C21 H45 O12 P,NA,NA,FALSE,,,no name,C21 H45 O12 P,,L4.3
FT_1.670_181.05059,C9 H10 O4,NA,C9 H10 O4,TRUE,"formula match, name sirius",82.16,"1-(2,3-Dihydroxy-4-methoxyphenyl)ethanone",C9 H10 O4,na,L3.3
FT_1.671_319.08282,C10 H17 N4 O6 P,NA,C16 H16 O7,FALSE,na,na,na,C16 H16 O7,yes,L4.3
FT_1.670_281.13935,C15 H22 O5,NA,C15 H22 O5,TRUE,na,na,na,C15 H22 O5,na,L4.1
FT_1.670_321.09817,C16 H18 O7,NA,C16 H18 O7,TRUE,na,na,na,na,na,delete
FT_1.670_321.13415,C11 H23 N4 O5 P,NA,C17 H22 O6,FALSE,na,na,na,na,na,delete
FT_1.670_331.11950,C18 H20 O6,NA,C18 H20 O6,TRUE,na,na,na,C18 H20 O6,na,L4.1
FT_1.670_333.09818,C17 H18 O7,NA,C17 H18 O7,TRUE,na,na,na,C17 H18 O7,na,L4.1
FT_1.670_347.15044,C19 H24 O6,NA,C19 H24 O6,TRUE,na,na,na,C19 H24 O6,na,L4.1
FT_1.670_389.12457,C12 H28 N2 O8 P2,NA,NA,FALSE,,,no name,C12 H28 N2 O8 P2,,L4.3
FT_1.670_391.14039,C12 H30 N2 O8 P2,NA,NA,FALSE,,,no name,C12 H30 N2 O8 P2,,L4.3
FT_1.670_423.12996,C20 H24 O10,NA,NA,FALSE,,,no name,C20 H24 O10,,L4.3
FT_1.671_447.16771,C24 H24 N4 O5,NA,C23 H28 O9,FALSE,na,na,na,C23 H28 O9,yes,L4.3
FT_1.672_319.08280,C7 H20 N2 O5 P2,NA,C15 H14 O5,FALSE,na,na,na,C15 H14 O5,yes,L4.3
FT_1.670_471.13034,C17 H18 N10 O2 S,NA,NA,FALSE,,,no name,C17 H18 N10 O2 S,,L4.3
FT_1.672_379.17641,C14 H29 N4 O6 P,NA,C20 H28 O7,FALSE,na,na,na,C20 H28 O7,yes,L4.3
FT_1.671_243.08762,C6 H13 N8 O P,NA,NA,FALSE,,,,,,delete
FT_1.671_251.05608,C12 H12 O6,NA,C12 H12 O6,TRUE,na,na,na,C12 H12 O6,na,L4.1
FT_1.672_403.17678,C16 H29 N4 O6 P,NA,C22 H28 O7,FALSE,na,na,na,C22 H28 O7,yes,L4.3
FT_1.671_285.13465,C14 H22 O6,NA,C14 H22 O6,TRUE,na,na,na,C14 H22 O6,na,L4.1
FT_1.672_417.15587,C23 H22 N4 O4,NA,C22 H26 O8,FALSE,na,na,na,C22 H26 O8,yes,L4.3
FT_1.671_363.14495,C19 H24 O7,NA,C19 H24 O7,TRUE,na,na,na,C19 H24 O7,na,L4.1
FT_1.671_387.14538,C21 H24 O7,NA,C21 H24 O7,TRUE,na,na,na,C21 H24 O7,na,L4.1
FT_1.671_391.14027,C11 H28 N2 O6 P2,NA,NA,FALSE,,,no name,C11 H28 N2 O6 P2,,L4.3
FT_1.671_391.17662,C15 H29 N4 O6 P,NA,NA,FALSE,,,,,,delete
FT_1.671_407.17142,C16 H33 N4 O2 P S2,NA,NA,FALSE,,,no name,C16 H33 N4 O2 P S2,,L4.3
FT_1.671_409.15084,NA,NA,NA,TRUE,,,no name,no formula,,L5
FT_1.672_475.19772,C26 H36 O4 S2,NA,C25 H32 O9,FALSE,na,na,na,C25 H32 O9,yes,L4.3
FT_1.672_209.04538,C9 H8 O3,NA,C9 H8 O3,TRUE,na,na,na,C9 H8 O3,na,L4.1
FT_1.672_215.09272,C10 H16 O5,NA,C10 H16 O5,TRUE,na,na,na,C10 H16 O5,na,L4.1
FT_1.672_237.07704,C12 H14 O5,NA,C12 H14 O5,TRUE,na,na,na,C12 H14 O5,na,L4.1
FT_1.672_297.13448,C15 H22 O6,NA,C15 H22 O6,TRUE,na,na,na,C15 H22 O6,na,L4.1
FT_1.673_405.11934,C20 H16 N4 O3,NA,C19 H20 O7,FALSE,na,na,na,C19 H20 O7,yes,L4.3
FT_1.672_335.15020,C18 H24 O6,NA,C18 H24 O6,TRUE,na,na,na,C18 H24 O6,na,L4.1
FT_1.674_463.19756,C17 H32 N6 O7 S,NA,C24 H32 O9,FALSE,na,na,na,C24 H32 O9,yes,L4.3
FT_1.674_469.15143,C12 H27 N10 O6 P S,NA,C25 H26 O9,FALSE,na,na,na,C25 H26 O9,yes,L4.3
FT_1.675_467.22887,C18 H37 N4 O8 P,NA,C24 H36 O9,FALSE,na,na,na,C24 H36 O9,yes,L4.3
FT_1.672_435.20253,C24 H28 N4 O4,NA,NA,FALSE,,,no name,C24 H28 N4 O4,,L4.3
FT_1.672_443.13496,C23 H24 O9,NA,NA,FALSE,,,no name,C23 H24 O9,,L4.3
FT_1.672_457.11489,C16 H16 N10 O2 S,NA,NA,FALSE,,,no name,C16 H16 N10 O2 S,,L4.3
FT_1.672_461.18210,C16 H36 N2 O9 P2,NA,NA,FALSE,,,no name,C16 H36 N2 O9 P2,,L4.3
FT_1.682_311.07737,C15 H20 O3 S2,NA,C14 H16 O8,FALSE,na,na,na,C14 H16 O8,yes,L4.3
FT_1.673_235.06131,C12 H12 O5,NA,C12 H12 O5,TRUE,na,na,na,C12 H12 O5,na,L4.1
FT_1.673_299.15064,C16 H20 N4 O2,NA,NA,FALSE,,,no name,C16 H20 N4 O2,,L4.3
FT_1.673_377.16086,C20 H26 O7,NA,C20 H26 O7,TRUE,na,na,na,C20 H26 O7,na,L4.1
FT_1.673_405.11927,C9 H28 N8 O2 P2 S2,NA,NA,FALSE,,,no name,C9 H28 N8 O2 P2 S2,,L4.3
FT_1.700_283.11875,C7 H20 N6 O4 S,NA,C14 H20 O6,FALSE,na,na,na,C14 H20 O6,yes,L4.3
FT_1.673_473.18140,C21 H36 N2 O4 P2 S,NA,NA,FALSE,,,no name,C21 H36 N2 O4 P2 S,,L4.3
FT_1.673_483.16567,C26 H28 O9,NA,C26 H28 O9,TRUE,na,na,na,na,na,delete
FT_1.673_531.18803,C29 H24 N8 O3,NA,NA,FALSE,,,no name,C29 H24 N8 O3,,L4.3
FT_1.674_339.14516,NA,NA,NA,TRUE,,,no name,no formula,,L5
FT_1.674_395.13575,NA,NA,NA,TRUE,,,no name,no formula,,L5
FT_1.707_319.05735,C14 H12 N2 O7,NA,C19 H12 O5,FALSE,na,na,na,C19 H12 O5,yes,L4.3
FT_1.818_379.01296,C17 H8 N4 O5 S,NA,C16 H12 O9 S,FALSE,na,na,na,C16 H12 O9 S,yes,L4.3
FT_1.674_487.19764,C20 H28 N10 O3 S,NA,NA,FALSE,,,no name,C20 H28 N10 O3 S,,L4.3
FT_1.674_515.15663,C24 H24 N10 S2,NA,NA,FALSE,,,no name,C24 H24 N10 S2,,L4.3
FT_1.674_527.15629,C32 H26 N4 P2,NA,NA,FALSE,,,no name,C32 H26 N4 P2,,L4.3
FT_1.675_207.06611,C11 H12 O4,NA,C11 H12 O4,TRUE,"formula match, name sirius",82.67,"1-(2,4-Dihydroxy-6-methoxyphenyl)but-2-en-1-one",C11 H12 O4,na,L3.3
FT_1.675_349.16541,NA,NA,NA,TRUE,,,no name,no formula,,L5
FT_1.675_421.18688,C26 H32 O P2,NA,NA,FALSE,,,no name,C26 H32 O P2,,L4.3
FT_1.844_199.97823,C3 H8 N O5 P S,NA,C7 H7 O3 P2,FALSE,na,na,na,C7 H7 O3 P2,yes,L4.3
FT_1.676_277.07167,C14 H14 O6,NA,C14 H14 O6,TRUE,na,na,na,C14 H14 O6,na,L4.1
FT_1.676_279.12381,C15 H20 O5,NA,C15 H20 O5,TRUE,na,na,na,C15 H20 O5,na,L4.1
FT_1.676_437.21851,C23 H34 O8,NA,NA,FALSE,,,no name,C23 H34 O8,,L4.3
FT_1.678_295.08240,C13 H14 O5,NA,C13 H14 O5,TRUE,na,na,na,C13 H14 O5,na,L4.1
FT_1.680_217.05042,C12 H10 O4,NA,C12 H10 O4,TRUE,"formula match, name sirius",92.69,8-Acetyl-7-deuteriooxy-4-methylchromen-2-one,C12 H10 O4,na,L3.3
FT_1.680_265.07184,C13 H14 O6,NA,C13 H14 O6,TRUE,na,na,na,na,na,delete
FT_1.681_237.04042,C10 H8 O4,NA,C10 H8 O4,TRUE,na,na,na,C10 H8 O4,na,L4.1
FT_1.681_295.08240,C14 H16 O7,NA,C14 H16 O7,TRUE,na,na,na,C14 H16 O7,na,L4.1
FT_1.682_237.04043,C11 H10 O6,fragment,C11 H10 O6,TRUE,,,,,,delete
FT_1.682_265.07181,C12 H12 O4,NA,C12 H12 O4,TRUE,na,na,na,na,na,delete
FT_1.845_216.98085,C3 H4 N6 O2 P2,NA,C7 H8 O4 P2,FALSE,na,na,na,C7 H8 O4 P2,yes,L4.3
FT_1.686_261.04054,C13 H10 O6,NA,C13 H10 O6,TRUE,na,na,na,C13 H10 O6,yes,L4.1
FT_1.689_283.11872,C13 H18 O4,NA,C13 H18 O4,TRUE,na,na,na,C13 H18 O4,yes,L4.1
FT_1.690_203.03465,C11 H8 O4,NA,C11 H8 O4,TRUE,na,na,na,C11 H8 O4,yes,L4.1
FT_1.697_187.06115,C8 H12 O5,NA,C8 H12 O5,TRUE,na,na,na,C8 H12 O5,yes,L4.1
FT_1.699_247.02483,C12 H8 O6,NA,C12 H8 O6,TRUE,na,na,na,C12 H8 O6,yes,L4.1
FT_1.939_216.98085,C2 H3 N8 O P S,NA,C7 H8 O4 P2,FALSE,na,na,na,C7 H8 O4 P2,yes,L4.3
FT_1.704_181.08693,C10 H14 O3,NA,C10 H14 O3,TRUE,na,na,na,na,na,delete
FT_1.978_315.10881,C15 H24 O3 S2,NA,C14 H20 O8,FALSE,na,na,na,C14 H20 O8,yes,L4.3
FT_1.709_189.07684,C8 H14 O5,NA,C8 H14 O5,TRUE,na,na,na,C8 H14 O5,yes,L4.1
FT_1.714_559.18249,C20 H38 N2 O12 P2,NA,C34 H28 N2 O6,FALSE,na,na,na,na,na,delete
FT_1.731_323.07746,C15 H16 O8,NA,C15 H16 O8,TRUE,na,na,na,C15 H16 O8,yes,L4.1
FT_1.750_211.06112,C10 H12 O5,NA,C10 H12 O5,TRUE,na,na,na,C10 H12 O5,yes,L4.1
FT_1.780_225.07683,C11 H14 O5,NA,C11 H14 O5,TRUE,na,na,na,na,na,delete
FT_1.783_295.04601,C13 H12 O8,NA,C13 H12 O8,TRUE,na,na,na,C13 H12 O8,yes,L4.1
FT_1.801_171.06628,C8 H12 O4,NA,C8 H12 O4,TRUE,na,na,na,na,na,delete
FT_1.807_279.08746,C14 H16 O6,NA,C14 H16 O6,TRUE,na,na,na,C14 H16 O6,yes,L4.1
FT_1.979_256.97591,C3 H9 N4 O4 P3,NA,C9 H8 O5 P2,FALSE,na,na,na,C9 H8 O5 P2,yes,L4.3
FT_1.980_242.02817,C5 H5 N7 O5,NA,C6 H14 N O5 P S,FALSE,na,na,na,C6 H14 N O5 P S,yes,L4.3
FT_10.760_485.15131,C19 H26 N4 O11,NA,C18 H30 O15,FALSE,na,na,na,C18 H30 O15,yes,L4.3
FT_1.865_309.06179,C14 H14 O8,NA,C14 H14 O8,TRUE,na,na,na,C14 H14 O8,yes,L4.1
FT_1.872_215.09258,C10 H16 O5,NA,C10 H16 O5,TRUE,na,na,na,na,na,delete
FT_1.904_269.10308,C13 H18 O6,NA,C13 H18 O6,TRUE,na,na,na,C13 H18 O6,yes,L4.1
FT_10.760_553.13878,C25 H32 O10 P2,NA,C21 H30 O17,FALSE,na,na,na,C21 H30 O17,yes,L4.3
FT_1.978_113.06086,C6 H10 O2,fragment,C6 H10 O2,TRUE,,,,,,delete
FT_1.978_157.05057,C7 H10 O4,NA,C7 H10 O4,TRUE,"formula match, name sirius",81.74,Isopropylidene-succinic acid,C7 H10 O4,na,L3.3
FT_10.760_585.07635,C33 H18 N2 O7 S,NA,C21 H24 N4 O12 P2,FALSE,na,na,na,C21 H24 N4 O12 P2,yes,L4.3
FT_11.141_455.10204,C13 H31 O11 P3,NA,C17 H20 N4 O11,FALSE,na,na,na,C17 H20 N4 O11,yes,L4.3
FT_11.147_441.03427,C17 H19 N2 O6 P S2,NA,C10 H16 N6 O10 P2,FALSE,na,na,na,C10 H16 N6 O10 P2,yes,L4.3
FT_10.165_266.08820,C9 H17 N O8,NA,C10 H13 N5 O4,FALSE,keep sirius name,85.92,adenosine,C10 H13 N5 O4,na,L3.3
FT_10.165_329.08405,C10 H14 N6 O7,NA,NA,FALSE,,,no name,C10 H14 N6 O7,,L4.3
FT_10.211_401.13034,C14 H26 O13,NA,C14 H26 O13,TRUE,"formula match, name sirius",81.44,Hep-Hep,C14 H26 O13,na,L3.3
FT_10.755_259.12997,C11 H20 N2 O5,NA,C11 H20 N2 O5,TRUE,"formula match, name sirius",100,gamma-Glu-leu,C11 H20 N2 O5,na,L3.3
FT_12.208_441.03444,C17 H19 N2 O6 P S2,NA,C10 H16 N6 O10 P2,FALSE,na,na,na,C10 H16 N6 O10 P2,yes,L4.3
FT_12.209_729.23024,C22 H47 N4 O14 P3,NA,C31 H40 O17,FALSE,na,na,na,C31 H40 O17,yes,L4.3
FT_12.211_444.03209,C13 H16 N7 O5 P S2,NA,C10 H17 N5 O11 P2,FALSE,na,na,na,C10 H17 N5 O11 P2,yes,L4.3
FT_10.768_401.13033,C14 H26 O13,NA,C14 H26 O13,TRUE,na,na,na,C14 H26 O13,yes,L4.1
FT_10.775_157.06179,C6 H10 N2 O3,NA,C6 H10 N2 O3,TRUE,na,na,na,C6 H10 N2 O3,yes,L4.1
FT_10.894_315.13125,C12 H20 N4 O6,NA,C12 H20 N4 O6,TRUE,"formula match, name sirius",96.31,N-acetyl-L-glutaminyl-L-glutamine,C12 H20 N4 O6,yes,L3.3
FT_12.212_455.10198,C13 H31 O11 P3,NA,C21 H20 N4 O6 S,FALSE,na,na,na,C21 H20 N4 O6 S,yes,L4.3
FT_11.145_404.10479,C12 H23 N O14,NA,NA,FALSE,,,no name,C12 H23 N O14,,L4.3
FT_12.214_427.12053,C18 H26 N2 O6 P2,NA,C14 H24 N2 O13,FALSE,na,na,na,C14 H24 N2 O13,yes,L4.3
FT_11.151_459.04495,C28 H8 N6 S,NA,NA,FALSE,,,no name,C28 H8 N6 S,,L4.3
FT_11.478_245.11431,C10 H18 N2 O5,NA,C10 H18 N2 O5,TRUE,"formula match, name sirius",95.2,glutamylvaline,C10 H18 N2 O5,na,L3.3
FT_11.767_487.16695,C19 H28 N4 O11,NA,C18 H32 O15,FALSE,keep sirius name,96.53,solatriose,C18 H32 O15,na,L3.3
FT_11.780_225.06158,C7 H14 O8,NA,C7 H14 O8,TRUE,na,na,na,C7 H14 O8,yes,L4.1
FT_11.815_173.00260,C5 H6 N2 O3 S,NA,C5 H6 N2 O3 S,TRUE,na,na,na,C5 H6 N2 O3 S,yes,L4.1
FT_11.957_404.10480,C12 H23 N O14,NA,NA,FALSE,,,,,,delete
FT_12.092_377.08584,C12 H23 Cl O11,NA,C11 H23 O12 P,FALSE,na,na,na,na,na,delete
FT_12.130_267.07221,C8 H14 O7,fragment,C8 H14 O7,TRUE,,,,,,delete
FT_12.130_267.07223,C9 H16 O9,NA,C10 H12 N4 O5,FALSE,keep sirius name,95.5,inosinum,C10 H12 N4 O5,na,L3.3
FT_12.203_459.04506,C27 H12 N2 O4 S,NA,NA,FALSE,,,no name,C27 H12 N2 O4 S,,L4.3
FT_12.207_404.10475,C12 H23 N O14,NA,NA,FALSE,,,no name,C12 H23 N O14,,L4.3
FT_12.660_592.06935,C20 H21 N9 O7 P2 S,NA,C17 H20 N7 O15 P,FALSE,na,na,na,C17 H20 N7 O15 P,yes,L4.3
FT_12.662_557.13355,C17 H37 O14 P3,NA,C27 H26 O13,FALSE,na,na,na,C27 H26 O13,yes,L4.3
FT_12.663_366.99751,C14 H5 N6 O5 P,NA,C11 H14 O10 P2,FALSE,na,na,na,C11 H14 O10 P2,yes,L4.3
FT_12.664_335.05996,C10 H17 N4 O5 P S,NA,C12 H16 O11,FALSE,na,na,na,C12 H16 O11,yes,L4.3
FT_12.664_349.99486,C9 H11 N3 O8 P2,NA,C7 H14 N O11 P S,FALSE,na,na,na,C7 H14 N O11 P S,yes,L4.3
FT_12.250_512.01961,C11 H16 N9 O9 P S2,NA,C13 H17 N5 O13 P2,FALSE,na,na,na,na,na,delete
FT_12.251_267.07222,C9 H16 O9,NA,C10 H12 N4 O5,FALSE,na,na,na,na,na,delete
FT_12.561_267.07221,C9 H16 O9,NA,C10 H12 N4 O5,FALSE,na,na,na,na,na,delete
FT_12.588_421.06592,C16 H24 O7 P2 S,NA,C12 H22 O14 S,FALSE,keep sirius name,90.66,Trehalose 2-sulfate,C12 H22 O14 S,na,L3.3
FT_12.667_369.99465,C6 H15 N O13 P2,NA,C8 H20 O8 P S3,FALSE,na,na,na,C8 H20 O8 P S3,yes,L4.3
FT_12.668_696.21990,C25 H39 N5 O18,NA,C24 H39 N7 O15 S,FALSE,na,na,na,C24 H39 N7 O15 S,yes,L4.3
FT_12.672_546.07685,C28 H22 N O7 P S,NA,C21 H17 N5 O13,FALSE,na,na,na,C21 H17 N5 O13,yes,L4.3
FT_12.663_535.15166,C18 H32 O18,NA,C18 H32 O18,TRUE,na,na,na,C18 H32 O18,yes,L4.1
FT_12.664_267.07219,C9 H16 O9,NA,C10 H12 N4 O5,FALSE,keep sirius name,88.89,inosinum,C10 H12 N4 O5,na,L3.3
FT_12.684_542.13382,C23 H31 N O10 P2,NA,C15 H25 N7 O15,FALSE,na,na,na,C15 H25 N7 O15,yes,L4.3
FT_12.842_543.06597,C33 H21 O2 P S2,NA,C18 H26 O15 P2,FALSE,na,na,na,C18 H26 O15 P2,yes,L4.3
FT_12.933_530.08007,C14 H32 N O12 P3 S,NA,C15 H26 N5 O10 P S2,FALSE,na,na,na,C15 H26 N5 O10 P S2,yes,L4.3
FT_13.009_565.10152,C16 H29 N10 O3 P3 S2,NA,C17 H30 N2 O15 S2,FALSE,na,na,na,C17 H30 N2 O15 S2,yes,L4.3
FT_13.273_529.05022,C17 H22 O17 S,NA,C17 H24 O15 P2,FALSE,na,na,na,C17 H24 O15 P2,yes,L4.3
FT_12.676_474.14656,C15 H27 N O13,NA,C15 H27 N O13,TRUE,na,na,na,C15 H27 N O13,yes,L4.1
FT_12.680_491.13674,C15 H28 N2 O16,NA,NA,FALSE,,,no name,C15 H28 N2 O16,,L4.3
FT_13.282_335.07517,C9 H21 O11 P,NA,C10 H17 N4 O7 P,FALSE,na,na,na,C10 H17 N4 O7 P,yes,L4.3
FT_12.806_421.06605,C12 H22 O14 S,NA,C12 H22 O14 S,TRUE,na,na,na,C12 H22 O14 S,yes,L4.1
FT_13.283_429.12512,C15 H26 O14,NA,C10 H23 N8 O9 P,FALSE,na,na,na,C10 H23 N8 O9 P,yes,L4.3
FT_12.933_462.09245,C15 H21 N5 O10 S,NA,C15 H29 N O9 S3,FALSE,keep sirius name,100,7-(Methylthio)heptyl-glucosinolate,C15 H29 N O9 S3,na,L3.3
FT_13.319_603.05365,C25 H18 N8 O5 P2 S,NA,C18 H27 N2 O15 P3,FALSE,na,na,na,C18 H27 N2 O15 P3,yes,L4.3
FT_12.933_565.01559,NA,NA,NA,TRUE,,,no name,no formula,,L5
FT_13.904_429.12517,C16 H22 N4 O10,NA,C15 H26 O14,FALSE,na,na,na,C15 H26 O14,yes,L4.3
FT_14.028_603.08687,C36 H17 Cl N4 O4,NA,C20 H24 N6 O12 S2,FALSE,na,na,na,C20 H24 N6 O12 S2,yes,L4.3
FT_14.029_606.08502,C27 H22 N5 O8 P S,NA,C22 H26 N O17 P,FALSE,na,na,na,C22 H26 N O17 P,yes,L4.3
FT_14.029_617.15437,C19 H41 O16 P3,NA,C23 H30 N4 O16,FALSE,na,na,na,C23 H30 N4 O16,yes,L4.3
FT_13.283_532.04834,C24 H16 N5 O6 P S,NA,C14 H20 N3 O17 P,FALSE,na,na,na,na,na,delete
FT_13.290_497.11264,C22 H28 O9 P2,NA,C18 H26 O16,FALSE,na,na,na,na,na,delete
FT_13.293_649.21933,C25 H38 N4 O16,NA,C24 H42 O20,FALSE,keep sirius name,79.58,Fuc(a1-2)[Gal(a1-3)]Gal(b1-4)Glc,C24 H42 O20,yes,L3.3
FT_14.032_559.08117,C14 H22 Cl2 N10 O10,NA,C19 H28 O15 S2,FALSE,na,na,na,C19 H28 O15 S2,yes,L4.3
FT_13.321_503.12848,C17 H25 N6 O10 P,NA,C16 H29 N2 O14 P,FALSE,keep sirius name,93.21,alpha-D-ManAc-(1-P-6)-alpha-D-ManAc,C16 H29 N2 O14 P,na,L3.3
FT_13.830_274.10456,C10 H17 N3 O6,NA,C10 H17 N3 O6,TRUE,"formula match, name sirius",96.62,gamma-Glutamylglutamine,C10 H17 N3 O6,na,L3.3
FT_14.250_419.08676,C13 H24 O13 S,NA,C17 H24 O8 S2,FALSE,na,na,na,C17 H24 O8 S2,yes,L4.3
FT_14.266_636.19911,C23 H35 N5 O16,NA,C22 H39 N O20,FALSE,na,na,na,C22 H39 N O20,yes,L4.3
FT_14.029_566.15742,C19 H29 N5 O15,NA,NA,FALSE,,,no name,C19 H29 N5 O15,,L4.3
FT_14.691_446.09756,C17 H28 N3 O3 P3 S,NA,C19 H13 N9 O5,FALSE,na,na,na,C19 H13 N9 O5,yes,L4.3
FT_14.736_269.95928,C4 H6 N3 O7 P S,NA,C5 H7 N O8 P2,FALSE,na,na,na,C5 H7 N O8 P2,yes,L4.3
FT_14.029_621.09731,C33 H22 N2 O9 S,NA,NA,FALSE,,,no name,C33 H22 N2 O9 S,,L4.3
FT_14.745_275.95730,C6 H5 N3 O6 P2,NA,C9 H N4 O5 S,FALSE,na,na,na,C9 H N4 O5 S,yes,L4.3
FT_14.071_563.18295,C20 H36 O18,NA,C20 H36 O18,TRUE,"formula match, name sirius",84.57,beta-D-Glc-(1->4)-[L-alpha-D-Hep-(1->3)]-L-alpha-D-Hep,C20 H36 O18,na,L3.3
FT_14.186_421.06603,C15 H25 N2 O4 P3 S,NA,C12 H22 O14 S,FALSE,keep sirius name,82.47,"[(2S,3S,4S,5R)-3,4-dihydroxy-5-(hydroxymethyl)-2-[(2R,3R,4S,5S,6R)-3,4,5-trihydroxy-6-(hydroxymethyl)oxan-2-yl]oxyoxolan-2-yl]methyl hydrogen sulfate",C12 H22 O14 S,yes,L3.3
FT_14.755_500.91975,C8 H8 Cl2 N4 O17,NA,C6 H8 N4 O19 P2,FALSE,na,na,na,C6 H8 N4 O19 P2,yes,L4.3
FT_14.255_566.15747,C19 H29 N5 O15,NA,NA,FALSE,,,no name,C19 H29 N5 O15,,L4.3
FT_14.756_272.95894,C5 H9 Cl N2 O5 P2,NA,C2 H2 N4 O12,FALSE,na,na,na,C2 H2 N4 O12,yes,L4.3
FT_14.339_355.08840,C12 H20 O12,NA,C12 H20 O12,TRUE,"formula match, name sirius",84.51,GlcA(b1-4)a-Glc,C12 H20 O12,na,L3.3
FT_14.370_421.06602,C15 H25 N2 O4 P3 S,NA,C12 H22 O14 S,FALSE,keep sirius name,87.91,2-sulfotrehalose,C12 H22 O14 S,yes,L3.3
FT_14.398_446.09757,C14 H25 N O13 S,NA,C14 H25 N O13 S,TRUE,na,na,na,C14 H25 N O13 S,yes,L4.1
FT_14.759_160.97604,C3 H3 N2 O4 P,NA,C2 H2 N4 O3 S,FALSE,na,na,na,C2 H2 N4 O3 S,yes,L4.3
FT_14.760_158.97849,C H4 O9,NA,C2 N4 O5,FALSE,na,na,na,C2 N4 O5,yes,L4.3
FT_14.974_314.86449,C2 H N6 O3 P S4,NA,C H5 N2 O7 P S4,FALSE,na,na,na,C H5 N2 O7 P S4,yes,L4.3
FT_14.753_132.92351,NA,NA,NA,TRUE,,,,,,delete
FT_14.754_114.98873,NA,NA,NA,TRUE,,,no name,no formula,,L5
FT_14.754_386.93952,C17 H6 Cl2 N2 O3 S,fragment,C6 H4 N4 O14 S,FALSE,,,,,,delete
FT_15.006_711.21974,C20 H41 N8 O18 P,NA,C32 H40 O18,FALSE,na,na,na,C32 H40 O18,yes,L4.3
FT_15.255_647.13409,C25 H35 N2 O12 P3,NA,C21 H33 N2 O19 P,FALSE,na,na,na,C21 H33 N2 O19 P,yes,L4.3
FT_16.005_304.91409,C4 H9 N2 O4 P3 S2,NA,C2 H2 N4 O10 S2,FALSE,na,na,na,C2 H2 N4 O10 S2,yes,L4.3
FT_14.760_130.98372,C3 H5 N2 P S,fragment,C N4 O4,FALSE,,,,,,delete
FT_16.005_564.82986,C10 H4 N2 O18 P2 S2,NA,C13 H5 N4 O10 P3 S3,FALSE,na,na,na,C13 H5 N4 O10 P3 S3,yes,L4.3
FT_14.760_159.97896,NA,NA,NA,TRUE,,,no name,no formula,,L5
FT_14.761_421.88802,C5 H8 Cl N7 O4 P2 S3,NA,C3 H2 N7 O12 P S2,FALSE,na,na,na,na,na,delete
FT_14.765_262.93015,C6 H3 Cl2 N4 O2 P,NA,C2 H4 N2 O9 S2,FALSE,na,na,na,na,na,delete
FT_14.768_307.90717,C3 H10 N3 O2 P3 S3,NA,C5 H2 N4 O6 P S2,FALSE,na,na,na,na,na,delete
FT_14.771_289.94915,C4 H6 Cl N3 O8 S,NA,C5 H3 N5 O6 P2,FALSE,na,na,na,na,na,delete
FT_14.809_297.87833,C4 H2 Cl2 N5 O P3,NA,C2 N5 O5 P3 S,FALSE,na,na,na,na,na,delete
FT_2.068_379.01299,C17 H8 N4 O5 S,NA,C10 H13 N4 O8 P S,FALSE,na,na,na,C10 H13 N4 O8 P S,yes,L4.3
FT_14.983_196.88536,NA,NA,NA,TRUE,,,no name,no formula,,L5
FT_14.984_179.88246,NA,fragment,NA,TRUE,,,,,,delete
FT_14.984_276.84223,NA,NA,NA,TRUE,,,,,,delete
FT_14.985_96.96012,NA,NA,NA,TRUE,,,no name,no formula,,L5
FT_14.987_194.92751,NA,NA,NA,TRUE,,,no name,no formula,,L5
FT_14.988_197.88548,NA,NA,NA,TRUE,,,no name,no formula,,L5
FT_15.002_294.83128,NA,NA,NA,TRUE,,,,,,delete
FT_2.098_286.98634,C10 H8 O8 S,NA,C10 H10 O6 P2,FALSE,na,na,na,C10 H10 O6 P2,yes,L4.3
FT_15.006_763.18139,C23 H43 N8 O13 P3 S,NA,NA,FALSE,,,no name,C23 H43 N8 O13 P3 S,,L4.3
FT_15.009_711.21976,C21 H34 N10 O15,NA,C24 H42 O21,FALSE,keep sirius name,81.31,Isomaltotetraose,C24 H42 O21,na,L3.3
FT_15.112_462.10202,C14 H26 N O14 P,NA,C14 H26 N O14 P,TRUE,"formula match, name sirius",90.97,"[3-Acetamido-4,5-dihydroxy-6-(hydroxymethyl)oxan-2-yl] (3,4,5,6-tetrahydroxyoxan-2-yl)methyl hydrogen phosphate",C14 H26 N O14 P,na,L3.3
FT_2.202_278.99668,C14 H5 N2 O3 P,NA,C12 H10 O4 P2,FALSE,na,na,na,C12 H10 O4 P2,yes,L4.3
FT_2.225_247.05869,C10 H19 O P3,NA,C10 H17 O3 P S,FALSE,na,na,na,C10 H17 O3 P S,yes,L4.3
FT_16.005_434.87212,C12 H7 O8 P3 S2,fragment,C6 H4 N4 O11 S4,FALSE,,,,,,delete
FT_2.240_171.02745,C3 H4 N6 O3,NA,C5 H6 N3 O4,FALSE,na,na,na,C5 H6 N3 O4,yes,L4.3
FT_16.007_132.92352,NA,NA,NA,TRUE,,,,,,delete
FT_16.041_873.27215,C35 H50 N4 O15 P2,NA,C30 H52 O26,FALSE,keep sirius name,83.96,Laminaripentaose,C30 H52 O26,yes,L3.3
FT_16.807_989.31879,C48 H53 N10 O8 P3,NA,C36 H62 O31,FALSE,keep sirius name,94.89,Glc(b1-4)Glc(b1-3)Glc(b1-4)Glc(b1-4)Glc(b1-3)Glc,C36 H62 O31,na,L3.3
FT_2.025_225.04042,C10 H10 O6,NA,C10 H10 O6,TRUE,na,na,na,C10 H10 O6,yes,L4.1
FT_2.027_263.05621,C13 H12 O6,NA,C13 H12 O6,TRUE,na,na,na,na,na,delete
FT_2.028_311.11385,C15 H20 O7,NA,C15 H20 O7,TRUE,na,na,na,C15 H20 O7,yes,L4.1
FT_2.039_319.05733,C14 H12 N2 O7,NA,C14 H12 N2 O7,TRUE,na,na,na,C14 H12 N2 O7,yes,L4.1
FT_2.062_279.08747,C14 H16 O6,NA,C14 H16 O6,TRUE,na,na,na,C14 H16 O6,yes,L4.1
FT_2.241_202.96511,C8 H N2 O3 P,NA,C6 H6 O4 P2,FALSE,na,na,na,C6 H6 O4 P2,yes,L4.3
FT_2.245_287.08846,C10 H14 N2 O5,NA,C8 H19 O6 P,FALSE,na,na,na,C8 H19 O6 P,yes,L4.3
FT_2.130_202.96513,NA,NA,NA,TRUE,,,no name,no formula,,L5
FT_2.134_309.06182,C14 H14 O8,NA,C14 H14 O8,TRUE,na,na,na,C14 H14 O8,yes,L4.1
FT_2.168_281.06672,C13 H14 O7,NA,C13 H14 O7,TRUE,na,na,na,C13 H14 O7,yes,L4.1
FT_2.182_269.10307,C13 H18 O6,NA,C13 H18 O6,TRUE,na,na,na,C13 H18 O6,yes,L4.1
FT_2.313_265.91220,C4 H4 N3 O3 P3 S,NA,C4 H N2 O8 P2,FALSE,na,na,na,C4 H N2 O8 P2,yes,L4.3
FT_2.215_83.02511,C3 H4 N2 O,NA,C3 H4 N2 O,TRUE,na,na,na,C3 H4 N2 O,yes,L4.1
FT_2.319_282.90214,C3 H3 N4 O4 P3 S,NA,C6 H7 N O2 P S4,FALSE,na,na,na,C6 H7 N O2 P S4,yes,L4.3
FT_2.229_264.04908,C8 H15 N3 O3 S2,NA,C7 H11 N3 O8,FALSE,na,na,na,na,na,delete
FT_2.321_304.07877,C8 H20 N O9 P,NA,C10 H15 N3 O8,FALSE,na,na,na,C10 H15 N3 O8,yes,L4.3
FT_2.472_395.00774,C17 H8 N4 O6 S,NA,C16 H12 O10 S,FALSE,na,na,na,C16 H12 O10 S,yes,L4.3
FT_2.242_215.07315,NA,NA,NA,TRUE,,,no name,no formula,,L5
FT_2.243_155.03505,C7 H8 O4,NA,C7 H8 O4,TRUE,na,na,na,C7 H8 O4,yes,L4.1
FT_2.243_271.99940,NA,NA,NA,TRUE,,,no name,no formula,,L5
FT_2.492_289.00213,C2 H6 N6 O11,NA,C10 H10 O8 S,FALSE,na,na,na,C10 H10 O8 S,yes,L4.3
FT_2.283_221.87435,NA,NA,NA,TRUE,,,,,,delete
FT_2.283_281.13939,C15 H22 O5,NA,C15 H22 O5,TRUE,na,na,na,na,na,delete
FT_2.311_224.87098,NA,NA,NA,TRUE,,,,,,delete
FT_2.312_146.96601,NA,NA,NA,TRUE,,,no name,no formula,,L5
FT_2.312_336.87937,C2 H5 N4 O6 P3 S2,NA,C4 H8 N2 O4 P2 S4,FALSE,na,na,na,na,na,delete
FT_2.313_222.87398,C2 H3 Cl3 N2 S2,NA,NA,FALSE,,,,,,delete
FT_2.313_248.89358,NA,NA,NA,TRUE,,,,,,delete
FT_2.688_253.06373,C5 H15 N6 O2 P S,NA,C12 H15 O4 P,FALSE,na,na,na,C12 H15 O4 P,yes,L4.3
FT_2.313_486.87654,NA,NA,NA,TRUE,,,,,,delete
FT_2.314_244.89710,C6 H O5 P3,NA,NA,FALSE,,,,,,delete
FT_2.314_249.89280,C H3 Cl N3 O4 P S2,NA,NA,FALSE,,,,,,delete
FT_2.315_243.89932,NA,NA,NA,TRUE,,,,,,delete
FT_2.316_162.91378,NA,NA,NA,TRUE,,,no name,no formula,,L5
FT_2.318_186.90600,NA,NA,NA,TRUE,,,no name,no formula,,L5
FT_2.319_197.90621,NA,NA,NA,TRUE,,,,,,delete
FT_2.709_318.95529,C16 H5 N2 P S2,NA,C9 H8 N2 O5 S3,FALSE,na,na,na,C9 H8 N2 O5 S3,yes,L4.3
FT_2.320_161.91358,NA,NA,NA,TRUE,,,no name,no formula,,L5
FT_2.320_248.92177,C H3 N2 O9 P S,NA,NA,FALSE,,,no name,C H3 N2 O9 P S,,L4.3
FT_2.321_226.90889,C3 H4 N2 O2 S4,NA,C2 H2 N2 O5 P2 S,FALSE,na,na,na,na,na,delete
FT_2.710_287.01750,C10 H12 N2 O4 S2,NA,C7 H13 O10 P,FALSE,na,na,na,C7 H13 O10 P,yes,L4.3
FT_2.326_194.90595,NA,NA,NA,TRUE,,,,,,delete
FT_2.330_381.02859,C16 H14 O9 S,NA,C12 H14 O14,FALSE,na,na,na,na,na,delete
FT_2.340_134.89472,NA,NA,NA,TRUE,,,,,,delete
FT_2.343_241.08319,C10 H14 N2 O5,NA,C10 H14 N2 O5,TRUE,na,na,na,na,na,delete
FT_2.345_253.03532,C11 H10 O7,NA,C11 H10 O7,TRUE,"formula match, name sirius",83,(+/-)-strobide B,C11 H10 O7,na,L3.3
FT_2.350_155.03503,C7 H8 O4,NA,C7 H8 O4,TRUE,"formula match, name sirius",80.43,2-methyl-muconate,C7 H8 O4,na,L3.3
FT_2.351_380.99229,C15 H10 O10 S,NA,C15 H10 O10 S,TRUE,na,na,na,C15 H10 O10 S,yes,L4.1
FT_2.352_221.87440,NA,NA,NA,TRUE,,,,,,delete
FT_2.357_195.02996,C9 H8 O5,NA,C9 H8 O5,TRUE,na,na,na,C9 H8 O5,yes,L4.1
FT_2.358_397.02350,C16 H14 O10 S,NA,C16 H14 O10 S,TRUE,na,na,na,na,na,delete
FT_2.416_253.07181,C12 H14 O6,NA,C12 H14 O6,TRUE,na,na,na,na,na,delete
FT_2.455_253.03537,C11 H10 O7,NA,C11 H10 O7,TRUE,na,na,na,C11 H10 O7,yes,L4.1
FT_3.855_594.16781,C17 H39 N7 O8 P2 S2,NA,C19 H37 N3 O14 S2,FALSE,na,na,na,C19 H37 N3 O14 S2,yes,L4.3
FT_2.474_209.04539,C10 H10 O5,fragment,C10 H10 O5,TRUE,na,na,na,C10 H10 O5,na,L4.1
FT_2.475_295.08237,C14 H16 O7,NA,C14 H16 O7,TRUE,na,na,na,C14 H16 O7,yes,L4.1
FT_2.479_397.02372,C17 H10 N4 O6 S,NA,C16 H14 O10 S,FALSE,na,na,na,na,na,delete
FT_2.491_189.07685,C8 H14 O5,NA,C8 H14 O5,TRUE,na,na,na,C8 H14 O5,yes,L4.1
FT_3.856_296.04220,C5 H11 N7 O6 S,NA,C13 H7 N5 O4,FALSE,na,na,na,C13 H7 N5 O4,yes,L4.3
FT_2.501_183.06629,C9 H12 O4,NA,C9 H12 O4,TRUE,na,na,na,C9 H12 O4,yes,L4.1
FT_2.519_263.05620,C13 H12 O6,NA,C13 H12 O6,TRUE,na,na,na,na,na,delete
FT_2.544_219.02978,C11 H8 O5,NA,C11 H8 O5,TRUE,"formula match, name sirius",91.59,7-Hydroxycoumarin-4-acetic acid,C11 H8 O5,na,L3.3
FT_2.553_318.95531,C5 H10 N2 O8 P2 S,NA,C9 H10 N2 O3 P2 S2,FALSE,na,na,na,na,na,delete
FT_2.618_368.99204,C14 H10 O10 S,NA,C13 H11 N2 O7 P S,FALSE,na,na,na,na,na,delete
FT_2.623_269.06672,C12 H14 O7,NA,C12 H14 O7,TRUE,na,na,na,C12 H14 O7,yes,L4.1
FT_2.626_183.02982,C8 H8 O5,fragment,C8 H8 O5,TRUE,"formula match, name sirius",98.46,3-O-methylgallate,C8 H8 O5,na,L3.3
FT_3.967_357.05539,C14 H17 O4 P S,NA,C7 H12 N4 O10,FALSE,na,na,na,C7 H12 N4 O10,yes,L4.3
FT_6.178_335.06127,C11 H13 N8 O P S,NA,C13 H12 N4 O7,FALSE,na,na,na,C13 H12 N4 O7,yes,L4.3
FT_7.677_632.72756,C7 H6 Cl O18 P3 S4,NA,C8 H4 N4 O12 P2 S7,FALSE,na,na,na,C8 H4 N4 O12 P2 S7,yes,L4.3
FT_2.713_219.02977,C11 H8 O5,NA,C11 H8 O5,TRUE,"formula match, name sirius",96.62,7-Hydroxycoumarin-4-acetic acid,C11 H8 O5,na,L3.3
FT_2.893_242.07043,C7 H17 N O6 S,NA,C7 H17 N O6 S,TRUE,na,na,na,C7 H17 N O6 S,yes,L4.1
FT_2.965_200.94972,NA,NA,NA,TRUE,,,no name,no formula,,L5
FT_3.015_202.96512,C H N8 O P S,NA,NA,FALSE,,,,,,delete
FT_3.024_246.99165,NA,NA,NA,TRUE,,,no name,no formula,,L5
FT_3.056_211.02467,C9 H8 O6,NA,C9 H8 O6,TRUE,na,na,na,C9 H8 O6,yes,L4.1
FT_3.102_195.02996,C9 H8 O5,NA,C9 H8 O5,TRUE,na,na,na,C9 H8 O5,yes,L4.1
FT_3.208_173.04552,C7 H10 O5,NA,C7 H10 O5,TRUE,na,na,na,C7 H10 O5,yes,L4.1
FT_3.516_178.84406,NA,NA,NA,TRUE,,,no name,no formula,,L5
FT_3.571_216.94452,NA,NA,NA,TRUE,,,no name,no formula,,L5
FT_3.854_228.05468,C6 H15 N O6 S,NA,C6 H15 N O6 S,TRUE,na,na,na,C6 H15 N O6 S,yes,L4.1
FT_3.855_168.03357,C4 H11 N O4 S,NA,C4 H11 N O4 S,TRUE,na,na,na,C4 H11 N O4 S,yes,L4.1
FT_3.855_411.11151,C12 H24 N6 O6 S2,fragment,C20 H20 N4 O4 S,FALSE,,,,,,delete
FT_7.681_548.76647,C7 H6 Cl N2 O11 P3 S4,NA,C10 H4 N2 O9 P2 S6,FALSE,na,na,na,C10 H4 N2 O9 P2 S6,yes,L4.3
FT_7.848_240.95581,C H3 N6 O5 P S,NA,C4 H6 N O7 P2,FALSE,na,na,na,C4 H6 N O7 P2,yes,L4.3
FT_3.883_312.09517,C11 H15 N5 O6,NA,C11 H15 N5 O6,TRUE,na,na,na,C11 H15 N5 O6,yes,L4.1
FT_3.966_306.05808,C7 H18 N O10 P,NA,NA,FALSE,,,no name,C7 H18 N O10 P,,L4.3
FT_8.842_520.91024,C12 H3 N4 O18 P,NA,C5 H8 N4 O21 P2,FALSE,na,na,na,C5 H8 N4 O21 P2,yes,L4.3
FT_8.842_588.89767,C18 H9 O17 P3,NA,C11 H10 N8 O11 S5,FALSE,na,na,na,C11 H10 N8 O11 S5,yes,L4.3
FT_6.446_349.90268,C H4 N7 O7 P3 S,NA,C9 H8 N O4 P3 S2,FALSE,na,na,na,na,na,delete
FT_6.564_226.07544,C7 H17 N O5 S,NA,C7 H17 N O5 S,TRUE,na,na,na,C7 H17 N O5 S,yes,L4.1
FT_6.565_166.05427,C5 H13 N O3 S,fragment,C5 H13 N O3 S,TRUE,,,,,,delete
FT_6.774_297.73349,NA,NA,NA,TRUE,,,,,,delete
FT_6.799_193.81569,NA,NA,NA,TRUE,,,,,,delete
FT_6.801_195.81099,NA,NA,NA,TRUE,,,,,,delete
FT_6.806_162.84249,NA,NA,NA,TRUE,,,no name,no formula,,L5
FT_6.806_230.80145,NA,NA,NA,TRUE,,,,,,delete
FT_6.807_163.84027,NA,NA,NA,TRUE,,,no name,no formula,,L5
FT_6.807_221.90284,C H3 Cl N O6 P S,NA,C4 H2 O5 P3,FALSE,na,na,na,na,na,delete
FT_6.807_92.92804,NA,NA,NA,TRUE,,,no name,no formula,,L5
FT_6.808_153.86863,NA,NA,NA,TRUE,,,no name,no formula,,L5
FT_6.808_160.84182,NA,NA,NA,TRUE,,,,,,delete
FT_6.809_315.85469,C6 H Cl2 N O6 S2,NA,NA,FALSE,,,,,,delete
FT_6.810_205.83966,NA,NA,NA,TRUE,,,,,,delete
FT_6.810_268.80094,NA,NA,NA,TRUE,,,,,,delete
FT_6.811_154.86879,NA,NA,NA,TRUE,,,,,,delete
FT_6.811_169.83435,NA,NA,NA,TRUE,,,,,,delete
FT_6.811_172.84240,NA,NA,NA,TRUE,,,,,,delete
FT_6.811_259.81612,NA,NA,NA,TRUE,,,,,,delete
FT_6.812_164.83945,NA,NA,NA,TRUE,,,no name,no formula,,L5
FT_6.813_180.85980,NA,NA,NA,TRUE,,,,,,delete
FT_6.813_197.80802,NA,NA,NA,TRUE,,,,,,delete
FT_6.815_255.82224,C H Cl3 N O2 P3,NA,C3 O2 P3 S3,FALSE,na,na,na,na,na,delete
FT_6.817_253.79389,NA,NA,NA,TRUE,,,,,,delete
FT_6.820_295.73641,NA,NA,NA,TRUE,,,,,,delete
FT_6.829_200.80550,NA,NA,NA,TRUE,,,,,,delete
FT_6.843_297.73341,NA,NA,NA,TRUE,,,,,,delete
FT_7.117_152.03873,C4 H11 N O3 S,fragment,C4 H11 N O3 S,TRUE,"formula match, name sirius",100,2-(Dimethylamino)ethanesulfonic acid,C4 H11 N O3 S,na,L3.3
FT_7.117_212.05976,C6 H15 N O5 S,NA,C6 H15 N O5 S,TRUE,na,na,na,C6 H15 N O5 S,yes,L4.1
FT_8.843_452.92293,C7 H8 N2 O17 P2,NA,C8 H4 N6 O13 P2,FALSE,na,na,na,C8 H4 N6 O13 P2,yes,L4.3
FT_7.681_296.88234,C2 H6 Cl N2 O5 P3 S,NA,NA,FALSE,,,no name,no formula,,L5
FT_8.844_248.96047,C3 H5 N6 O2 P3,NA,C4 H4 N4 O5 P2,FALSE,na,na,na,C4 H4 N4 O5 P2,yes,L4.3
FT_7.682_128.95964,NA,NA,NA,TRUE,,,no name,no formula,,L5
FT_7.682_380.84388,C5 H Cl O14 P2,fragment,NA,FALSE,,,,,,delete
FT_7.682_464.80511,C5 H4 Cl O15 P S3,NA,NA,FALSE,,,no name,no formula,,L5
FT_7.683_130.95772,NA,NA,NA,TRUE,,,no name,no formula,,L5
FT_7.683_146.92628,NA,NA,NA,TRUE,,,,,,delete
FT_8.844_384.93558,C3 H9 N4 O12 P3,NA,C5 H4 N6 O11 P2,FALSE,na,na,na,C5 H4 N6 O11 P2,yes,L4.3
FT_0.997_560.01525,C20 H30 Cl2 N O3 P S4,NA,C26 H16 N3 O6 P S2,FALSE,"no match, sirius formula priority",na,na,C26 H16 N3 O6 P S2,yes,L4.3
FT_1.003_473.94210,C15 H20 Cl2 N O2 P S4,NA,C12 H16 N O9 P3 S2,FALSE,"no match, sirius formula priority",na,na,C12 H16 N O9 P3 S2,yes,L4.3
FT_1.008_695.28631,C35 H45 N4 O9 P,NA,C36 H44 N2 O12,FALSE,"no match, sirius formula priority",na,na,C36 H44 N2 O12,yes,L4.3
FT_8.843_656.88486,NA,NA,NA,TRUE,,,no name,no formula,,L5
FT_1.051_422.78092,C13 H3 Cl3 S5,NA,C7 H6 N O2 S9,FALSE,"no match, sirius formula priority",na,na,C7 H6 N O2 S9,yes,L4.3
FT_1.184_319.11876,C10 H19 N4 O3 P,NA,C16 H18 O4,FALSE,na,na,na,C16 H18 O4,yes,L4.3
FT_8.845_724.87206,NA,NA,NA,TRUE,,,no name,no formula,,L5
