FeatureID,estimate,stderror,df,tvalue,lower,upper,pvalue,padj,Name,Formula,Annotation_level,env_sig,LC_mode
FT_0.904_189.00708,0.28049212,0.094602481,25.68409796,2.964955233,0.085917464,0.475066777,0.006456179,0.038779271,no name,C4H4N4O3S,L3.3,moisture,RP
FT_0.969_288.92204,0.817945166,0.17506039,26.0737041,4.672360003,0.45815288,1.177737453,7.93E-05,0.00127887,no name,C7N2O7S2,L3.3,moisture,RP
FT_0.979_226.95148,0.798952951,0.168296863,26.03092838,4.747283681,0.453033798,1.144872103,6.53E-05,0.00109127,no name,NA,L4,moisture,RP
FT_0.980_362.92643,1.08461657,0.214800236,26.03750465,5.049419819,0.643119312,1.526113827,2.94E-05,6.62E-04,no name,NA,L4,moisture,RP
FT_0.980_430.91383,1.218991455,0.241674151,26.1235408,5.043946367,0.722337437,1.715645473,2.95E-05,6.62E-04,no name,NA,L4,moisture,RP
FT_0.980_498.90137,1.283551857,0.260306323,26.12766662,4.93092847,0.748611766,1.818491949,3.98E-05,7.79E-04,no name,C9H13N2O10P3S3,L3.3,moisture,RP
FT_0.980_90.97665,0.494987976,0.111279936,25.95289619,4.448133169,0.266228583,0.723747368,1.45E-04,0.002046515,no name,C2H3PS,L3.3,moisture,RP
FT_0.981_158.96409,0.651851824,0.14255689,26.17623996,4.572573249,0.35891793,0.944785717,1.02E-04,0.00154303,no name,na,L4,moisture,RP
FT_0.981_242.92541,0.265152618,0.070696162,25.614947,3.750594241,0.119728184,0.410577052,9.09E-04,0.009675544,no name,C4H2O8S2,L3.3,moisture,RP
FT_0.981_294.93894,0.90663869,0.186604692,26.03219086,4.858606077,0.523090336,1.290187044,4.87E-05,8.79E-04,no name,C8H8O4P2S2,L3.3,moisture,RP
FT_0.981_310.91292,0.334276495,0.077215444,25.60904469,4.329140361,0.175439864,0.493113126,2.03E-04,0.002824398,no name,C4HN4O7P3,L3.3,moisture,RP
FT_0.981_378.90035,0.537656772,0.100308029,25.76587041,5.360057197,0.331379441,0.743934103,1.34E-05,3.97E-04,no name,C6H5O13P3,L3.3,moisture,RP
FT_0.981_446.88778,0.660091824,0.128135507,25.88384818,5.151513726,0.396647981,0.923535668,2.28E-05,5.99E-04,no name,C5H9N2O12P3S2,L3.3,moisture,RP
FT_0.981_514.87531,0.740255671,0.143383136,25.86984457,5.162780604,0.445455229,1.035056113,2.22E-05,5.99E-04,no name,C10H14O10P4S3,L3.3,moisture,RP
FT_0.981_566.88882,1.377685924,0.287893557,26.01087952,4.785400328,0.785924288,1.96944756,5.92E-05,0.001025795,no name,C14H8N4O11P2S3,L3.3,moisture,RP
FT_0.981_582.86283,0.885515493,0.179973381,25.96884838,4.920258144,0.515553311,1.255477675,4.16E-05,7.96E-04,no name,NA,L4,moisture,RP
FT_0.981_666.82426,0.441936214,0.148146476,25.99345752,2.983103113,0.137413041,0.746459387,0.006132642,0.037323827,no name,NA,L4,moisture,RP
FT_0.982_650.85025,1.057228742,0.212798402,26.09090649,4.968217481,0.619889525,1.494567959,3.62E-05,7.47E-04,no name,C10H13N4O15P3S4,L3.3,moisture,RP
FT_0.982_718.83752,1.185711626,0.225820421,25.95684279,5.250683795,0.721493537,1.649929714,1.74E-05,4.86E-04,no name,C14H18N4O10P4S6,L3.3,moisture,RP
FT_0.983_190.91197,-0.508518009,0.173302862,26.23209895,-2.93427358,-0.864593805,-0.152442213,0.006862671,0.040428171,no name,na,L4,moisture,RP
FT_0.984_122.92447,-0.5967535,0.181545382,26.17484606,-3.28707617,-0.969804093,-0.223702907,0.002884508,0.022656948,no name,na,L4,moisture,RP
FT_0.984_274.87332,-0.813222923,0.258063905,28,-3.151246294,-1.341842868,-0.284602978,0.003851025,0.026609715,no name,na,L4,moisture,RP
FT_1.058_304.15048,1.0670476,0.278128314,25.86682489,3.836529923,0.495203374,1.638891827,7.20E-04,0.00787543,Nicotianamine,C12H21N3O6,L2.3,moisture,RP
FT_1.080_106.04983,0.53240931,0.112671617,25.47500411,4.7253188,0.300576968,0.764241653,7.27E-05,0.001193257,D-Serine,C3H7NO3,L1,moisture,RP
FT_1.090_133.06074,0.683280706,0.138353572,26.12890231,4.938656046,0.398959133,0.967602279,3.90E-05,7.79E-04,D-Asparagine,C4H8N2O3,L1,moisture,RP
FT_1.106_134.04476,0.329858307,0.102686424,25.72545064,3.21228741,0.118673649,0.541042965,0.003524066,0.025301696,D-Aspartic acid,C4H7NO4,L1,moisture,RP
FT_1.106_90.05498,0.498643172,0.103461004,25.397811,4.819624332,0.28573035,0.711555993,5.72E-05,0.001011497,Sarcosine,C3H7NO2,L1,moisture,RP
FT_1.124_522.20317,-0.390277522,0.101411371,25.6085785,-3.848459176,-0.598886761,-0.181668283,7.07E-04,0.007831623,D-Melezitose,C18H32O16,L1,moisture,RP
FT_1.125_423.08999,-0.727542737,0.146780508,26.30791418,-4.956671334,-1.029082618,-0.426002857,3.66E-05,7.47E-04,"5-hydroxy-6,8-dimethoxy-7-{[(2S,3R,4S,5S,6R)-3,4,5-trihydroxy-6-(hydroxymethyl)oxan-2-yl]oxy}-2H-chromen-2-one",C17H20O11,L2.1,moisture,RP
FT_1.135_120.06548,0.508823536,0.113495299,25.45923283,4.483212455,0.2752892,0.742357873,1.37E-04,0.001969111,D-Threonine,C4H9NO3,L1,moisture,RP
FT_1.141_162.11250,0.453626224,0.116141664,25.77417711,3.905800964,0.214791771,0.692460676,6.05E-04,0.007216288,L-Carnitine,C7H15NO3,L1,moisture,RP
FT_1.141_287.12717,0.52755603,0.151582798,25.40324239,3.480315947,0.215616498,0.839495561,0.00182501,0.016283339,"4-Hydroxy-3,5,4'-trimethoxystilbene",C17H18O4,L2.3,moisture,RP
FT_1.155_335.07393,-0.23732983,0.064405949,25.54312331,-3.684905419,-0.369833498,-0.104826162,0.001079636,0.011024283,no name,C9H19O11P,L3.3,moisture,RP
FT_1.174_398.12947,-0.458316987,0.130171455,25.79902074,-3.520871657,-0.72598973,-0.190644243,0.00162145,0.014842339,alpha-D-GlcNAc-(1->4)-D-GlcA,C14H23NO12,L2.3,moisture,RP
FT_1.183_176.10298,0.546789601,0.109120616,25.46019026,5.010873479,0.322257278,0.771321923,3.45E-05,7.47E-04,L-Citrulline,C6H13N3O3,L1,moisture,RP
FT_1.190_536.21888,-0.825197184,0.128262324,25.10876814,-6.433667808,-1.089300374,-0.561093994,9.57E-07,7.99E-05,no name,C19H37NO16,L3.3,moisture,RP
FT_1.200_118.08621,0.484842657,0.121655335,25.48543988,3.985379341,0.234530575,0.735154739,5.00E-04,0.006382396,Betaine,C5H11NO2,L1,moisture,RP
FT_1.202_166.05326,0.672204797,0.123539881,25.49666726,5.441196752,0.418020728,0.926388866,1.12E-05,3.92E-04,Methionine sulfoxide,C5H11NO3S,L2.1,moisture,RP
FT_1.222_313.14287,0.535678498,0.168605477,28,3.177112082,0.190305835,0.881051161,0.003607922,0.025702946,N-(2-methoxyphenyl)-N~3~-9H-purin-6-yl-beta-alaninamide,C15H16N6O2,L2.3,moisture,RP
FT_1.223_448.11210,-0.29656337,0.090896338,25.85602695,-3.262654743,-0.483454117,-0.109672622,0.003097286,0.023124826,no name,NA,L4,moisture,RP
FT_1.251_162.07613,0.688666007,0.149645259,28,4.601990151,0.38213159,0.995200423,8.23E-05,0.001303797,2-Aminoadipic acid,C6H11NO4,L2.1,moisture,RP
FT_1.257_278.08058,0.40051984,0.103391176,25.11373794,3.873830014,0.187630616,0.613409064,6.80E-04,0.007831623,NP-019509,C15H13NO3,L2.1,moisture,RP
FT_1.259_198.12371,-0.31352956,0.089104811,25.78934659,-3.518660272,-0.496759964,-0.130299156,0.001631204,0.014842339,3-(1H-imidazol-5-yl)-2-(trimethylazaniumyl)propanoate,C9H15N3O2,L2.3,moisture,RP
FT_1.262_380.20290,-0.389253918,0.105502194,25.41039807,-3.689533876,-0.606361948,-0.172145887,0.001073551,0.011024283,no name,C15H29N3O8,L3.2,moisture,RP
FT_1.295_173.09210,0.293865774,0.100179294,28,2.933398338,0.088657793,0.499073755,0.006619079,0.039499567,Prolylglycine,C7H12N2O3,L2.1,moisture,RP
FT_1.300_189.12341,-0.42072544,0.135173741,26.49671808,-3.112479078,-0.698325754,-0.143125126,0.004411443,0.028957972,2-[(2-Amino-3-methylbutanoyl)amino]propanoic acid,C8H16N2O3,L2.3,moisture,RP
FT_1.302_189.12341,-0.42072544,0.135173741,26.49671808,-3.112479078,-0.698325754,-0.143125126,0.004411443,0.028957972,2-acetamidohex-4-enoic acid,C8H13NO3,L2.3,moisture,RP
FT_1.308_97.02841,-0.250197346,0.055652717,25.38120626,-4.495689705,-0.364729036,-0.135665656,1.34E-04,0.001948247,"4-Cyclopentene-1,3-dione",C5H4O2,L2.3,moisture,RP
FT_1.309_127.03898,-0.310671748,0.068384164,25.52646458,-4.543036432,-0.45136443,-0.169979065,1.17E-04,0.00172895,Phloroglucinol,C6H6O3,L2.1,moisture,RP
FT_1.309_85.02847,-0.192349846,0.058835949,25.42581405,-3.269257119,-0.313421936,-0.071277757,0.003089856,0.023124826,2(5H)-Furanone,C4H4O2,L2.2,moisture,RP
FT_1.310_325.11303,-0.169838239,0.055616065,25.4789537,-3.05376222,-0.28427259,-0.055403889,0.005235252,0.032289907,"3,6-Anhydro-l-lactose",C12H20O10,L2.2,moisture,RP
FT_1.310_360.15014,-0.156262098,0.050725456,25.47197962,-3.080545937,-0.260635064,-0.051889133,0.004906008,0.030880969,D-(+)-Cellobiose,C12H22O11,L1,moisture,RP
FT_1.310_702.26646,-0.293539105,0.057093022,25.51757986,-5.141418261,-0.411003569,-0.176074641,2.44E-05,6.23E-04,Citbismine C,C37H36N2O11,L2.3,moisture,RP
FT_1.311_191.10270,0.449728687,0.083318766,25.39970941,5.397687783,0.278267297,0.621190076,1.27E-05,3.97E-04,"2,6-Diaminopimelic Acid",C7H14N2O4,L1,moisture,RP
FT_1.323_522.20307,-0.270716992,0.074095567,25.2222608,-3.653619293,-0.423251511,-0.118182473,0.001186576,0.011852859,D-(+)-Raffinose,C18H32O16,L1,moisture,RP
FT_1.333_132.10188,0.517227262,0.120197587,25.70655155,4.303141798,0.270020243,0.764434281,2.16E-04,0.002914134,Methylbetain,C6H13NO2,L2.2,moisture,RP
FT_1.349_505.14323,-0.792436036,0.133199474,25.72820404,-5.949242996,-1.066372317,-0.518499754,2.93E-06,1.68E-04,alpha-D-ManAc-(1-P-6)-alpha-D-ManAc,C16H29N2O14P,L2.1,moisture,RP
FT_1.350_186.07614,-0.40366188,0.080988569,25.58964015,-4.984183373,-0.570266295,-0.237057466,3.65E-05,7.47E-04,no name,C8H11NO4,L3.2,moisture,RP
FT_1.354_222.09721,-0.328745065,0.083436926,25.51642958,-3.940042846,-0.500410453,-0.157079676,5.61E-04,0.006930486,N-Acetyl-D-galactosamine,C8H15NO6,L1,moisture,RP
FT_1.359_198.07952,-0.225207594,0.074718141,25.4397414,-3.014095244,-0.378957722,-0.071457466,0.005769473,0.03534764,no name,C6H15NO4S,L3.2,moisture,RP
FT_1.360_350.19235,-0.552263262,0.101322785,28,-5.450533751,-0.759813579,-0.344712944,8.11E-06,3.32E-04,no name,C14H27N3O7,L3.2,moisture,RP
FT_1.366_439.14234,1.335700797,0.21878994,28,6.104946127,0.887529922,1.783871673,1.38E-06,9.76E-05,Kotanin,C24H22O8,L2.3,moisture,RP
FT_1.375_276.11905,-2.080458797,0.318632617,26.09003642,-6.529334051,-2.735307532,-1.425610061,6.27E-07,6.40E-05,Gln-Glu,C10H17N3O6,L2.2,moisture,RP
FT_1.380_176.09175,0.524956613,0.098562617,25.48067122,5.326122921,0.322157094,0.727756131,1.51E-05,4.35E-04,alpha-aminopimelate,C7H12NO4,L2.3,moisture,RP
FT_1.386_218.14992,-0.407332676,0.116802669,25.27157137,-3.487357614,-0.647761264,-0.166904087,0.001802402,0.016239284,(2S)-2-amino-6-[[(2S)-2-aminopropanoyl]amino]hexanoic acid,C9H19N3O3,L2.3,moisture,RP
FT_1.401_689.21129,-0.206626921,0.063612377,25.15983767,-3.248218812,-0.337596875,-0.075656967,0.003283522,0.023760287,Maltotetraose,C24H42O21,L2.1,moisture,RP
FT_1.404_425.19671,-0.696857047,0.136334276,25.41297969,-5.111385537,-0.977411557,-0.416302537,2.67E-05,6.46E-04,no name,C18H28N6O4S,L3.2,moisture,RP
FT_1.406_684.25587,-0.456241426,0.07586535,25.48557986,-6.013831444,-0.612338226,-0.300144626,2.58E-06,1.66E-04,no name,C24H45NO21,L3.3,moisture,RP
FT_1.411_527.15849,-0.17242288,0.051647885,25.2205219,-3.33843059,-0.278746551,-0.06609921,0.002620786,0.021127213,D-Raffinose,C18H32O16,L2.1,moisture,RP
FT_1.411_846.30863,-0.601830336,0.108841208,25.72141894,-5.529434566,-0.825674635,-0.377986038,8.67E-06,3.32E-04,no name,C30H55NO26,L3.3,moisture,RP
FT_1.412_522.20299,-0.281718967,0.057673772,25.29965618,-4.884698172,-0.400429028,-0.163008907,4.88E-05,8.79E-04,Maltotriose,C18H32O16,L1,moisture,RP
FT_1.413_522.20300,-0.281718967,0.057673772,25.29965618,-4.884698172,-0.400429028,-0.163008907,4.88E-05,8.79E-04,D-(+)-Raffinose,C18H32O16,L1,moisture,RP
FT_1.418_74.09646,0.535198634,0.181128185,28,2.954805925,0.164174367,0.906222902,0.006279966,0.037969004,Diethamine,C4H11N,L2.3,moisture,RP
FT_1.419_230.09584,-1.116002866,0.175213159,26.01102031,-6.369400959,-1.476151247,-0.755854485,9.54E-07,7.99E-05,L-Ergothioneine,C9H15N3O2S,L2.1,moisture,RP
FT_1.420_246.14481,-0.648029981,0.122082751,28,-5.308120738,-0.89810516,-0.397954803,1.20E-05,3.92E-04,Gln-Val,C10H19N3O4,L2.3,moisture,RP
FT_1.425_404.17774,-1.13620641,0.212284397,26.1152963,-5.352284138,-1.572469495,-0.699943325,1.31E-05,3.97E-04,no name,C15H25N5O8,L3.2,moisture,RP
FT_1.676_349.11061,-0.5396783,0.090876272,25.37781794,-5.93860517,-0.726700299,-0.3526563,3.17E-06,1.72E-04,no name,C10H16N6O8,L3.2,moisture,RP
FT_1.694_347.09500,1.06531157,0.212025702,28,5.024445425,0.630996607,1.499626533,2.59E-05,6.44E-04,Methyl 6-O-galloyl-b-D-glucopyranoside,C14H18O10,L2.3,moisture,RP
FT_1.700_249.10806,-2.442727477,0.437886836,26.18881118,-5.57844465,-3.342501031,-1.542953922,7.17E-06,3.27E-04,Glu-Thr,C9H16N2O6,L2.2,moisture,RP
FT_1.706_467.13727,-0.516333944,0.151562004,25.49040447,-3.406750573,-0.828177511,-0.204490376,0.00218823,0.018546062,NP-020236,C23H24O9,L2.1,moisture,RP
FT_1.720_462.18184,-0.440955939,0.12391195,25.52155736,-3.558623191,-0.695893194,-0.186018685,0.001490229,0.013974703,3-cis-Hydroxyglipizide,C21H27N5O5S,L2.3,moisture,RP
FT_1.745_204.12300,-0.322552238,0.098667525,26.04713139,-3.269082074,-0.525348381,-0.119756095,0.003029539,0.023124826,Acetylcarnitine,C9H17NO4,L2.1,moisture,RP
FT_1.759_288.11903,-1.937482295,0.257406878,26.07036493,-7.526925126,-2.466520213,-1.408444376,5.35E-08,9.83E-06,Clavamycin E,C11H17N3O6,L2.3,moisture,RP
FT_1.774_118.08621,0.434077066,0.139543638,25.60806706,3.110690472,0.147027195,0.721126937,0.004540613,0.029354531,D-Valine,C5H11NO2,L1,moisture,RP
FT_1.774_469.09629,-0.675685449,0.234250262,28,-2.88445973,-1.155525359,-0.195845538,0.007460581,0.043121222,Neocretanin,C20H20O13,L2.3,moisture,RP
FT_1.774_72.08080,0.408773712,0.128546643,25.6314923,3.179964116,0.144357288,0.673190136,0.003827779,0.026609715,3-Buten-1-amine,C4H9N,L2.2,moisture,RP
FT_1.776_453.12153,-0.47480459,0.153116591,26.26054115,-3.100934958,-0.789388343,-0.160220837,0.00456768,0.029354531,Nuezhenidic acid,C17H24O14,L2.3,moisture,RP
FT_1.786_448.16613,-0.360977255,0.126163135,26.0123236,-2.861194406,-0.620303314,-0.101651197,0.008219076,0.045777761,no name,C23H21N5O6,L3.3,moisture,RP
FT_1.822_277.10307,-1.772485233,0.322043499,26.36850326,-5.503869013,-2.434005166,-1.1109653,8.53E-06,3.32E-04,gamma-Glutamylglutamate,C10H16N2O7,L2.1,moisture,RP
FT_1.826_199.14414,1.262056777,0.376992476,25.09911103,3.347697518,0.48578167,2.038331884,0.002572299,0.020919852,(-)-Slaframine,C10H18N2O2,L2.3,moisture,RP
FT_1.909_511.16356,-0.944481742,0.135064559,25.47166644,-6.992816999,-1.222391458,-0.666572027,2.24E-07,2.95E-05,Piperenol A triacetate,C27H26O10,L2.3,moisture,RP
FT_1.988_684.25597,-0.849082146,0.095294715,25.13556703,-8.910065444,-1.045291625,-0.652872666,2.98E-09,2.74E-06,no name,C24H45NO21,L3.3,moisture,RP
FT_10.608_223.06001,-0.357458845,0.107902493,25.92436226,-3.312795045,-0.579287096,-0.135630594,0.002726927,0.021791706,"(3R,4S)-4,6,8-Trihydroxy-7-methoxy-3-methyl-3,4-dihydro-1H-isochromen-1-one",C11H12O6,L2.1,moisture,RP
FT_11.314_195.06521,-0.195379584,0.062316823,28,-3.135262269,-0.323029809,-0.067729358,0.004009009,0.02729096,Ferulic acid,C10H10O4,L2.1,moisture,RP
FT_11.332_239.09131,-0.774464412,0.268580911,25.63693085,-2.883542273,-1.326921156,-0.222007668,0.007856917,0.044297585,46-Dimethylcurvulinic acid,C12H14O5,L2.3,moisture,RP
FT_11.451_223.09644,-0.280999112,0.08337634,28,-3.370250037,-0.451787802,-0.110210422,0.002205196,0.018546062,"1-(5-Acetyl-2,4-dimethoxyphenyl)ethanone",C12H14O4,L2.3,moisture,RP
FT_11.491_167.03390,-0.218732962,0.075139117,25.26467706,-2.911039823,-0.373402708,-0.064063217,0.007421856,0.043121222,"1,3-Benzenedicarboxaldehyde, 4,6-dihydroxy-",C8H6O4,L2.3,moisture,RP
FT_11.491_185.04450,-0.30422518,0.103135806,25.29023525,-2.949753253,-0.516513813,-0.091936547,0.00676156,0.040089506,"2,3-Dihydroxy-4-methoxybenzoic acid",C8H8O5,L2.3,moisture,RP
FT_11.492_225.07575,-0.271470958,0.075118251,25.35132721,-3.613914774,-0.426071251,-0.116870664,0.001304772,0.012621955,"1-(3-Acetyl-2,4-dihydroxy-6-methoxyphenyl)ethan-1-one",C11H12O5,L2.3,moisture,RP
FT_11.565_223.09649,-0.313257177,0.083232898,28,-3.763622128,-0.483752039,-0.142762314,7.89E-04,0.008530905,"3-(3,4,5-trimethoxyphenyl)propanoic acid",C12H16O5,L2.1,moisture,RP
FT_11.579_197.04447,-0.293462862,0.101288906,25.87357763,-2.89728534,-0.501714712,-0.085211011,0.007562478,0.043436983,Haematommic acid,C9H8O5,L2.3,moisture,RP
FT_11.741_384.18062,0.949923242,0.295255245,28,3.217295067,0.34512029,1.554726193,0.003259186,0.023760287,Peniprequinolone,C22H25NO5,L2.3,moisture,RP
FT_11.965_225.07577,-0.219744629,0.07540473,25.49650388,-2.914202184,-0.374890377,-0.064598881,0.007325724,0.04288115,Sinapic acid,C11H12O5,L1,moisture,RP
FT_12.560_169.04957,-0.307861384,0.085580734,25.26005524,-3.597321141,-0.484026241,-0.131696527,0.001366304,0.012944675,methyl 4-methyl-2-oxo-2H-pyran-6-carboxylate,C8H8O4,L2.1,moisture,RP
FT_12.561_255.08605,-0.325370977,0.09567746,25.26812069,-3.40070667,-0.522316428,-0.128425526,0.002240058,0.018546062,"Methyl 4-acetyloxy-3,5-dimethoxybenzoate",C12H14O6,L2.3,moisture,RP
FT_12.753_167.03385,-0.260036921,0.067306857,25.23121326,-3.863453621,-0.398593606,-0.121480237,6.94E-04,0.007831623,Benzoquinoneacetic acid,C8H6O4,L2.2,moisture,RP
FT_12.756_239.09136,-0.201670888,0.065582906,25.22190234,-3.075052617,-0.336681181,-0.066660594,0.005006775,0.031089363,"8-Hydroxy-6,7-dimethoxy-3-methyl-3,4-dihydroisochromen-1-one",C12H14O5,L2.3,moisture,RP
FT_12.768_223.09653,-0.15815623,0.036942518,26.02053972,-4.28114379,-0.234089745,-0.082222714,2.24E-04,0.002977586,"1,3-Diacetyl-4,6-dimethoxybenzene",C12H14O4,L2.3,moisture,RP
FT_12.928_299.11251,-0.257727306,0.090225839,25.60520296,-2.85646893,-0.443328449,-0.072126164,0.008386114,0.045874041,Aspergilate D,C14H18O7,L2.2,moisture,RP
FT_12.933_195.06530,-0.591664293,0.189920847,25.45916686,-3.115320423,-0.982456204,-0.200872381,0.004508579,0.029354531,NP-001130,C8H12O4,L2.1,moisture,RP
FT_13.197_283.11747,-0.204246071,0.06255724,25.85743458,-3.26494697,-0.332868834,-0.075623308,0.003079524,0.023124826,"(3S,4S)-3,4,8-trihydroxy-6-methoxy-7-(1-methoxyethyl)-3,4-dihydro-2H-naphthalen-1-one",C14H18O6,L2.2,moisture,RP
FT_13.257_239.09130,-0.475918935,0.149999603,25.669902,-3.1728013,-0.78444062,-0.167397249,0.003891441,0.026688316,46-Dimethylcurvulinic acid,C12H14O5,L2.3,moisture,RP
FT_13.290_167.03389,-0.280567285,0.090971833,25.40104521,-3.084111587,-0.467777402,-0.093357167,0.004873211,0.030880969,5-Formylsalicylic acid,C8H6O4,L2.3,moisture,RP
FT_13.404_253.10703,-0.190512803,0.067509723,25.22458452,-2.822005426,-0.329488937,-0.05153667,0.009175182,0.049309897,"(2S)-7-hydroxy-8-(2-hydroxyethyl)-5-methoxy-2-methyl-2,3-dihydrochromen-4-one",C13H16O5,L2.1,moisture,RP
FT_14.159_235.09648,-0.221165427,0.067073468,25.52537058,-3.297360848,-0.359161794,-0.08316906,0.00287208,0.022656948,NP-020206,C11H16O4,L2.1,moisture,RP
FT_15.256_237.18487,-0.254080072,0.082002241,25.74729313,-3.098452793,-0.422718646,-0.085441497,0.004660437,0.02974265,5-Nonylresorcinol,C15H24O2,L2.3,moisture,RP
FT_15.349_249.11213,0.089328201,0.031314357,25.22798721,2.852627674,0.024864616,0.153791786,0.008534161,0.046407657,NP-021018,C12H18O4,L2.1,moisture,RP
FT_15.452_179.07028,-0.194375562,0.062096453,25.55419055,-3.130220026,-0.322125115,-0.066626009,0.004335286,0.028957972,NP-012042,C10H12O4,L2.1,moisture,RP
FT_15.459_323.14898,-0.12978683,0.042175482,25.28217048,-3.077305159,-0.216599731,-0.042973928,0.004971059,0.03107757,Aculeatusquinone C,C17H22O6,L2.2,moisture,RP
FT_15.645_177.05460,-0.207100122,0.065225153,26.07402156,-3.175157313,-0.341153823,-0.073046422,0.003823013,0.026609715,4-Methylumbelliferone hydrate,C10H8O3,L2.1,moisture,RP
FT_16.355_240.19580,-0.296963888,0.106226143,28,-2.795581955,-0.514558277,-0.079369498,0.009253076,0.049439401,no name,C14H25NO2,L3.2,moisture,RP
FT_16.507_315.19550,0.895199285,0.312734184,25.18845307,2.86249259,0.251355433,1.539043136,0.00834455,0.045874041,Kahweol,C20H26O3,L2.1,moisture,RP
FT_16.666_291.15902,0.125226023,0.037785218,28,3.31415375,0.047826512,0.202625534,0.00254658,0.020895594,Laurenoniolide,C17H22O4,L2.3,moisture,RP
FT_16.762_297.13332,-0.217626193,0.069720685,25.77315994,-3.121400695,-0.361000528,-0.074251859,0.004402405,0.028957972,Deoxynivalenol,C15H20O6,L2.2,moisture,RP
FT_16.772_353.23006,0.859044669,0.238994688,26.07864267,3.594409055,0.367856145,1.350233194,0.001329112,0.012723482,"(ent-6alpha,7alpha,16alphaH)-6,7,17-Trihydroxy-19-kauranoic acid",C20H32O5,L2.3,moisture,RP
FT_16.867_481.14965,-0.203127327,0.071001609,25.19414013,-2.860883433,-0.349300763,-0.056953891,0.008375338,0.045874041,no name,C26H24O9,L3.3,moisture,RP
FT_17.364_315.19562,1.199291242,0.380478772,24.90653967,3.15205822,0.415531417,1.983051066,0.004190154,0.028314349,"(4aS,10aR,11bR)-4,4,8,11b-tetramethyl-1,2,3,4a,5,7,10a,11-octahydronaphtho[2,1-f][1]benzofuran-6,9-dione",C20H26O3,L2.3,moisture,RP
FT_17.727_319.22678,0.807328849,0.252862212,25.06799845,3.19276195,0.286620994,1.328036703,0.003774313,0.026609715,NP-014287,C18H32O3,L2.1,moisture,RP
FT_17.735_321.16969,-0.208089249,0.072478844,25.40191613,-2.871034339,-0.357242554,-0.058935943,0.008137585,0.045600247,Pseudoalteromone A,C18H24O5,L2.3,moisture,RP
FT_17.838_514.31653,0.514835206,0.133524049,25.35590176,3.855748912,0.240032868,0.789637544,7.03E-04,0.007831623,no name,C24H43N5O7,L3.3,moisture,RP
FT_18.213_277.21623,0.501517026,0.153156555,26.53994671,3.274538448,0.18701065,0.816023403,0.002942553,0.022916999,"1,4a,7-Trimethyl-2,3,4,4b,5,6,7,9,10,10a-decahydrophenanthrene-1-carboxylic acid",C18H28O2,L2.3,moisture,RP
FT_18.214_285.24245,0.833803739,0.240545084,25.53267487,3.466309618,0.338915407,1.328692071,0.001880964,0.01662121,2-Methoxy-6Z-hexadecenoic acid,C17H32O3,L2.3,moisture,RP
FT_18.816_279.23187,0.478894058,0.128250982,25.23817218,3.734038135,0.214882551,0.742905565,9.66E-04,0.010091055,Pinolenic acid,C18H30O2,L2.1,moisture,RP
FT_18.817_261.22130,0.964974546,0.190007914,25.52565732,5.078601861,0.57405414,1.355894952,2.87E-05,6.62E-04,no name,C18H28O,L3.2,moisture,RP
FT_18.821_297.24243,0.642789768,0.155625026,25.8623822,4.130375328,0.322815079,0.962764456,3.35E-04,0.004340692,NP-008993,C18H34O4,L2.1,moisture,RP
FT_19.446_315.25299,0.328982561,0.116093974,25.57441764,2.833760864,0.090154557,0.567810564,0.008856408,0.047876702,9-hydroperoxy-10E-octadecenoate,C18H34O4,L2.3,moisture,RP
FT_19.829_335.21962,0.30417507,0.104988703,25.36561341,2.897217138,0.088104711,0.52024543,0.007652318,0.043680004,NP-002322,C18H32O4,L2.1,moisture,RP
FT_2.047_204.12298,0.972379919,0.176884742,26.02304011,5.497251521,0.608803791,1.335956048,9.07E-06,3.33E-04,O-Acetyl-L-carnitine,C9H17NO4,L1,moisture,RP
FT_2.050_247.12881,-0.445237843,0.12650735,26.09540064,-3.519462258,-0.705231164,-0.185244522,0.001608289,0.014842339,Glutamylvaline,C10H18N2O5,L2.2,moisture,RP
FT_2.305_673.21659,-1.054071778,0.133181566,25.71862622,-7.914547115,-1.32797625,-0.780167307,2.34E-08,5.37E-06,no name,C26H40O20,L3.3,moisture,RP
FT_2.382_126.05492,-0.401327509,0.071597725,25.36287886,-5.605310906,-0.548678881,-0.253976137,7.47E-06,3.27E-04,5-Hydroxy-2-methoxypyridine,C6H7NO2,L2.3,moisture,RP
FT_2.389_184.05804,-0.266523915,0.061554402,25.29466569,-4.329892036,-0.393222738,-0.139825093,2.07E-04,0.002840296,"7-methylpyrimido[4,5-d]pyrimidin-4-amine",C7H7N5,L2.1,moisture,RP
FT_2.524_430.15560,-0.860189382,0.103080789,25.56648089,-8.344807931,-1.072249978,-0.648128786,9.06E-09,3.45E-06,O-(2-O-Mannopyranosyl-mannopyranosyl)serine,C15H27NO13,L2.2,moisture,RP
FT_2.525_435.11107,-0.867021521,0.105093866,25.56394299,-8.249972636,-1.083224539,-0.650818504,1.13E-08,3.45E-06,no name,C17H22O13,L3.3,moisture,RP
FT_2.880_158.15396,0.19098881,0.049476752,25.42024271,3.860172746,0.089174882,0.292802739,6.93E-04,0.007831623,"2,2,6,6-Tetramethyl-4-piperidinol",C9H19NO,L2.1,moisture,RP
FT_20.136_301.21621,0.764304447,0.210876775,24.93068173,3.624412633,0.32993436,1.198674534,0.001294828,0.012621955,"(2E)-5-[(8aS)-2,5,5,8a-tetramethyl-3-oxo-3,4,4a,5,6,7,8,8a-octahydronaphthalen-1-yl]-3-methylpent-2-enoic acid",C20H30O3,L2.1,moisture,RP
FT_3.022_317.14564,-1.388014776,0.189090266,25.92882495,-7.340487711,-1.776747319,-0.999282233,8.68E-08,1.33E-05,2-[(2-Acetamido-5-amino-5-oxopentanoyl)amino]-5-amino-5-oxopentanoic acid,C12H20N4O6,L2.2,moisture,RP
FT_3.279_202.17965,0.165138344,0.048481374,25.38489495,3.406222414,0.065365794,0.264910894,0.002199743,0.018546062,"1-(2-Hydroxyethyl)-2,2,6,6-tetramethyl-4-hydroxypiperidine",C11H23NO2,L2.3,moisture,RP
FT_3.589_132.10187,0.495219145,0.135814976,25.63602667,3.64627789,0.215854428,0.774583862,0.001186531,0.011852859,Isoleucine,C6H13NO2,L2.1,moisture,RP
FT_3.668_182.08119,0.35128422,0.121492064,25.63527483,2.891417005,0.101380666,0.601187773,0.007710896,0.043742677,L-Tyrosine,C9H11NO3,L1,moisture,RP
FT_3.874_132.10187,0.446232454,0.129896968,25.59251841,3.435279976,0.179018351,0.713446558,0.002029151,0.017759899,D-Leucine,C6H13NO2,L1,moisture,RP
FT_5.744_176.05536,-0.683309931,0.147677116,25.67788036,-4.627053603,-0.987050032,-0.37956983,9.24E-05,0.001435338,2-Amino-3-oxohexanedioic acid,C6H9NO5,L2.2,moisture,RP
FT_5.996_504.19243,0.632769716,0.094975456,25.41912517,6.662455155,0.437327512,0.82821192,5.11E-07,5.87E-05,beta-D-Galactopyranosyl-(1->4)-2-amino-2-deoxy-beta-D-glucopyranosyl-(1->6)-D-mannose,C18H33NO15,L2.2,moisture,RP
FT_5.996_509.14786,0.584128562,0.101656244,25.47018529,5.746115944,0.374959408,0.793297715,5.12E-06,2.62E-04,no name,C16H24N6O13,L3.3,moisture,RP
FT_6.781_279.10096,-1.590132338,0.293580815,25.77774061,-5.416336008,-2.193849683,-0.986414993,1.16E-05,3.92E-04,gamma-Glutamylmethionine,C10H18N2O5S,L2.2,moisture,RP
FT_6.817_282.08332,0.54366987,0.137251558,26.32685174,3.961119855,0.261715627,0.825624113,5.08E-04,0.006398223,Guanosine dialdehyde,C10H11N5O5,L2.3,moisture,RP
FT_6.845_166.08628,0.417792102,0.12230048,25.57623213,3.4161117,0.166196986,0.669387219,0.002130621,0.018472083,D-Phenylalanine,C9H11NO2,L1,moisture,RP
FT_6.857_247.12883,-1.270917444,0.227348465,26.06067097,-5.590173846,-1.738185962,-0.803648926,7.07E-06,3.27E-04,Glutamylvaline,C10H18N2O5,L2.3,moisture,RP
FT_7.372_192.10192,1.550378713,0.432157682,28,3.58753015,0.665143831,2.435613596,0.001254578,0.012397393,"Acetic acid, 2-(p-(allylamino)phenyl)-",C11H13NO2,L2.3,moisture,RP
FT_7.543_311.12383,-1.613510665,0.25495956,25.93554968,-6.328496431,-2.137650938,-1.089370392,1.07E-06,8.22E-05,Glu-Tyr,C14H18N2O6,L2.2,moisture,RP
FT_7.633_302.19623,0.202199985,0.059630385,25.95563164,3.39088849,0.079617776,0.324782194,0.002239076,0.018546062,Floridinine,C15H27NO5,L2.2,moisture,RP
FT_7.650_115.03892,0.201073118,0.061661502,25.68306714,3.260918284,0.074249919,0.327896317,0.003128032,0.023124826,3-Methoxy-2(5h)-furanone,C5H6O3,L2.3,moisture,RP
FT_7.703_266.12479,0.372389174,0.078081673,25.54813079,4.769226362,0.211751721,0.533026626,6.44E-05,0.00109127,N6-Me-dA,C11H15N5O3,L2.1,moisture,RP
FT_8.092_258.16998,0.217801649,0.055368297,25.54107976,3.933688812,0.103890875,0.331712423,5.70E-04,0.006930486,2-Hexenoylcarnitine,C13H23NO4,L2.2,moisture,RP
FT_8.272_360.20173,0.250123167,0.063568899,25.38769514,3.934678313,0.119301872,0.380944462,5.73E-04,0.006930486,no name,C17H29NO7,L3.3,moisture,RP
FT_8.550_224.16450,1.664716891,0.449049444,28,3.707201761,0.744880802,2.58455298,9.16E-04,0.009675544,no name,C13H21NO2,L3.4,moisture,RP
FT_8.704_247.14409,1.10615953,0.338867634,25.26011966,3.264282031,0.408612805,1.803706254,0.003145379,0.023124826,Hypaphorine,C14H18N2O2,L2.2,moisture,RP
FT_9.013_261.14449,-0.82928539,0.180106088,26.23222583,-4.604427298,-1.199339312,-0.459231467,9.37E-05,0.001435338,gamma-Glu-leu,C11H20N2O5,L2.2,moisture,RP
FT_9.313_261.14449,-0.699262822,0.167054495,26.1626751,-4.185836607,-1.042544369,-0.355981275,2.85E-04,0.003736103,gamma-Glu-leu,C11H20N2O5,L2.2,moisture,RP
FT_9.352_183.10168,0.225967814,0.06909358,25.4276903,3.27046036,0.083788187,0.36814744,0.003080465,0.023124826,NP-018661,C8H16O3,L2.1,moisture,RP
FT_9.710_248.22200,0.202934508,0.052121625,25.49822629,3.893480055,0.095694267,0.310174749,6.34E-04,0.007464011,"2,3-Dihydroxypropyl-(2-hydroxyoctyl)-dimethylazanium",C13H29NO3,L2.2,moisture,RP
FT_9.727_295.12883,-0.99172997,0.166445267,26.06230449,-5.958294801,-1.333823314,-0.649636626,2.72E-06,1.66E-04,no name,C14H18N2O5,L3.4,moisture,RP
FT_0.889_151.00876,0.416635489,0.125876704,23.734288,3.309869699,0.156684739,0.676586239,0.002969961,0.032884263,no name,C4H8O2P2,L3.3,pH,RP
FT_0.889_458.85599,-0.530063641,0.13884546,26.68486389,-3.817651953,-0.815108498,-0.245018783,7.26E-04,0.013348546,no name,C5H8N4O7P2S5,L3.3,pH,RP
FT_0.889_460.85312,-0.484092442,0.15579752,27.93137761,-3.107189652,-0.803264522,-0.164920362,0.004308791,0.044997484,no name,NA,L4,pH,RP
FT_0.889_476.86690,-0.606495185,0.158060294,27.89309129,-3.837112863,-0.930322936,-0.282667435,6.52E-04,0.012489841,no name,NA,L4,pH,RP
FT_0.890_144.98083,-0.516815823,0.100202315,26.85326735,-5.157723382,-0.72246657,-0.311165076,2.02E-05,7.16E-04,no name,CH6O4P2,L3.3,pH,RP
FT_0.890_148.97575,-0.521630981,0.087993208,27.18700608,-5.928082348,-0.702120038,-0.341141924,2.49E-06,2.44E-04,no name,C2HN2O4P,L3.3,pH,RP
FT_0.891_102.97023,-0.509751104,0.090503989,27.42188457,-5.632360615,-0.695316363,-0.324185846,5.31E-06,2.44E-04,no name,na,L4,pH,RP
FT_0.891_114.98758,0.407260967,0.122671619,14.43634876,3.319928211,0.144900636,0.669621299,0.004877364,0.048196747,no name,na,L4,pH,RP
FT_0.891_121.01643,0.420806443,0.123029734,17.98910204,3.420363743,0.162319338,0.679293548,0.003052857,0.033200048,no name,C2H5N2O2P,L3.3,pH,RP
FT_0.891_125.98621,-0.531248313,0.092312116,26.17768199,-5.754914253,-0.720935921,-0.341560705,4.53E-06,2.44E-04,no name,na,L4,pH,RP
FT_0.891_130.96515,-0.503306004,0.089152699,26.78335685,-5.64543763,-0.686301492,-0.320310516,5.57E-06,2.44E-04,no name,na,L4,pH,RP
FT_0.891_214.98862,0.730370235,0.158876421,23.93658828,4.597096488,0.402419444,1.058321027,1.16E-04,0.003055282,no name,C3H7N2O5PS,L3.3,pH,RP
FT_0.891_84.95972,-0.507238158,0.091344843,26.35000453,-5.553002703,-0.694878862,-0.319597454,7.51E-06,3.14E-04,no name,na,L4,pH,RP
FT_0.892_119.01888,0.392176946,0.118051941,28,3.322071138,0.150358507,0.633995384,0.00249548,0.030273391,no name,na,L4,pH,RP
FT_0.892_214.91758,-0.850222952,0.159632594,26.26819791,-5.326123767,-1.178189471,-0.522256432,1.38E-05,5.28E-04,no name,C2H3N2O2PS3,L3.3,pH,RP
FT_0.892_218.98361,0.747231473,0.216345783,24.59983731,3.453875838,0.301291185,1.193171761,0.002013841,0.026119538,no name,C3H8O7P2,L3.3,pH,RP
FT_0.892_232.92815,-0.881581021,0.160883917,26.61900156,-5.479609373,-1.211908773,-0.55125327,8.82E-06,3.52E-04,no name,C6H2NO3S3,L3.3,pH,RP
FT_0.892_232.99927,0.777109021,0.206284476,23.36552624,3.767171607,0.35074616,1.203471881,9.81E-04,0.016091493,no name,C7H6NO6S,L3.3,pH,RP
FT_0.892_344.87556,-1.127900031,0.221260726,22.83570106,-5.09760611,-1.585795009,-0.670005053,3.74E-05,0.001145243,no name,C6H4NO6P2S3,L3.3,pH,RP
FT_0.893_182.96245,0.664422147,0.171613576,28,3.871617638,0.312887673,1.015956622,5.92E-04,0.011580265,no name,C2H3N2O4PS,L3.3,pH,RP
FT_0.893_200.97310,0.704974087,0.181456001,20.27611518,3.885096561,0.326793668,1.083154506,9.01E-04,0.015337592,no name,C3H6O6P2,L3.3,pH,RP
FT_0.894_133.03457,0.392529557,0.119961588,28,3.272127035,0.146799382,0.638259731,0.002835142,0.032166613,no name,na,L4,pH,RP
FT_0.895_143.99682,-0.540271913,0.090133531,27.85689868,-5.994127873,-0.724944822,-0.355599005,1.90E-06,2.44E-04,no name,CH5NO5S,L3.3,pH,RP
FT_0.904_189.00708,-0.470485674,0.100677601,27.54744129,-4.673191155,-0.676867134,-0.264104215,7.02E-05,0.00201541,no name,C4H4N4O3S,L3.3,pH,RP
FT_0.969_288.92204,-1.226948686,0.177627721,23.4345968,-6.907416683,-1.594022923,-0.85987445,4.36E-07,2.44E-04,no name,C7N2O7S2,L3.3,pH,RP
FT_0.979_226.95148,-1.008304717,0.172098426,24.33502313,-5.858884001,-1.363239818,-0.653369617,4.57E-06,2.44E-04,no name,NA,L4,pH,RP
FT_0.980_362.92643,-1.331388785,0.219070297,24.01985009,-6.077450044,-1.783507883,-0.879269687,2.81E-06,2.44E-04,no name,NA,L4,pH,RP
FT_0.980_430.91383,-1.477898362,0.243669008,22.69732198,-6.065188088,-1.982338321,-0.973458404,3.67E-06,2.44E-04,no name,NA,L4,pH,RP
FT_0.980_498.90137,-1.59130061,0.262296069,22.62422406,-6.066810742,-2.13440049,-1.048200731,3.71E-06,2.44E-04,no name,C9H13N2O10P3S3,L3.3,pH,RP
FT_0.980_90.97665,-0.659980678,0.116177681,26.39036328,-5.680787159,-0.898615517,-0.421345838,5.34E-06,2.44E-04,no name,C2H3PS,L3.3,pH,RP
FT_0.981_158.96409,-0.860283429,0.144166462,23.22629352,-5.967292358,-1.158353779,-0.562213079,4.22E-06,2.44E-04,no name,na,L4,pH,RP
FT_0.981_242.92541,-0.375915259,0.076713328,27.99999659,-4.900260056,-0.533055389,-0.218775128,3.64E-05,0.001145243,no name,C4H2O8S2,L3.3,pH,RP
FT_0.981_294.93894,-1.126023016,0.190605534,24.20000808,-5.907609267,-1.519241519,-0.732804513,4.14E-06,2.44E-04,no name,C8H8O4P2S2,L3.3,pH,RP
FT_0.981_310.91292,-0.438361028,0.083710475,27.99910742,-5.23663288,-0.60983441,-0.266887646,1.45E-05,5.34E-04,no name,C4HN4O7P3,L3.3,pH,RP
FT_0.981_378.90035,-0.667020459,0.107240329,27.74852802,-6.219865808,-0.886782038,-0.447258879,1.06E-06,2.44E-04,no name,C6H5O13P3,L3.3,pH,RP
FT_0.981_446.88778,-0.779968566,0.135111204,27.09119733,-5.772789684,-1.057150198,-0.502786934,3.81E-06,2.44E-04,no name,C5H9N2O12P3S2,L3.3,pH,RP
FT_0.981_514.87531,-0.901471244,0.151329012,27.14422317,-5.957028563,-1.211895552,-0.591046936,2.32E-06,2.44E-04,no name,C10H14O10P4S3,L3.3,pH,RP
FT_0.981_566.88882,-1.708813846,0.292806211,23.61428394,-5.835989059,-2.313658957,-1.103968736,5.44E-06,2.44E-04,no name,C14H8N4O11P2S3,L3.3,pH,RP
FT_0.981_582.86283,-1.094752491,0.187790296,26.35620572,-5.829654229,-1.480507224,-0.708997758,3.63E-06,2.44E-04,no name,NA,L4,pH,RP
FT_0.981_666.82426,-0.528515397,0.154080056,26.09198683,-3.430135036,-0.845177152,-0.211853642,0.00201794,0.026119538,no name,NA,L4,pH,RP
FT_0.982_650.85025,-1.266651658,0.218577599,24.95017077,-5.794974703,-1.716866241,-0.816437074,4.88E-06,2.44E-04,no name,C10H13N4O15P3S4,L3.3,pH,RP
FT_0.982_718.83752,-1.432962897,0.23380946,25.61932708,-6.12876355,-1.913912924,-0.952012869,1.88E-06,2.44E-04,no name,C14H18N4O10P4S6,L3.3,pH,RP
FT_0.983_190.91197,0.579497976,0.167492492,16.64955453,3.4598445,0.225552257,0.933443694,0.003070733,0.033200048,no name,na,L4,pH,RP
FT_0.983_410.84824,0.852382026,0.240229462,28,3.548199365,0.36029428,1.344469773,0.001390427,0.020282574,na,"halogenated,unknown",L4,pH,RP
FT_0.984_122.92447,0.65838328,0.175020609,16.02457656,3.761747164,0.287402405,1.029364155,0.001700935,0.022987913,no name,na,L4,pH,RP
FT_0.984_274.87332,0.988978452,0.246807957,28,4.00707686,0.483415271,1.494541633,4.12E-04,0.008811877,no name,na,L4,pH,RP
FT_0.984_342.86081,1.036521297,0.276546895,28,3.748085101,0.470040662,1.603001931,8.22E-04,0.014530226,na,"halogenated,unknown",L4,pH,RP
FT_1.090_133.06074,-0.496563519,0.139914834,23.11586106,-3.549041257,-0.785919153,-0.207207884,0.001700955,0.022987913,D-Asparagine,C4H8N2O3,L1,pH,RP
FT_1.097_208.11789,0.609290677,0.155366587,27.98816914,3.921632633,0.29103059,0.927550764,5.19E-04,0.01059007,no name,C8H17NO5,L3.4,pH,RP
FT_1.112_147.07644,-0.322969906,0.096498908,27.84452938,-3.346876266,-0.520688695,-0.125251118,0.002352812,0.029219381,L-Glutamine,C5H10N2O3,L1,pH,RP
FT_1.215_464.10688,0.35350894,0.106487274,27.71625614,3.319729458,0.135278999,0.571738881,0.002531827,0.030273391,2-acetamido-2-deoxy-3-O-(6-O-sulfonato-beta-D-glucosyl)-beta-D-galactose,C14H25NO14S,L2.2,pH,RP
FT_1.222_313.14287,-0.727235291,0.161251428,28,-4.509946348,-1.057543869,-0.396926713,1.06E-04,0.002858404,N-(2-methoxyphenyl)-N~3~-9H-purin-6-yl-beta-alaninamide,C15H16N6O2,L2.3,pH,RP
FT_1.252_198.08906,-0.402002151,0.110392064,20.25689109,-3.641585587,-0.632088895,-0.171915406,0.001597136,0.022581053,"Methyl 5-(but-3-en-1-yl)amino-1,3,4-oxadiazole-2-carboxylate",C8H11N3O3,L2.3,pH,RP
FT_1.257_324.16538,0.768728464,0.215901994,27.72466747,3.560543599,0.326275325,1.211181603,0.001359939,0.020282574,"3,8-bis(2-methoxyethyl)-1-methyl-7,8-dihydro-1H-imidazo[2,1-f]purine-2,4(3H,6H)-dione",C14H21N5O4,L2.3,pH,RP
FT_1.333_132.10188,-0.535108869,0.12880202,27.81678571,-4.154506798,-0.799026158,-0.271191579,2.80E-04,0.006280289,Methylbetain,C6H13NO2,L2.2,pH,RP
FT_1.420_246.14481,0.508096339,0.116757879,28,4.351709209,0.268928665,0.747264013,1.63E-04,0.004144947,Gln-Val,C10H19N3O4,L2.3,pH,RP
FT_10.254_310.12853,0.641152583,0.165223469,27.97409579,3.880517631,0.30269353,0.979611637,5.79E-04,0.011568556,Sporovexin C,C15H19NO6,L2.3,pH,RP
FT_11.090_179.07054,-0.21880191,0.064855224,28,-3.373697524,-0.351651814,-0.085952005,0.002185724,0.027516164,4-Methoxycinnamic acid,C10H10O3,L2.1,pH,RP
FT_11.232_326.12348,1.071049058,0.217790522,28,4.917794627,0.624925398,1.517172719,3.47E-05,0.001139678,no name,C15H19NO7,L3.2,pH,RP
FT_11.447_324.14417,0.683305939,0.185305386,27.91066443,3.687458604,0.30367032,1.062941557,9.68E-04,0.016091493,4-(benzyloxy)-2-{[(tert-butoxy)carbonyl]amino}-4-oxobutanoic acid,C16H21NO6,L2.3,pH,RP
FT_11.565_223.09649,0.270333739,0.079602537,28,3.396044267,0.107275334,0.433392144,0.002063468,0.026337882,"3-(3,4,5-trimethoxyphenyl)propanoic acid",C12H16O5,L2.1,pH,RP
FT_11.998_324.14413,0.799616744,0.200188923,27.99958227,3.994310636,0.389548049,1.209685439,4.27E-04,0.00891167,Boc-Asp(OBzl)-OH,C16H21NO6,L2.3,pH,RP
FT_12.162_209.08087,-0.264788831,0.085661517,26.08837899,-3.09110603,-0.440839573,-0.088738089,0.004701096,0.047398079,"3-(3,5-dimethoxyphenyl)prop-2-enoic acid",C11H12O4,L2.3,pH,RP
FT_12.343_165.05466,-0.220553271,0.063550778,17.82435458,-3.470504656,-0.354162872,-0.08694367,0.002761946,0.031727854,"3-(2,5-Dihydroxyphenyl)prop-2-enal",C9H8O3,L2.3,pH,RP
FT_12.554_121.10112,-0.195756617,0.059146938,26.76893801,-3.309666139,-0.317165144,-0.074348091,0.002674247,0.031109277,Cumene,C9H12,L2.2,pH,RP
FT_12.753_167.03385,0.241308566,0.075411903,26.75081984,3.199873736,0.086508655,0.396108478,0.003525509,0.037240719,Benzoquinoneacetic acid,C8H6O4,L2.2,pH,RP
FT_13.033_366.15475,0.329416364,0.100932701,27.13407989,3.26372286,0.12236744,0.536465287,0.002969824,0.032884263,Erucifoline N-oxide,C18H23NO7,L2.2,pH,RP
FT_13.422_211.06008,0.301931404,0.069297801,27.37841723,4.357012794,0.159835962,0.444026845,1.67E-04,0.004144947,"1-(3-acetyl-2,4,6-trihydroxyphenyl)ethan-1-one",C10H10O5,L2.1,pH,RP
FT_13.477_195.06519,0.325064134,0.076289026,27.81631312,4.260955333,0.168746643,0.481381624,2.10E-04,0.004880392,NP-019445,C10H10O4,L2.1,pH,RP
FT_14.703_211.06009,-0.262462314,0.068055474,18.28181847,-3.856593717,-0.405283738,-0.119640891,0.001128311,0.017877897,"1-(3-acetyl-2,4,6-trihydroxyphenyl)ethan-1-one",C10H10O5,L2.1,pH,RP
FT_14.703_225.07574,-0.257155421,0.074293339,28,-3.461352308,-0.409338427,-0.104972414,0.001742881,0.023213154,"3,4-Dihydroxy-5-methoxy-trans-cinnamic acid methyl ester",C11H12O5,L2.3,pH,RP
FT_14.703_251.09138,-0.272977367,0.059341859,18.34299449,-4.600081165,-0.397483093,-0.14847164,2.12E-04,0.004880392,Azanigerone E,C13H14O5,L2.3,pH,RP
FT_15.141_195.06518,0.270080402,0.057407724,27.37909069,4.704600373,0.152365747,0.387795057,6.53E-05,0.001936603,NP-019445,C10H10O4,L2.1,pH,RP
FT_15.164_326.19615,0.32895974,0.089974804,27.99958398,3.656131764,0.144654585,0.513264895,0.001047909,0.01689524,no name,C17H27NO5,L3.2,pH,RP
FT_15.349_249.11213,-0.108424432,0.03502194,26.87540524,-3.095900231,-0.180299109,-0.036549756,0.004550555,0.046466224,NP-021018,C12H18O4,L2.1,pH,RP
FT_15.672_323.11267,-0.271818366,0.072168124,27.64279917,-3.766460161,-0.419734175,-0.123902556,7.95E-04,0.014330265,"6-Hydroxy-7,8-dimethoxy-2-(2-oxopropyl)-2,3,3a,9b-tetrahydrouro[3,2-c]isochromen-5-one",C16H18O7,L2.3,pH,RP
FT_16.335_277.14341,-0.181574982,0.056679515,27.97580039,-3.20353804,-0.297682229,-0.065467734,0.003376949,0.036086234,"(2R,5R,6R)-3-[(1E,3E)-hepta-1,3-dien-1-yl]-5,6-dihydroxy-2-(hydroxymethyl)cyclohexan-1-one",C14H22O4,L2.1,pH,RP
FT_17.838_514.31653,-0.509961729,0.146220043,27.89131087,-3.487632187,-0.809532502,-0.210390956,0.00163405,0.022752904,no name,C24H43N5O7,L3.3,pH,RP
FT_18.056_413.12325,0.33044309,0.096960471,21.65132179,3.408018614,0.12917146,0.53171472,0.002564521,0.030273391,Austocystin D,C22H20O8,L2.2,pH,RP
FT_19.321_427.17535,0.310387684,0.087109832,27.25816675,3.563176264,0.131732249,0.489043119,0.001374429,0.020282574,"N-({(2R,4S,5R)-5-[3-(2-Methoxyphenyl)-1-methyl-1H-pyrazol-5-yl]-1-azabicyclo[2.2.2]oct-2-yl}methyl)methanesulfonamide",C20H28N4O3S,L2.1,pH,RP
FT_19.846_411.14400,0.447922724,0.120410297,27.90826868,3.719970249,0.201236882,0.694608566,8.89E-04,0.015337592,Sumatrol,C23H22O7,L2.3,pH,RP
FT_2.253_139.05020,0.460579371,0.091492016,26.56298652,5.034093572,0.272708642,0.648450101,2.90E-05,9.88E-04,trans-Urocanic Acid,C6H6N2O2,L1,pH,RP
FT_6.150_174.14886,0.857467354,0.258853004,27.83495873,3.312564813,0.327089337,1.387845372,0.00256945,0.030273391,no name,C9H19NO2,L3.3,pH,RP
FT_6.596_137.04577,0.39606756,0.111371143,27.78757087,3.556285325,0.167855519,0.624279601,0.001371936,0.020282574,Hypoxanthine,C5H4N4O,L2.1,pH,RP
FT_6.598_275.07509,0.302811121,0.086344424,27.1556727,3.5070142,0.125694506,0.479927735,0.001595167,0.022581053,no name,NA,L4,pH,RP
FT_6.761_200.05429,0.512947588,0.089748683,26.97094049,5.715377363,0.328789219,0.697105958,4.51E-06,2.44E-04,"(2S,4S)-4-amino-2-hydroxy-2-methylpentanedioic acid",C6H11NO5,L2.3,pH,RP
FT_7.633_302.19623,-0.240179863,0.062854243,27.10100375,-3.82121953,-0.369123631,-0.111236094,7.06E-04,0.013232041,Floridinine,C15H27NO5,L2.2,pH,RP
FT_7.703_266.12479,0.304379582,0.084808497,27.99875923,3.589022235,0.130656904,0.47810226,0.001249745,0.019466366,N6-Me-dA,C11H15N5O3,L2.1,pH,RP
FT_8.092_258.16998,-0.258596562,0.060318966,27.98058176,-4.287151791,-0.382158226,-0.135034899,1.94E-04,0.004690809,2-Hexenoylcarnitine,C13H23NO4,L2.2,pH,RP
FT_8.272_360.20173,-0.321999801,0.069903859,27.77736739,-4.606323644,-0.465243087,-0.178756514,8.27E-05,0.002302392,no name,C17H29NO7,L3.3,pH,RP
FT_9.172_282.09721,0.621026418,0.149496877,25.25088178,4.154109653,0.313286877,0.928765959,3.28E-04,0.007171931,4-Hydroxyphenylacetylglutamate,C13H15NO6,L2.2,pH,RP
FT_9.352_183.10168,-0.227614223,0.07356335,27.51662496,-3.094125331,-0.378421259,-0.076807187,0.004497277,0.046438173,NP-018661,C8H16O3,L2.1,pH,RP
FT_9.687_356.09768,0.816273783,0.266065279,28,3.067945533,0.271263766,1.3612838,0.004744965,0.047398079,no name,C15H17NO9,L3.2,pH,RP
FT_1.106_423.18185,0.329133231,0.086214597,25.38137782,3.817604483,0.151706132,0.506560331,7.75E-04,0.014702343,no name,C25H28O6,L3.2,moisture,HILIC
FT_1.107_629.23731,0.362609028,0.071665945,28,5.059711821,0.215807995,0.509410061,2.36E-05,9.15E-04,no name,C36H38O10,L3.2,moisture,HILIC
FT_1.116_381.09801,0.189256187,0.059608137,25.55013574,3.175005892,0.066624823,0.31188755,0.003884307,0.041625231,no name,C21H18O7,L3.2,moisture,HILIC
FT_1.116_473.28266,0.326861373,0.076821041,25.25347224,4.25484173,0.16872596,0.484996786,2.52E-04,0.006057377,no name,C28H43O4P,L3.1,moisture,HILIC
FT_1.130_385.20231,0.212947545,0.069784934,25.94304525,3.05148305,0.069487229,0.35640786,0.005199812,0.048770652,no name,C23H30O5,L3.1,moisture,HILIC
FT_1.143_629.20263,0.317678384,0.079325192,28,4.004760347,0.155188094,0.480168674,4.15E-04,0.009149722,no name,C35H34O11,L3.2,moisture,HILIC
FT_1.144_285.07711,0.183063221,0.052372465,28,3.495409705,0.075783091,0.290343352,0.0015954,0.024563142,no name,noformula,L4,moisture,HILIC
FT_1.162_283.06126,0.180305551,0.049142971,25.67103771,3.668999776,0.079227688,0.281383414,0.001117868,0.018650013,Glycitein,C16H12O5,L2.1,moisture,HILIC
FT_1.177_221.04552,0.242552109,0.074467144,26.47287846,3.25716949,0.089615668,0.395488551,0.003079922,0.036034812,no name,C10H8O3,L3.1,moisture,HILIC
FT_1.188_269.04556,0.19201604,0.053235272,25.89670406,3.606932632,0.082568124,0.301463957,0.001297126,0.021169095,"1,3,8-trihydroxy-6-methyl-anthracene-9,10-dione",C15H10O5,L2.2,moisture,HILIC
FT_1.190_311.22297,0.46879871,0.142898803,25.29564326,3.280634263,0.17466743,0.762929991,0.003017065,0.036034812,(±)9-HpODE,C18H32O4,L2.1,moisture,HILIC
FT_1.213_165.05561,0.297563532,0.06940548,25.32274165,4.287320406,0.15471259,0.440414474,2.31E-04,0.005708234,Acetovanillone,C9H10O3,L1,moisture,HILIC
FT_1.219_287.22285,0.592981918,0.192602614,25.42843266,3.078784364,0.196648017,0.989315818,0.004933053,0.047357309,no name,C16H32O4,L3.1,moisture,HILIC
FT_1.250_233.04553,-0.125478508,0.034898325,25.81597161,-3.595545242,-0.197237939,-0.053719077,0.00133997,0.021439516,Hexaketide pyrone,C12H10O5,L2.3,moisture,HILIC
FT_1.250_339.19997,0.726686037,0.142831601,25.54050012,5.08771192,0.432834186,1.020537889,2.80E-05,0.001038679,no name,C15H32O8,L3.2,moisture,HILIC
FT_1.268_325.18447,0.688148334,0.13661684,25.5071687,5.037068143,0.407064088,0.96923258,3.21E-05,0.001130882,4-Dodecylbenzenesulfonic acid,C18H30O3S,L2.1,moisture,HILIC
FT_1.285_313.23864,0.942862898,0.160788143,25.42709121,5.864007631,0.611995326,1.27373047,3.81E-06,2.22E-04,12(13)-DiHOME,C18H34O4,L2.1,moisture,HILIC
FT_1.287_311.22294,0.959558623,0.145928817,25.64228735,6.575525274,0.659393854,1.259723392,6.07E-07,6.20E-05,(±)9-HpODE,C18H32O4,L2.1,moisture,HILIC
FT_1.290_311.16868,0.695182687,0.152395114,25.39198462,4.561712447,0.381564573,1.008800802,1.12E-04,0.0032732,no name,C17H28O3S,L3.1,moisture,HILIC
FT_1.300_219.02975,-0.140714234,0.042463864,25.79983558,-3.313740718,-0.228032927,-0.053395541,0.002731842,0.034830986,no name,C11H8O5,L3.1,moisture,HILIC
FT_1.317_297.15305,0.867425245,0.151101565,25.68024862,5.740676769,0.556643201,1.178207289,5.04E-06,2.59E-04,2-Decylbenzenesulfonate,C16H25O3S-,L2.1,moisture,HILIC
FT_1.371_329.23370,0.761389857,0.205075984,26.49179177,3.712720734,0.340230671,1.182549044,9.63E-04,0.017835892,"(15Z)-9,12,13-Trihydroxy-15-octadecenoic acid",C18H34O5,L2.1,moisture,HILIC
FT_1.376_291.08757,-0.133703683,0.043495768,28,-3.073946919,-0.222800725,-0.04460664,0.004674447,0.047090726,no name,C14H14O4,L3.1,moisture,HILIC
FT_1.380_185.08194,0.183766586,0.057563614,28,3.192408765,0.065852868,0.301680305,0.003471146,0.03824677,1-(Carboxymethyl)cyclohexanecarboxylic acid,C9H14O4,L2.1,moisture,HILIC
FT_1.414_271.15491,0.231295005,0.074221639,28,3.116274539,0.079258869,0.383331141,0.004204741,0.043395215,no name,C15H28S2,L3.3,moisture,HILIC
FT_1.566_295.08239,0.161543386,0.042169293,25.30384547,3.830829886,0.074746952,0.248339821,7.52E-04,0.014608969,no name,C14H16O7,L3.1,moisture,HILIC
FT_1.569_325.09309,0.353314797,0.096064601,26.18908112,3.677887528,0.155920545,0.550709048,0.001067646,0.018536145,no name,C15H18O8,L3.2,moisture,HILIC
FT_1.618_351.10866,-0.284639857,0.065199687,28,-4.365662919,-0.418195362,-0.151084352,1.57E-04,0.004258738,no name,C17H20O8,L3.1,moisture,HILIC
FT_1.621_225.07685,-0.153440695,0.050090539,28,-3.06326698,-0.256046513,-0.050834877,0.004800643,0.047357309,no name,C11H14O5,L3.1,moisture,HILIC
FT_1.657_255.08748,-0.227339615,0.069439935,26.40275929,-3.273903036,-0.36996955,-0.084709681,0.002959858,0.036034812,no name,C11H14O4,L3.2,moisture,HILIC
FT_1.904_269.10308,-0.259788745,0.078973051,25.34384203,-3.289587305,-0.422324971,-0.09725252,0.002946064,0.036034812,no name,C13H18O6,L3.1,moisture,HILIC
FT_1.939_216.98085,0.199887259,0.043976493,28,4.545320629,0.109805497,0.28996902,9.60E-05,0.002993521,no name,C7H8O4P2,L3.2,moisture,HILIC
FT_1.979_256.97591,0.180581099,0.048649866,26.06672892,3.711851907,0.080592324,0.280569873,9.84E-04,0.017835892,no name,C9H8O5P2,L3.2,moisture,HILIC
FT_10.755_259.12997,-0.756924026,0.181329622,25.61778036,-4.174298822,-1.129923249,-0.383924804,3.04E-04,0.007080558,gamma-Glu-leu,C11H20N2O5,L2.3,moisture,HILIC
FT_10.760_485.15131,0.637784809,0.101943829,25.30681117,6.256237516,0.427956556,0.847613062,1.44E-06,1.17E-04,no name,C18H30O15,L3.2,moisture,HILIC
FT_11.478_245.11431,-1.359080096,0.244702792,25.75756208,-5.554003226,-1.862304409,-0.855855784,8.09E-06,3.67E-04,glutamylvaline,C10H18N2O5,L2.3,moisture,HILIC
FT_11.767_487.16695,-0.701690216,0.104997544,25.39963896,-6.68292027,-0.917764314,-0.485616118,4.88E-07,5.69E-05,solatriose,C18H32O15,L2.3,moisture,HILIC
FT_12.130_267.07223,-0.462589216,0.147874093,26.39465744,-3.128264093,-0.766327723,-0.158850708,0.004254433,0.043395215,inosinum,C10H12N4O5,L2.3,moisture,HILIC
FT_12.209_387.11466,-0.285621349,0.061757942,25.28713292,-4.624852087,-0.41274102,-0.158501678,9.61E-05,0.002993521,beta1-6Galactobiose,C12H22O11,L2.2,moisture,HILIC
FT_12.209_729.23024,-0.270719314,0.059508719,25.27707685,-4.549237801,-0.39321173,-0.148226898,1.17E-04,0.003296005,no name,C31H40O17,L3.2,moisture,HILIC
FT_12.663_366.99751,-0.611891969,0.17798236,26.01840819,-3.437936041,-0.977727352,-0.246056586,0.001983845,0.027125072,no name,C11H14O10P2,L3.2,moisture,HILIC
FT_12.663_535.15166,-0.68348738,0.198978269,26.07598239,-3.434985051,-1.092435073,-0.274539687,0.001994491,0.027125072,no name,C18H32O18,L3.1,moisture,HILIC
FT_12.806_421.06605,-0.382405091,0.116866418,25.19750082,-3.272155493,-0.623000361,-0.141809821,0.003091222,0.036034812,no name,C12H22O14S,L3.1,moisture,HILIC
FT_12.842_443.14080,-0.516355929,0.143893574,25.44021304,-3.588457174,-0.812450488,-0.22026137,0.001386436,0.021756378,Tetracycline,C22H24N2O8,L2.1,moisture,HILIC
FT_13.009_565.10152,-0.913731079,0.167748158,26.23834478,-5.447040924,-1.258389975,-0.569072183,1.01E-05,4.21E-04,no name,C17H30N2O15S2,L3.2,moisture,HILIC
FT_13.222_411.11466,-0.854222975,0.110493292,25.39098148,-7.730993959,-1.081610622,-0.626835328,3.92E-08,6.65E-06,"(2R,3R,4R,5R)-5-[[(2S,3R,4R,5R)-3,4-dihydroxy-5-[[(2S,3R,4R,5R)-3,4,5-trihydroxyoxolan-2-yl]methoxy]oxolan-2-yl]methoxy]-3,4-dihydroxyoxolane-2-carbaldehyde",C15H24O13,L2.2,moisture,HILIC
FT_13.273_529.05022,-0.982987559,0.29320275,25.21846369,-3.352586425,-1.586584787,-0.379390331,0.0025303,0.033302009,no name,C17H24O15P2,L3.2,moisture,HILIC
FT_13.282_335.07517,-1.573888357,0.257748552,25.75478727,-6.106293682,-2.10394371,-1.043833004,1.95E-06,1.45E-04,no name,C10H17N4O7P,L3.2,moisture,HILIC
FT_13.293_649.21933,-0.940784948,0.120535597,25.54452918,-7.805038247,-1.188764606,-0.69280529,3.16E-08,6.65E-06,Fuc(a1-2)[Gal(a1-3)]Gal(b1-4)Glc,C24H42O20,L2.3,moisture,HILIC
FT_13.321_503.12848,-1.051382889,0.152617146,25.26344882,-6.889022093,-1.365537667,-0.737228111,3.03E-07,4.11E-05,alpha-D-ManAc-(1-P-6)-alpha-D-ManAc,C16H29N2O14P,L2.3,moisture,HILIC
FT_13.751_341.10903,-0.495716913,0.153160339,26.44755305,-3.236587988,-0.81028341,-0.181150417,0.00324519,0.036778817,alpha-alpha-Trehalose,C12H22O11,L2.1,moisture,HILIC
FT_13.830_274.10456,-2.159891128,0.377601431,25.99659632,-5.720028981,-2.936066932,-1.383715325,5.09E-06,2.59E-04,gamma-Glutamylglutamine,C10H17N3O6,L2.3,moisture,HILIC
FT_14.029_549.16735,-0.380821698,0.093725848,25.43417844,-4.06314487,-0.573686749,-0.187956648,4.10E-04,0.009149722,melitose,C18H32O16,L2.2,moisture,HILIC
FT_14.029_566.15742,-0.572952595,0.130545743,25.72770525,-4.388902939,-0.841431505,-0.304473685,1.72E-04,0.004526921,no name,NA,L4,moisture,HILIC
FT_14.029_617.15437,-0.319007167,0.086008871,25.37848058,-3.709003085,-0.496011898,-0.142002437,0.001023071,0.018148385,no name,C23H30N4O16,L3.2,moisture,HILIC
FT_14.029_621.09731,-0.276299759,0.082251077,25.4268462,-3.359223615,-0.445554946,-0.107044573,0.00247024,0.033044524,no name,NA,L4,moisture,HILIC
FT_14.186_421.06603,-0.458949864,0.101224594,28,-4.533975825,-0.666299046,-0.251600682,9.91E-05,0.002993521,"[(2S,3S,4S,5R)-3,4-dihydroxy-5-(hydroxymethyl)-2-[(2R,3R,4S,5S,6R)-3,4,5-trihydroxy-6-(hydroxymethyl)oxan-2-yl]oxyoxolan-2-yl]methyl hydrogen sulfate",C12H22O14S,L2.3,moisture,HILIC
FT_14.255_549.16737,-0.811281479,0.099791286,25.49505575,-8.129782769,-1.016603312,-0.605959645,1.51E-08,6.17E-06,melitose,C18H32O16,L2.2,moisture,HILIC
FT_14.255_566.15747,-1.41564504,0.17300199,25.90523873,-8.182825185,-1.771319045,-1.059971035,1.19E-08,6.17E-06,no name,NA,L4,moisture,HILIC
FT_14.370_421.06602,-0.52561624,0.131436357,25.64121928,-3.999017104,-0.795971648,-0.255260831,4.78E-04,0.010272506,2-sulfotrehalose,C12H22O14S,L2.3,moisture,HILIC
FT_14.398_446.09757,-0.369428706,0.106765068,25.68626766,-3.460202031,-0.589017979,-0.149839433,0.00189887,0.026715137,no name,C14H25NO13S,L3.1,moisture,HILIC
FT_14.571_333.05952,-0.848496702,0.149025687,25.81616587,-5.693627177,-1.154929589,-0.542063816,5.59E-06,2.68E-04,poly(galactosylglycerol phosphate),C9H19O11P,L2.2,moisture,HILIC
FT_14.691_446.09756,-0.571626243,0.132471606,25.60440784,-4.315085016,-0.844130433,-0.299122053,2.11E-04,0.005367757,no name,C19H13N9O5,L3.2,moisture,HILIC
FT_15.006_711.21974,-0.699044027,0.117262194,25.46635533,-5.961375984,-0.940325983,-0.457762071,2.95E-06,1.85E-04,no name,C32H40O18,L3.2,moisture,HILIC
FT_15.006_763.18139,-0.62283685,0.113874518,25.56662555,-5.469501542,-0.857102534,-0.388571167,1.03E-05,4.21E-04,no name,NA,L4,moisture,HILIC
FT_15.009_711.21976,-0.699044027,0.117262194,25.46635533,-5.961375984,-0.940325983,-0.457762071,2.95E-06,1.85E-04,Isomaltotetraose,C24H42O21,L2.3,moisture,HILIC
FT_15.112_462.10202,-1.011873837,0.161043199,25.52920019,-6.283244759,-1.343200242,-0.680547431,1.29E-06,1.17E-04,"[3-Acetamido-4,5-dihydroxy-6-(hydroxymethyl)oxan-2-yl] (3,4,5,6-tetrahydroxyoxan-2-yl)methyl hydrogen phosphate",C14H26NO14P,L2.3,moisture,HILIC
FT_15.255_647.13409,-2.227293434,0.290514538,25.8207177,-7.666719362,-2.824656484,-1.629930384,4.08E-08,6.65E-06,no name,C21H33N2O19P,L3.2,moisture,HILIC
FT_16.041_873.27215,-0.780410452,0.15555195,25.66216326,-5.017040619,-1.100357056,-0.460463847,3.33E-05,0.001130882,Laminaripentaose,C30H52O26,L2.3,moisture,HILIC
FT_2.062_279.08747,-0.31410349,0.095499627,25.47939553,-3.28905461,-0.510601181,-0.117605798,0.00293652,0.036034812,no name,C14H16O6,L3.1,moisture,HILIC
FT_2.065_193.05064,-0.242590071,0.075049538,25.32627049,-3.232399279,-0.397056582,-0.08812356,0.003395692,0.037957324,Isoferulic acid,C10H10O4,L2.1,moisture,HILIC
FT_2.134_309.06182,-0.374906915,0.112971628,25.89537399,-3.318593548,-0.607169093,-0.142644736,0.002690257,0.034830986,no name,C14H14O8,L3.1,moisture,HILIC
FT_2.182_269.10307,-0.345628834,0.099102813,25.74836834,-3.487578427,-0.54943452,-0.141823148,0.001767708,0.026409696,no name,C13H18O6,L3.1,moisture,HILIC
FT_2.225_247.05869,0.158956046,0.04582714,26.17963707,3.468600586,0.064788458,0.253123633,0.001824519,0.026409696,no name,C10H17O3PS,L3.2,moisture,HILIC
FT_2.240_171.02745,0.505376567,0.137538086,25.32777351,3.674448169,0.222297338,0.788455796,0.001119915,0.018650013,no name,C5H6N3O4,L3.2,moisture,HILIC
FT_2.241_202.96511,0.393279492,0.113185377,25.49177352,3.474649302,0.160397657,0.626161327,0.001844795,0.026409696,no name,C6H6O4P2,L3.2,moisture,HILIC
FT_2.417_167.03494,-0.333239387,0.0842583,25.27331113,-3.954974025,-0.506677498,-0.159801276,5.47E-04,0.011454615,Vanillic acid,C8H8O4,L2.1,moisture,HILIC
FT_2.474_209.04539,-0.298000781,0.096720322,25.40171835,-3.081056526,-0.497040399,-0.098961162,0.004909495,0.047357309,no name,C10H10O5,L3.1,moisture,HILIC
FT_2.623_269.06672,-0.32595039,0.084788823,25.25534491,-3.844261302,-0.500486759,-0.151414021,7.28E-04,0.014495601,no name,C12H14O7,L3.1,moisture,HILIC
FT_2.626_183.02982,-0.318005071,0.097420652,25.35739078,-3.264247001,-0.518503368,-0.117506774,0.003135518,0.03603638,3-O-methylgallate,C8H8O5,L2.3,moisture,HILIC
FT_2.740_113.02448,-0.286703887,0.093641504,28,-3.061718081,-0.478519814,-0.094887961,0.004819212,0.047357309,Glutaric anhydride,C5H6O3,L2.1,moisture,HILIC
FT_2.893_242.07043,-0.367814887,0.09377359,25.63541978,-3.922371817,-0.560702768,-0.174927005,5.84E-04,0.011905614,no name,C7H17NO6S,L3.1,moisture,HILIC
FT_3.025_147.06635,-0.206076215,0.065411579,25.7966298,-3.150454667,-0.34058325,-0.07156918,0.004096268,0.042853266,Mevalonic acid,C6H12O4,L2.1,moisture,HILIC
FT_7.848_240.95581,-0.294944295,0.084521277,25.18283885,-3.489586366,-0.46895506,-0.120933529,0.001798758,0.026409696,no name,C4H6NO7P2,L3.2,moisture,HILIC
FT_8.843_316.94801,0.209556921,0.068180232,25.36838136,3.073573016,0.069240425,0.349873416,0.005004319,0.047482839,no name,noformula,L4,moisture,HILIC
FT_8.844_248.96047,0.213891645,0.066463824,25.34097193,3.218166392,0.077100168,0.350683122,0.003515328,0.03824677,no name,C4H4N4O5P2,L3.2,moisture,HILIC
FT_8.844_384.93558,0.233434867,0.073592219,25.42521835,3.172004747,0.081997282,0.384872452,0.003927871,0.041625231,no name,C5H4N6O11P2,L3.2,moisture,HILIC
FT_1.051_422.78092,-1.292033258,0.270424627,27.84739277,-4.777794359,-1.84610979,-0.737956727,5.16E-05,0.004206693,no name,C7H6NO2S9,L3.2,pH,HILIC
FT_1.096_411.14524,0.193112024,0.058631309,25.74759368,3.293667285,0.072536115,0.313687933,0.002877179,0.046034871,dalpanol,C23H24O7,L2.2,pH,HILIC
FT_1.103_505.15096,-0.533351847,0.12414915,22.24397512,-4.296057183,-0.790657793,-0.276045902,2.87E-04,0.012312592,no name,C28H26O9,L3.2,pH,HILIC
FT_1.131_301.07202,-0.242325192,0.073042396,28,-3.317596445,-0.391945756,-0.092704627,0.002524238,0.042036283,no name,C15H12O4,L3.1,pH,HILIC
FT_1.144_285.07711,-0.185748175,0.05008814,28,-3.708426276,-0.288349078,-0.083147271,9.13E-04,0.020135574,no name,noformula,L4,pH,HILIC
FT_1.162_283.06126,-0.198535724,0.052268189,27.5162947,-3.798404489,-0.305687111,-0.091384336,7.35E-04,0.018971939,Glycitein,C16H12O5,L2.1,pH,HILIC
FT_1.175_409.09315,-1.798430705,0.408229021,27.49222848,-4.405445501,-2.635346308,-0.961515103,1.45E-04,0.008906815,no name,C22H18O8,L3.1,pH,HILIC
FT_1.179_247.06132,-0.13031717,0.032146154,28,-4.053896103,-0.196165583,-0.064468758,3.64E-04,0.014835124,no name,C13H12O5,L3.1,pH,HILIC
FT_1.186_415.21306,-0.190142479,0.047739416,28,-3.982924293,-0.287932239,-0.092352719,4.40E-04,0.015606345,no name,C17H31N4O3P,L3.3,pH,HILIC
FT_1.188_269.04556,-0.20599964,0.055683892,26.50615737,-3.699447589,-0.320353235,-0.091646045,9.96E-04,0.020835072,"1,3,8-trihydroxy-6-methyl-anthracene-9,10-dione",C15H10O5,L2.2,pH,HILIC
FT_1.213_165.05561,-0.277169956,0.074272396,27.73237056,-3.731803057,-0.429376236,-0.124963676,8.68E-04,0.01967466,Acetovanillone,C9H10O3,L1,pH,HILIC
FT_1.223_257.08202,-0.218660469,0.054511086,28,-4.01130275,-0.330321367,-0.106999571,4.08E-04,0.01531632,Isorhapontigenin,C15H14O4,L2.1,pH,HILIC
FT_1.246_357.26494,-0.28541564,0.067359413,27.67684283,-4.237205013,-0.423467759,-0.147363521,2.26E-04,0.01024987,no name,C20H38O5,L3.1,pH,HILIC
FT_1.254_409.12952,0.227002611,0.053045893,27.91916316,4.279362572,0.118328848,0.335676373,1.99E-04,0.01024987,no name,C23H22O7,L3.2,pH,HILIC
FT_1.261_467.17135,0.169822022,0.044060584,28,3.854284406,0.079568007,0.260076036,6.20E-04,0.017451838,no name,C26H28O8,L3.1,pH,HILIC
FT_1.266_175.03993,-0.223077946,0.054471913,24.0396005,-4.095283881,-0.335492648,-0.110663243,4.13E-04,0.01531632,4-Methylumbelliferone,C10H8O3,L2.1,pH,HILIC
FT_1.298_395.15023,0.37861725,0.107201603,25.54968221,3.531824519,0.15807202,0.599162479,0.001593045,0.030230814,no name,C23H24O6,L3.1,pH,HILIC
FT_1.313_415.24926,0.228643354,0.053517624,27.63472414,4.272300164,0.118952152,0.338334556,2.06E-04,0.01024987,no name,C25H36O5,L3.2,pH,HILIC
FT_1.347_327.12404,0.192233556,0.04887604,27.98907318,3.933083716,0.092113766,0.292353345,5.03E-04,0.016800968,10-(4-Sulfophenyl) decanoic acid,C16H24O5S,L2.1,pH,HILIC
FT_1.352_411.10878,0.254920624,0.057975163,28,4.397066074,0.136163885,0.373677363,1.44E-04,0.008906815,no name,C22H20O8,L3.2,pH,HILIC
FT_1.377_701.25927,0.271994654,0.075053242,28,3.624022715,0.118255057,0.425734252,0.001140134,0.023258735,no name,C39H42O12,L3.3,pH,HILIC
FT_1.380_439.14010,0.328537601,0.067204211,27.44790569,4.888646038,0.190751161,0.466324041,3.95E-05,0.0040254,no name,C24H24O8,L3.2,pH,HILIC
FT_1.446_195.06632,0.241098552,0.040999077,27.7135719,5.880584932,0.157076629,0.325120474,2.63E-06,4.91E-04,Hydroferulic acid,C10H12O4,L1,pH,HILIC
FT_1.477_179.07139,0.158753692,0.047465457,27.7062103,3.344615285,0.061478643,0.256028741,0.002376532,0.041260645,2'-Hydroxy-4'-methoxypropiophenone,C10H12O3,L2.2,pH,HILIC
FT_1.525_251.09253,0.295548322,0.037496893,26.13658828,7.881941738,0.218491955,0.37260469,2.25E-08,1.84E-05,"6-Amino-3-methyl-4-phenyl-1,4-dihydropyrano[2,3-c]pyrazole-5-carbonitrile",C14H12N4O,L2.1,pH,HILIC
FT_1.566_295.08239,-0.146947347,0.044892533,27.48555403,-3.273313802,-0.238983135,-0.054911558,0.00286879,0.046034871,no name,C14H16O7,L3.1,pH,HILIC
FT_1.659_257.10292,-0.18198911,0.042756802,26.98958465,-4.256377976,-0.269720405,-0.094257815,2.24E-04,0.01024987,no name,C12H18O6,L3.2,pH,HILIC
FT_1.666_323.11403,-0.358089357,0.104001166,27.77697074,-3.443128275,-0.571203178,-0.144975536,0.001840684,0.034136313,no name,C15H18O5,L3.1,pH,HILIC
FT_1.670_181.05059,-0.129374084,0.034173496,28,-3.785801881,-0.199375317,-0.059372852,7.44E-04,0.018971939,"1-(2,3-Dihydroxy-4-methoxyphenyl)ethanone",C9H10O4,L2.3,pH,HILIC
FT_1.672_209.04538,0.208161183,0.048796999,16.38663776,4.265860361,0.104914179,0.311408187,5.63E-04,0.016800968,no name,C9H8O3,L3.1,pH,HILIC
FT_1.672_297.13448,-0.234752811,0.053662572,28,-4.374609728,-0.344675607,-0.124830014,1.53E-04,0.008906815,no name,C15H22O6,L3.1,pH,HILIC
FT_1.707_319.05735,0.658310131,0.11195107,26.73913518,5.880338002,0.428500606,0.888119657,3.01E-06,4.91E-04,no name,C19H12O5,L3.2,pH,HILIC
FT_12.663_535.15166,0.687733267,0.203605816,24.49093313,3.377768278,0.267956833,1.107509702,0.002442477,0.041522112,no name,C18H32O18,L3.1,pH,HILIC
FT_13.273_529.05022,1.128231297,0.318283617,27.99971882,3.54473569,0.476256568,1.780206027,0.001403067,0.027924453,no name,C17H24O15P2,L3.2,pH,HILIC
FT_13.283_429.12512,0.68153488,0.198660002,27.41410569,3.43065978,0.274206136,1.088863624,0.001924017,0.03488884,no name,C10H23N8O9P,L3.2,pH,HILIC
FT_14.250_419.08676,-1.787993188,0.253398506,27.02111445,-7.056052598,-2.307904967,-1.26808141,1.38E-07,5.61E-05,no name,C17H24O8S2,L3.2,pH,HILIC
FT_16.005_304.91409,-0.583295548,0.110310604,27.98938364,-5.287755905,-0.809260438,-0.357330658,1.26E-05,0.001720081,no name,C2H2N4O10S2,L3.2,pH,HILIC
FT_16.005_564.82986,-0.854015593,0.175116938,21.57937071,-4.876830333,-1.217596767,-0.490434418,7.47E-05,0.00554036,no name,C13H5N4O10P3S3,L3.2,pH,HILIC
FT_2.039_319.05733,0.719160156,0.113781502,27.05802363,6.320536677,0.485723221,0.952597091,9.04E-07,2.46E-04,no name,C14H12N2O7,L3.1,pH,HILIC
FT_2.312_146.96601,-0.319244021,0.094688788,27.05511409,-3.371508159,-0.513510849,-0.124977194,0.002265169,0.040182121,no name,noformula,L4,pH,HILIC
FT_2.318_186.90600,-0.59447567,0.155284378,27.21983439,-3.828303139,-0.912972534,-0.275978806,6.89E-04,0.018731843,no name,noformula,L4,pH,HILIC
FT_3.216_137.03571,0.537411194,0.111144015,26.4019947,4.835268869,0.309120579,0.765701808,5.00E-05,0.004206693,urocanate,C6H6N2O2,L2.2,pH,HILIC
FT_4.385_251.07857,0.492812119,0.126309772,27.39973635,3.901615133,0.233822675,0.751801562,5.63E-04,0.016800968,2'-Deoxyinosine,C10H12N4O4,L1,pH,HILIC
FT_7.848_240.95581,0.496453886,0.094609474,26.79570761,5.247401372,0.302262005,0.690645767,1.60E-05,0.001868346,no name,C4H6NO7P2,L3.2,pH,HILIC
FT_8.842_520.91024,-0.337653988,0.089583091,27.94693497,-3.76917098,-0.521172331,-0.154135646,7.79E-04,0.019269785,no name,C5H8N4O21P2,L3.2,pH,HILIC
FT_8.842_588.89767,-0.351753727,0.094037828,27.99344447,-3.740555618,-0.544383519,-0.159123936,8.39E-04,0.019559208,no name,C11H10N8O11S5,L3.2,pH,HILIC
FT_8.843_316.94801,-0.294555781,0.075473344,27.51201096,-3.90277901,-0.449279551,-0.139832011,5.58E-04,0.016800968,no name,noformula,L4,pH,HILIC
FT_8.843_452.92293,-0.318496763,0.084879889,27.75080013,-3.752323033,-0.492435702,-0.144557825,8.22E-04,0.019559208,no name,C8H4N6O13P2,L3.2,pH,HILIC
FT_8.843_656.88486,-0.382631254,0.103836075,27.90505467,-3.684954907,-0.59536242,-0.169900088,9.75E-04,0.020835072,no name,noformula,L4,pH,HILIC
FT_8.844_248.96047,-0.260934955,0.073781625,27.36546905,-3.53658457,-0.412227798,-0.109642112,0.001466529,0.028492573,no name,C4H4N4O5P2,L3.2,pH,HILIC
FT_8.844_384.93558,-0.314931383,0.081034922,27.73603624,-3.886366205,-0.480995096,-0.14886767,5.77E-04,0.016800968,no name,C5H4N6O11P2,L3.2,pH,HILIC
FT_1.488_519.26008,0.454760479,0.08344797,25.48987703,5.449629047,0.283063493,0.626457465,1.10E-05,0.008961519,no name,C28H40O9,L3.2,CN,HILIC
