FeatureID,estimate,stderror,df,tvalue,lower,upper,pvalue,padj,Name,Formula,Annotation_level,use_Sirius_class,env_sig
FT_1.106_423.18185,0.3291332311196548,0.08621459677009599,25.381377817254595,3.817604482885159,0.1517061316336093,0.5065603306057003,7.74755809990632e-4,0.014702342812845482,no name,C25H28O6,L3.2,yes,moisture
FT_1.107_629.23731,0.3626090282324964,0.07166594483081054,28.000000000104002,5.059711821124333,0.2158079950175847,0.5094100614474082,2.35559120943109e-5,9.153154413789377e-4,no name,C36H38O10,L3.2,yes,moisture
FT_1.116_381.09801,0.18925618664174546,0.05960813714270066,25.550135737064988,3.1750058920423903,0.06662482317501141,0.3118875501084795,0.003884306525105371,0.041625230917955267,no name,C21H18O7,L3.2,yes,moisture
FT_1.116_473.28266,0.32686137283219513,0.07682104143222043,25.253472238907737,4.254841730056295,0.16872595963219553,0.48499678603219476,2.5239070749460117e-4,0.006057376979870428,no name,C28H43O4P,L3.1,yes,moisture
FT_1.130_385.20231,0.2129475445107931,0.06978493442342087,25.94304524568996,3.0514830496039655,0.06948722897355777,0.3564078600480284,0.0051998121852071715,0.04877065221987416,no name,C23H30O5,L3.1,yes,moisture
FT_1.143_629.20263,0.3176783840741346,0.07932519215251485,27.999999999623828,4.004760347297353,0.15518809394454477,0.48016867420372444,4.1487710640195844e-4,0.009149722130378327,no name,C35H34O11,L3.2,yes,moisture
FT_1.144_285.07711,0.1830632212520946,0.052372464662006436,28.0000000002399,3.4954097049569954,0.07578309060506294,0.29034335189912625,0.0015954001779118156,0.024563142361812104,no name,noformula,L4,no,moisture
FT_1.162_283.06126,0.18030555116187222,0.04914297143280688,25.671037711581175,3.6689997756526336,0.07922768824351537,0.28138341408022904,0.001117868485707976,0.018650013071602304,Glycitein,C16H12O5,L2.1,no,moisture
FT_1.177_221.04552,0.24255210934749996,0.0744671439758708,26.472878459200885,3.257169489756353,0.08961566771989371,0.3954885509751062,0.003079921739169044,0.0360348120931363,no name,C10H8O3,L3.1,yes,moisture
FT_1.188_269.04556,0.19201604028835023,0.053235272152516264,25.89670406042293,3.6069326317753077,0.08256812398940151,0.30146395658729896,0.0012971258895833628,0.021169094518000482,"1,3,8-trihydroxy-6-methyl-anthracene-9,10-dione",C15H10O5,L2.2,no,moisture
FT_1.190_311.22297,0.4687987104513594,0.14289880334069982,25.2956432609091,3.280634263490982,0.174667429946801,0.7629299909559177,0.003017065227796061,0.0360348120931363,(±)9-HpODE,C18H32O4,L2.1,no,moisture
FT_1.213_165.05561,0.2975635319020464,0.06940548027899276,25.32274164764262,4.2873204061972485,0.15471258988725992,0.44041447391683286,2.3084768909034556e-4,0.005708233766597635,Acetovanillone,C9H10O3,L1,no,moisture
FT_1.219_287.22285,0.5929819178711622,0.19260261443494311,25.428432661203313,3.078784364432697,0.19664801740060867,0.9893158183417157,0.004933052971084028,0.04735730852240667,no name,C16H32O4,L3.1,yes,moisture
FT_1.250_233.04553,-0.12547850818145237,0.03489832548933977,25.81597160574455,-3.59554524241519,-0.1972379394875089,-0.05371907687539586,0.0013399697726828893,0.02143951636292623,Hexaketide pyrone,C12H10O5,L2.3,no,moisture
FT_1.250_339.19997,0.726686037238357,0.14283160066490688,25.54050011746952,5.087711919879791,0.4328341855970286,1.0205378888796854,2.8003602619196707e-5,0.0010386790789665688,no name,C15H32O8,L3.2,yes,moisture
FT_1.268_325.18447,0.6881483338987044,0.13661684026672322,25.507168703695694,5.037068142955154,0.40706408758026047,0.9692325802171484,3.207833624480152e-5,0.001130882032527096,4-Dodecylbenzenesulfonic acid,C18H30O3S,L2.1,no,moisture
FT_1.285_313.23864,0.942862898258139,0.1607881431382717,25.427091212507822,5.864007630508629,0.6119953263091672,1.2737304702071106,3.811025769285454e-6,2.2212835912406646e-4,12(13)-DiHOME,C18H34O4,L2.1,no,moisture
FT_1.287_311.22294,0.9595586231000727,0.1459288167952145,25.64228734756427,6.57552527439899,0.6593938542763422,1.2597233919238031,6.073568257636244e-7,6.195039622788969e-5,(±)9-HpODE,C18H32O4,L2.1,no,moisture
FT_1.290_311.16868,0.695182687335571,0.1523951137758347,25.39198461865872,4.561712446753041,0.3815645725471147,1.0088008021240273,1.1231568437422316e-4,0.0032731999446202176,no name,C17H28O3S,L3.1,yes,moisture
FT_1.300_219.02975,-0.1407142339808373,0.0424638636357709,25.799835580139316,-3.313740718173883,-0.22803292653044058,-0.05339554143123401,0.0027318420771421624,0.03483098648356257,no name,C11H8O5,L3.1,yes,moisture
FT_1.317_297.15305,0.8674252446966486,0.1511015651183416,25.6802486160981,5.7406767694119365,0.5566432008091429,1.1782072885841544,5.0411560613374095e-6,2.5941597758461627e-4,2-Decylbenzenesulfonate,C16H25O3S-,L2.1,no,moisture
FT_1.371_329.23370,0.761389857238122,0.2050759838592584,26.49179177220022,3.712720733602118,0.34023067059534523,1.1825490438808988,9.627531795416691e-4,0.01783589170798274,"(15Z)-9,12,13-Trihydroxy-15-octadecenoic acid",C18H34O5,L2.1,no,moisture
FT_1.376_291.08757,-0.13370368263488255,0.04349576820052304,28.00000000005935,-3.073946918663107,-0.22280072485469593,-0.04460664041506916,0.004674447055253524,0.04709072588996143,no name,C14H14O4,L3.1,yes,moisture
FT_1.380_185.08194,0.18376658625405776,0.0575636141101763,27.999999999975262,3.1924087654109066,0.06585286800322242,0.3016803045048931,0.003471145768335221,0.03824677004409113,1-(Carboxymethyl)cyclohexanecarboxylic acid,C9H14O4,L2.1,no,moisture
FT_1.414_271.15491,0.23129500461343308,0.07422163924062213,27.99999999981202,3.116274539067892,0.07925886871714655,0.3833311405097196,0.004204740622797179,0.043395214601754974,no name,C15H28S2,L3.3,no,moisture
FT_1.566_295.08239,0.16154338630050016,0.04216929258374628,25.30384547261977,3.8308298859811893,0.07474695157891893,0.2483398210220814,7.519322240621853e-4,0.014608968924636742,no name,C14H16O7,L3.1,yes,moisture
FT_1.569_325.09309,0.35331479692765183,0.09606460073246403,26.1890811202924,3.6778875281189065,0.15592054539431208,0.5507090484609916,0.0010676456009555142,0.018536144901695733,no name,C15H18O8,L3.2,yes,moisture
FT_1.618_351.10866,-0.2846398572769652,0.06519968732648491,28.00000000025549,-4.3656629187750875,-0.4181953624392989,-0.15108435211463153,1.565712492269143e-4,0.004258737978972069,no name,C17H20O8,L3.1,yes,moisture
FT_1.621_225.07685,-0.15344069476687802,0.05009053920239786,27.999999999623714,-3.0632669803549,-0.2560465130055066,-0.050834876528249445,0.004800642589667826,0.04735730852240667,no name,C11H14O5,L3.1,yes,moisture
FT_1.657_255.08748,-0.2273396152604729,0.0694399353768108,26.402759292361523,-3.27390303615392,-0.3699695499607108,-0.08470968056023498,0.002959858058632058,0.0360348120931363,no name,C11H14O4,L3.2,yes,moisture
FT_1.904_269.10308,-0.2597887452909238,0.07897305078557985,25.343842031482318,-3.289587304867803,-0.4223249710163789,-0.09725251956546863,0.0029460636197230546,0.0360348120931363,no name,C13H18O6,L3.1,yes,moisture
FT_1.939_216.98085,0.19988725870583882,0.043976492530258725,27.999999999226695,4.54532062938633,0.10980549733563952,0.2899690200760381,9.603488344958955e-5,0.0029935214956230377,no name,C7H8O4P2,L3.2,yes,moisture
FT_1.979_256.97591,0.18058109867011948,0.048649866211358875,26.066728917051016,3.71185190696284,0.08059232428396018,0.2805698730562788,9.835969691902248e-4,0.01783589170798274,no name,C9H8O5P2,L3.2,yes,moisture
FT_10.755_259.12997,-0.7569240263339909,0.1813296216990249,25.617780362323508,-4.174298822452467,-1.1299232487799478,-0.38392480388803407,3.037003958955382e-4,0.0070805578014502615,gamma-Glu-leu,C11H20N2O5,L2.3,no,moisture
FT_10.760_485.15131,0.6377848090602298,0.1019438292421342,25.306811167138306,6.256237516303029,0.4279565558557949,0.8476130622646647,1.4377291745756988e-6,1.1731870064537702e-4,no name,C18H30O15,L3.2,yes,moisture
FT_11.478_245.11431,-1.3590800964699543,0.2447027920437271,25.757562079585803,-5.554003226195694,-1.86230440869784,-0.8558557842420685,8.090609816771528e-6,3.667743116936426e-4,glutamylvaline,C10H18N2O5,L2.3,no,moisture
FT_11.767_487.16695,-0.7016902158378822,0.10499754411491526,25.399638962401742,-6.68292026973424,-0.9177643141348453,-0.48561611754091905,4.8779942144786e-7,5.68634754144934e-5,solatriose,C18H32O15,L2.3,no,moisture
FT_12.130_267.07223,-0.4625892158065193,0.14787409312625024,26.394657438383028,-3.1282640929643786,-0.766327723183285,-0.15885070842975357,0.004254432804093625,0.043395214601754974,inosinum,C10H12N4O5,L2.3,no,moisture
FT_12.209_387.11466,-0.2856213487249105,0.06175794238323138,25.28713292087695,-4.624852087080915,-0.41274101978718086,-0.15850167766264017,9.610335930885616e-5,0.0029935214956230377,beta1-6Galactobiose,C12H22O11,L2.2,no,moisture
FT_12.209_729.23024,-0.27071931413711625,0.05950871903822853,25.277076853387044,-4.54923780098855,-0.39321173030599704,-0.14822689796823546,1.1713743403624852e-4,0.003296005040468234,no name,C31H40O17,L3.2,yes,moisture
FT_12.663_366.99751,-0.6118919691110544,0.177982359686056,26.018408186626623,-3.4379360414727267,-0.9777273517309879,-0.24605658649112078,0.0019838450994531113,0.02712507185923639,no name,C11H14O10P2,L3.2,yes,moisture
FT_12.663_535.15166,-0.6834873796726966,0.19897826903907304,26.075982393249298,-3.434985051249397,-1.0924350726853256,-0.27453968666006756,0.0019944905778850287,0.02712507185923639,no name,C18H32O18,L3.1,yes,moisture
FT_12.806_421.06605,-0.3824050909081461,0.1168664177709984,25.197500818540703,-3.2721554934410237,-0.6230003605986967,-0.1418098212175955,0.003091221625636692,0.0360348120931363,no name,C12H22O14S,L3.1,yes,moisture
FT_12.842_443.14080,-0.5163559291761034,0.14389357435954808,25.440213037367865,-3.588457173812922,-0.8124504878962113,-0.22026137045599548,0.0013864358245848302,0.02175637755502349,Tetracycline,C22H24N2O8,L2.1,no,moisture
FT_13.009_565.10152,-0.9137310791307682,0.16774815755252823,26.23834478027783,-5.447040924098644,-1.2583899753021353,-0.5690721829594013,1.0068866063057423e-5,4.2141893026170795e-4,no name,C17H30N2O15S2,L3.2,yes,moisture
FT_13.222_411.11466,-0.8542229748520759,0.11049329224616877,25.39098147811052,-7.730993958881654,-1.0816106216822536,-0.6268353280218981,3.922389706498576e-8,6.6518559618925555e-6,"(2R,3R,4R,5R)-5-[[(2S,3R,4R,5R)-3,4-dihydroxy-5-[[(2S,3R,4R,5R)-3,4,5-trihydroxyoxolan-2-yl]methoxy]oxolan-2-yl]methoxy]-3,4-dihydroxyoxolane-2-carbaldehyde",C15H24O13,L2.2,no,moisture
FT_13.273_529.05022,-0.9829875591722798,0.293202749927399,25.21846368926745,-3.352586424976167,-1.5865847873859424,-0.37939033095861696,0.0025302997023198496,0.033302008985370925,no name,C17H24O15P2,L3.2,yes,moisture
FT_13.282_335.07517,-1.5738883569691768,0.25774855240386463,25.754787273809363,-6.106293681537582,-2.10394371002661,-1.0438330039117436,1.9487206071284064e-6,1.445596377651618e-4,no name,C10H17N4O7P,L3.2,yes,moisture
FT_13.293_649.21933,-0.9407849480943058,0.1205355974280537,25.544529178989844,-7.8050382473596605,-1.1887646060914188,-0.6928052900971927,3.1648324044591617e-8,6.6518559618925555e-6,Fuc(a1-2)[Gal(a1-3)]Gal(b1-4)Glc,C24H42O20,L2.3,no,moisture
FT_13.321_503.12848,-1.051382888784436,0.152617145739488,25.26344881580063,-6.889022093095025,-1.3655376668924823,-0.7372281106763897,3.025450780521663e-7,4.1146130615094616e-5,alpha-D-ManAc-(1-P-6)-alpha-D-ManAc,C16H29N2O14P,L2.3,no,moisture
FT_13.751_341.10903,-0.4957169131899921,0.153160338905742,26.447553050451848,-3.2365879883242257,-0.8102834098596394,-0.18115041652034486,0.0032451897187386293,0.036778816812371135,alpha-alpha-Trehalose,C12H22O11,L2.1,no,moisture
FT_13.830_274.10456,-2.159891128335297,0.37760143094862625,25.996596322164187,-5.720028981111453,-2.9360669316972667,-1.3837153249733274,5.08658779577679e-6,2.5941597758461627e-4,gamma-Glutamylglutamine,C10H17N3O6,L2.3,no,moisture
FT_14.029_549.16735,-0.3808216984567252,0.0937258479809515,25.434178444846065,-4.063144870496365,-0.5736867486063777,-0.18795664830707265,4.101008896349287e-4,0.009149722130378327,melitose,C18H32O16,L2.2,no,moisture
FT_14.029_566.15742,-0.5729525947433869,0.1305457429187547,25.727705246077743,-4.388902938795673,-0.8414315045063048,-0.30447368498046895,1.7197860825628067e-4,0.0045269207850685495,no name,NA,L4,no,moisture
FT_14.029_617.15437,-0.3190071674446334,0.08600887088235157,25.37848057977727,-3.709003085053771,-0.4960118976404718,-0.14200243724879505,0.001023070704573099,0.018148384672427145,no name,C23H30N4O16,L3.2,yes,moisture
FT_14.029_621.09731,-0.2762997594844963,0.08225107677088032,25.42684619602156,-3.3592236154447015,-0.44555494580528787,-0.10704457316370475,0.00247024017256298,0.033044524275596586,no name,NA,L4,no,moisture
FT_14.186_421.06603,-0.458949863735289,0.1012245943672508,27.999999999029935,-4.533975824789999,-0.666299045762816,-0.25160068170776206,9.905034360517404e-5,0.0029935214956230377,"[(2S,3S,4S,5R)-3,4-dihydroxy-5-(hydroxymethyl)-2-[(2R,3R,4S,5S,6R)-3,4,5-trihydroxy-6-(hydroxymethyl)oxan-2-yl]oxyoxolan-2-yl]methyl hydrogen sulfate",C12H22O14S,L2.3,no,moisture
FT_14.255_549.16737,-0.8112814786156101,0.09979128615159351,25.495055745783578,-8.129782768639616,-1.0166033124396234,-0.6059596447915967,1.5121941250629822e-8,6.169752030256967e-6,melitose,C18H32O16,L2.2,no,moisture
FT_14.255_566.15747,-1.415645040200293,0.17300198992977395,25.905238733916537,-8.182825184698398,-1.7713190449870302,-1.0599710354135556,1.1872386590901504e-8,6.169752030256967e-6,no name,NA,L4,no,moisture
FT_14.370_421.06602,-0.525616239899329,0.13143635703181125,25.641219279427517,-3.999017104316999,-0.795971648365909,-0.2552608314327492,4.7837651411183457e-4,0.010272506197769921,2-sulfotrehalose,C12H22O14S,L2.3,no,moisture
FT_14.398_446.09757,-0.36942870641525716,0.10676506837833924,25.686267658494728,-3.4602020307440533,-0.589017979402212,-0.14983943342830233,0.0018988699976104741,0.02671513651810598,no name,C14H25NO13S,L3.1,yes,moisture
FT_14.571_333.05952,-0.8484967022431618,0.14902568710447828,25.816165866779585,-5.693627177496597,-1.1549295886652708,-0.5420638158210526,5.585965910853852e-6,2.681263637209849e-4,poly(galactosylglycerol phosphate),C9H19O11P,L2.2,no,moisture
FT_14.691_446.09756,-0.5716262428178751,0.13247160616093162,25.604407835470802,-4.315085016206729,-0.8441304329070969,-0.29912205272865333,2.1050027804495232e-4,0.0053677570901462844,no name,C19H13N9O5,L3.2,yes,moisture
FT_15.006_711.21974,-0.6990440272366203,0.11726219400960801,25.46635533308323,-5.961375984312074,-0.9403259833060735,-0.457762071167167,2.954056285987164e-6,1.8542384072042504e-4,no name,C32H40O18,L3.2,yes,moisture
FT_15.006_763.18139,-0.6228368504248221,0.11387451775263226,25.566625549465662,-5.469501541844509,-0.857102533538092,-0.3885711673115521,1.0328895349551666e-5,4.2141893026170795e-4,no name,NA,L4,no,moisture
FT_15.009_711.21976,-0.6990440272366203,0.11726219400960801,25.46635533308323,-5.961375984312074,-0.9403259833060735,-0.457762071167167,2.954056285987164e-6,1.8542384072042504e-4,Isomaltotetraose,C24H42O21,L2.3,no,moisture
FT_15.112_462.10202,-1.0118738365432862,0.1610431990808502,25.529200187185182,-6.283244758664317,-1.3432002423606182,-0.6805474307259542,1.291845976227807e-6,1.1712736851132117e-4,"[3-Acetamido-4,5-dihydroxy-6-(hydroxymethyl)oxan-2-yl] (3,4,5,6-tetrahydroxyoxan-2-yl)methyl hydrogen phosphate",C14H26NO14P,L2.3,no,moisture
FT_15.255_647.13409,-2.227293434361552,0.29051453813532074,25.820717697271146,-7.666719361645461,-2.82465648446746,-1.6299303842556438,4.075892133512596e-8,6.6518559618925555e-6,no name,C21H33N2O19P,L3.2,yes,moisture
FT_16.041_873.27215,-0.7804104516038162,0.1555519500266118,25.66216326107165,-5.017040618714865,-1.1003570563733711,-0.4604638468342611,3.326123625079694e-5,0.001130882032527096,Laminaripentaose,C30H52O26,L2.3,no,moisture
FT_2.062_279.08747,-0.3141034895265102,0.09549962734085342,25.479395531140657,-3.2890546096627653,-0.5106011806253675,-0.11760579842765284,0.002936519664425932,0.0360348120931363,no name,C14H16O6,L3.1,yes,moisture
FT_2.065_193.05064,-0.24259007091459867,0.07504953750525628,25.32627049457993,-3.232399278911056,-0.39705658209705663,-0.0881235597321407,0.0033956919318401564,0.03795732351207627,Isoferulic acid,C10H10O4,L2.1,no,moisture
FT_2.134_309.06182,-0.3749069147248759,0.11297162766453786,25.895373994740144,-3.3185935484450875,-0.6071690932924236,-0.1426447361573282,0.0026902567853154236,0.03483098648356257,no name,C14H14O8,L3.1,yes,moisture
FT_2.182_269.10307,-0.3456288341193284,0.09910281341606524,25.74836833869724,-3.4875784269440286,-0.549434519787839,-0.14182314845081784,0.0017677078301213474,0.026409696348919022,no name,C13H18O6,L3.1,yes,moisture
FT_2.225_247.05869,0.1589560455945977,0.04582714027610601,26.179637071571598,3.468600585524129,0.0647884582207485,0.25312363296844687,0.001824519237924429,0.026409696348919022,no name,C10H17O3PS,L3.2,yes,moisture
FT_2.240_171.02745,0.5053765669908479,0.13753808563678532,25.327773506397634,3.6744481693998665,0.2222973384725267,0.7884557955091691,0.0011199150006231775,0.018650013071602304,no name,C5H6N3O4,L3.2,yes,moisture
FT_2.241_202.96511,0.3932794915524785,0.11318537709065524,25.491773516579755,3.47464930242255,0.1603976565930379,0.626161326511919,0.0018447949655494905,0.026409696348919022,no name,C6H6O4P2,L3.2,yes,moisture
FT_2.417_167.03494,-0.33323938682247745,0.08425829973172269,25.273311129912898,-3.954974024915139,-0.506677497524016,-0.1598012761209389,5.474632188000186e-4,0.01145461503950808,Vanillic acid,C8H8O4,L2.1,no,moisture
FT_2.474_209.04539,-0.298000780515261,0.09672032240368605,25.40171835025214,-3.0810565257576528,-0.4970403990808211,-0.09896116194970098,0.0049094947131591874,0.04735730852240667,no name,C10H10O5,L3.1,no,moisture
FT_2.623_269.06672,-0.32595039015319527,0.08478882275204962,25.25534490940766,-3.8442613020631424,-0.5004867591987966,-0.15141402110759397,7.283328969373335e-4,0.014495601070752784,no name,C12H14O7,L3.1,yes,moisture
FT_2.626_183.02982,-0.31800507117637966,0.09742065200227525,25.357390784232678,-3.2642470014361296,-0.5185033680596975,-0.11750677429306175,0.003135518322680316,0.03603637959587518,3-O-methylgallate,C8H8O5,L2.3,no,moisture
FT_2.740_113.02448,-0.2867038873960805,0.09364150446557469,27.999999999512816,-3.0617180814462577,-0.4785198139119653,-0.09488796088019569,0.00481921208816153,0.04735730852240667,Glutaric anhydride,C5H6O3,L2.1,no,moisture
FT_2.893_242.07043,-0.3678148866616945,0.09377359001978523,25.63541978375948,-3.9223718168845774,-0.5607027681482465,-0.17492700517514248,5.836085298318849e-4,0.01190561400857045,no name,C7H17NO6S,L3.1,yes,moisture
FT_3.025_147.06635,-0.20607621466663945,0.06541157911097488,25.796629799702384,-3.1504546667038587,-0.3405832496420718,-0.07156917969120707,0.004096268096831193,0.04285326624377248,Mevalonic acid,C6H12O4,L2.1,no,moisture
FT_7.848_240.95581,-0.29494429462067995,0.08452127665346482,25.182838850989643,-3.489586365690433,-0.46895505987238995,-0.12093352936896998,0.0017987575957790257,0.026409696348919022,no name,C4H6NO7P2,L3.2,yes,moisture
FT_8.843_316.94801,0.20955692068721957,0.06818023179895372,25.368381356227555,3.0735730160781793,0.06924042509314707,0.3498734162812921,0.005004318792329825,0.04748283877373415,no name,noformula,L4,no,moisture
FT_8.844_248.96047,0.21389164468630356,0.06646382399913764,25.340971927556268,3.2181663921275248,0.07710016768789649,0.3506831216847106,0.003515328129052494,0.03824677004409113,no name,C4H4N4O5P2,L3.2,yes,moisture
FT_8.844_384.93558,0.23343486694306423,0.07359221865935296,25.425218348303098,3.1720047471811967,0.08199728219869176,0.38487245168743667,0.0039278710547580335,0.041625230917955267,no name,C5H4N6O11P2,L3.2,yes,moisture
FT_1.051_422.78092,-1.2920332583365555,0.2704246271920328,27.8473927717236,-4.777794359013989,-1.84610978961473,-0.7379567270583809,5.155260709251733e-5,0.004206692738749414,no name,C7H6NO2S9,L3.2,yes,pH
FT_1.096_411.14524,0.19311202435503658,0.05863130900544272,25.747593678430906,3.2936672851208226,0.07253611537836574,0.3136879333317074,0.002877179454094782,0.04603487126551651,dalpanol,C23H24O7,L2.2,no,pH
FT_1.103_505.15096,-0.5333518473950842,0.1241491499490494,22.24397511586638,-4.296057182944635,-0.7906577928996648,-0.27604590189050365,2.866902503157033e-4,0.01231259180303231,no name,C28H26O9,L3.2,yes,pH
FT_1.131_301.07202,-0.24232519170043898,0.07304239550973692,27.999999999338794,-3.317596445315595,-0.39194575631657613,-0.0927046270843018,0.0025242375912593955,0.04203628315240136,no name,C15H12O4,L3.1,yes,pH
FT_1.144_285.07711,-0.1857481745888,0.050088140027556814,28.00000000031166,-3.7084262758930073,-0.2883490783404362,-0.0831472708371638,9.130101082335786e-4,0.020135574278881085,no name,noformula,L4,no,pH
FT_1.162_283.06126,-0.19853572368000724,0.052268188983779953,27.51629470375865,-3.798404489231826,-0.3056871114123428,-0.09138433594767172,7.350932411596881e-4,0.018971939144776073,Glycitein,C16H12O5,L2.1,no,pH
FT_1.175_409.09315,-1.7984307051467694,0.40822902128091354,27.49222847614794,-4.4054455009194955,-2.6353463077623624,-0.9615151025311761,1.4536235350169564e-4,0.008906815044387397,no name,C22H18O8,L3.1,yes,pH
FT_1.179_247.06132,-0.1303171703571108,0.03214615447725841,27.999999999464716,-4.05389610285432,-0.1961655827696368,-0.06446875794458477,3.636059756335736e-4,0.0148351238058498,no name,C13H12O5,L3.1,yes,pH
FT_1.186_415.21306,-0.19014247869682255,0.04773941574607277,27.999999999311733,-3.982924292752041,-0.2879322388563187,-0.09235271853732642,4.39884718871637e-4,0.015606344808663295,no name,C17H31N4O3P,L3.3,no,pH
FT_1.188_269.04556,-0.20599963993955192,0.055683891984551266,26.506157365700496,-3.699447588841378,-0.3203532351593855,-0.09164604471971835,9.957938971273343e-4,0.020835072309125763,"1,3,8-trihydroxy-6-methyl-anthracene-9,10-dione",C15H10O5,L2.2,no,pH
FT_1.213_165.05561,-0.2771699556612619,0.0742723963268036,27.732370563196316,-3.7318030569755045,-0.4293762357923655,-0.12496367553015827,8.679997007070185e-4,0.01967465988269242,Acetovanillone,C9H10O3,L1,no,pH
FT_1.223_257.08202,-0.21866046910539472,0.05451108598564975,27.99999999974334,-4.011302749737144,-0.33032136694546044,-0.10699957126532897,4.076604652729848e-4,0.015316320447708318,Isorhapontigenin,C15H14O4,L2.1,no,pH
FT_1.246_357.26494,-0.2854156404542082,0.06735941252907575,27.676842834022263,-4.237205013197054,-0.42346775946651505,-0.14736352144190135,2.2610007587208384e-4,0.010249870106201134,no name,C20H38O5,L3.1,yes,pH
FT_1.254_409.12952,0.22700261078715944,0.053045893390327316,27.919163160964857,4.2793625722694,0.11832884838727192,0.33567637318704696,1.988394096058124e-4,0.010249870106201134,no name,C23H22O7,L3.2,yes,pH
FT_1.261_467.17135,0.16982202161531226,0.044060583939175335,27.99999999931924,3.8542844064379134,0.07956800680253778,0.26007603642808674,6.202246312702076e-4,0.0174518379005686,no name,C26H28O8,L3.1,yes,pH
FT_1.266_175.03993,-0.2230779455858013,0.054471912593161365,24.03960050178198,-4.095283880555489,-0.33549264801144346,-0.11066324316015912,4.1294001207056735e-4,0.015316320447708318,4-Methylumbelliferone,C10H8O3,L2.1,no,pH
FT_1.298_395.15023,0.3786172496962076,0.10720160291548742,25.54968221173455,3.53182451940286,0.1580720200039111,0.5991624793885041,0.0015930453367116206,0.030230813831550758,no name,C23H24O6,L3.1,yes,pH
FT_1.313_415.24926,0.22864335411907188,0.053517624072944525,27.634724138418463,4.272300164286647,0.1189521522666417,0.3383345559715021,2.0623284282474206e-4,0.010249870106201134,no name,C25H36O5,L3.2,yes,pH
FT_1.347_327.12404,0.19223355563328165,0.04887603963960454,27.989073183258895,3.9330837164947727,0.092113766070778,0.2923533451957853,5.029102130781414e-4,0.016800968099436077,10-(4-Sulfophenyl) decanoic acid,C16H24O5S,L2.1,no,pH
FT_1.352_411.10878,0.2549206239251069,0.05797516335439034,27.99999999962739,4.397066074084676,0.13616388526315656,0.3736773625870572,1.4376910720924764e-4,0.008906815044387397,no name,C22H20O8,L3.2,yes,pH
FT_1.377_701.25927,0.2719946543238786,0.07505324212359503,27.999999999766317,3.624022715447354,0.11825505714296106,0.42573425150479616,0.0011401340477207877,0.023258734573504067,no name,C39H42O12,L3.3,no,pH
FT_1.380_439.14010,0.328537600861754,0.0672042112121814,27.44790568788011,4.888646037738234,0.19075116057136682,0.46632404115214116,3.946470191321465e-5,0.004025399595147894,no name,C24H24O8,L3.2,yes,pH
FT_1.446_195.06632,0.24109855167115393,0.040999076532159166,27.713571899696817,5.880584931761554,0.15707662887360646,0.3251204744687014,2.625233165293534e-6,4.914675979659321e-4,Hydroferulic acid,C10H12O4,L1,no,pH
FT_1.477_179.07139,0.15875369178549367,0.047465456637277297,27.70621029976925,3.34461528514645,0.06147864258729269,0.25602874098369466,0.00237653225729754,0.041260645147974305,2'-Hydroxy-4'-methoxypropiophenone,C10H12O3,L2.2,no,pH
FT_1.525_251.09253,0.29554832227013195,0.03749689252957592,26.13658828154958,7.881941737892447,0.21849195501487315,0.3726046895253907,2.2502950063595198e-8,1.836240725189368e-5,"6-Amino-3-methyl-4-phenyl-1,4-dihydropyrano[2,3-c]pyrazole-5-carbonitrile",C14H12N4O,L2.1,no,pH
FT_1.566_295.08239,-0.14694734651117242,0.044892532582452495,27.48555402806749,-3.2733138020511436,-0.23898313511575248,-0.05491155790659234,0.002868790239588305,0.04603487126551651,no name,C14H16O7,L3.1,yes,pH
FT_1.659_257.10292,-0.18198910974064023,0.04275680185982574,26.98958464550022,-4.256377975538836,-0.2697204047259087,-0.09425781475537176,2.2406657601404016e-4,0.010249870106201134,no name,C12H18O6,L3.2,yes,pH
FT_1.666_323.11403,-0.3580893567303048,0.10400116642510325,27.776970739216633,-3.4431282747985708,-0.57120317768048,-0.14497553578012962,0.0018406835289173343,0.034136312718103294,no name,C15H18O5,L3.1,yes,pH
FT_1.670_181.05059,-0.12937408434565517,0.03417349571592568,27.999999999269555,-3.7858018805305806,-0.1993753170303488,-0.05937285166096154,7.439976135206304e-4,0.018971939144776073,"1-(2,3-Dihydroxy-4-methoxyphenyl)ethanone",C9H10O4,L2.3,no,pH
FT_1.672_209.04538,0.2081611833131211,0.048796998895155444,16.386637763369414,4.265860360805658,0.10491417936071747,0.31140818726552477,5.628119240199616e-4,0.016800968099436077,no name,C9H8O3,L3.1,no,pH
FT_1.672_297.13448,-0.2347528108676884,0.053662572317583895,27.99999999972695,-4.3746097275841125,-0.3446756072501793,-0.12483001448519745,1.5281300321252886e-4,0.008906815044387397,no name,C15H22O6,L3.1,no,pH
FT_1.707_319.05735,0.658310131469562,0.11195107003368641,26.739135181299602,5.880338001874162,0.4285006063786447,0.8881196565604792,3.0114436149873292e-6,4.914675979659321e-4,no name,C19H12O5,L3.2,yes,pH
FT_12.663_535.15166,0.6877332674107058,0.20360581625009797,24.490933134855908,3.3777682783183995,0.26795683327316955,1.107509701548242,0.0024424771695274617,0.04152211188196685,no name,C18H32O18,L3.1,yes,pH
FT_13.273_529.05022,1.1282312971727964,0.31828361712781855,27.999718823889015,3.5447356899922164,0.47625656776980296,1.7802060265757897,0.0014030668632313153,0.02792445269260374,no name,C17H24O15P2,L3.2,yes,pH
FT_13.283_429.12512,0.6815348803797622,0.19866000244867396,27.41410569269088,3.4306597804248207,0.2742061362970818,1.0888636244624426,0.0019240169318393069,0.03488884036401943,no name,C10H23N8O9P,L3.2,yes,pH
FT_14.250_419.08676,-1.7879931884334865,0.2533985062652467,27.021114453446298,-7.056052597886635,-2.3079049669876137,-1.2680814098793594,1.3758144953884317e-7,5.613323141184801e-5,no name,C17H24O8S2,L3.2,yes,pH
FT_16.005_304.91409,-0.5832955479784472,0.11031060406251525,27.989383637875708,-5.287755904662455,-0.8092604384554397,-0.35733065750145465,1.2647656468903628e-5,0.0017200812797708936,no name,C2H2N4O10S2,L3.2,yes,pH
FT_16.005_564.82986,-0.8540155926834224,0.17511693752936286,21.57937070824122,-4.876830332532653,-1.2175967668893635,-0.4904344184774814,7.468622343676504e-5,0.005540359847672753,no name,C13H5N4O10P3S3,L3.2,yes,pH
FT_2.039_319.05733,0.7191601561287415,0.11378150192495885,27.05802362656864,6.320536677420921,0.48572322127055134,0.9525970909869317,9.044644134409644e-7,2.460143204559423e-4,no name,C14H12N2O7,L3.1,yes,pH
FT_2.312_146.96601,-0.3192440213328118,0.09468878800344606,27.05511408965934,-3.371508159141222,-0.5135108488974148,-0.12497719376820882,0.0022651685820381513,0.04018212093354634,no name,noformula,L4,no,pH
FT_2.318_186.90600,-0.5944756703826202,0.15528437763462188,27.219834393358045,-3.8283031392983933,-0.9129725343079618,-0.2759788064572785,6.886707135640873e-4,0.018731843408943176,no name,noformula,L4,no,pH
FT_3.216_137.03571,0.5374111936241603,0.11114401456621088,26.40199469847185,4.835268869148261,0.3091205789829664,0.7657018082653543,5.002826816844307e-5,0.004206692738749414,urocanate,C6H6N2O2,L2.2,no,pH
FT_4.385_251.07857,0.4928121186327925,0.12630977217818856,27.399736347607064,3.9016151334480225,0.2338226748377496,0.7518015624278354,5.626440119270141e-4,0.016800968099436077,2'-Deoxyinosine,C10H12N4O4,L1,no,pH
FT_7.848_240.95581,0.4964538859006484,0.09460947442125094,26.79570760984238,5.247401372194243,0.30226200472749376,0.690645767073803,1.602747459583704e-5,0.0018683456100290034,no name,C4H6NO7P2,L3.2,yes,pH
FT_8.842_520.91024,-0.33765398834323324,0.08958309137564309,27.946934968157105,-3.7691709803513054,-0.5211723311579229,-0.15413564552854353,7.792927877396051e-4,0.01926978529683387,no name,C5H8N4O21P2,L3.2,yes,pH
FT_8.842_588.89767,-0.3517537272426165,0.09403782838716025,27.99344447197381,-3.7405556176225385,-0.5443835187969303,-0.15912393568830271,8.389366012861071e-4,0.019559207618556097,no name,C11H10N8O11S5,L3.2,yes,pH
FT_8.843_316.94801,-0.29455578088900264,0.07547334352565827,27.512010955992977,-3.902779009503721,-0.4492795511344063,-0.13983201064359896,5.578647489771636e-4,0.016800968099436077,no name,noformula,L4,no,pH
FT_8.843_452.92293,-0.3184967631607089,0.08487988916682689,27.75080012888643,-3.7523230330181105,-0.4924357017190847,-0.14455782460233313,8.216431250253158e-4,0.019559207618556097,no name,C8H4N6O13P2,L3.2,yes,pH
FT_8.843_656.88486,-0.38263125372299384,0.10383607490051627,27.905054666091996,-3.6849549069491205,-0.5953624195091868,-0.1699000879368009,9.750217460421593e-4,0.020835072309125763,no name,noformula,L4,no,pH
FT_8.844_248.96047,-0.26093495495925645,0.07378162455987104,27.36546905042774,-3.5365845698818608,-0.412227798251511,-0.10964211166700188,0.0014665294884742663,0.0284925729189286,no name,C4H4N4O5P2,L3.2,yes,pH
FT_8.844_384.93558,-0.3149313832582152,0.08103492225977574,27.73603624490467,-3.88636620454366,-0.4809950961784536,-0.14886767033797677,5.765038073335908e-4,0.016800968099436077,no name,C5H4N6O11P2,L3.2,yes,pH
FT_1.488_519.26008,0.4547604788331163,0.083447969568517,25.489877030108097,5.449629046512919,0.283063492761776,0.6264574649044566,1.0982254020167759e-5,0.008961519280456891,no name,C28H40O9,L3.2,yes,CN
