FeatureID,Name,Formula,Annotation_level,use_Sirius_class,kingdom,superclass,class,subclass,level 5,CID,Title_PubChem,ExactMass,MolecularFormula,InChI,InChIKey,ConnectivitySMILES
FT_1.123_413.12472,Curcumin,C21H20O6,L1,no,Organic compounds,Phenylpropanoids and polyketides,Diarylheptanoids,Linear diarylheptanoids,Curcuminoids,969516,Curcumin,368.12598835,C21H20O6,"InChI=1S/C21H20O6/c1-26-20-11-14(5-9-18(20)24)3-7-16(22)13-17(23)8-4-15-6-10-19(25)21(12-15)27-2/h3-12,24-25H,13H2,1-2H3/b7-3+,8-4+",VFLDPWHFBUODDF-FCXRPNKRSA-N,COC1=C(C=CC(=C1)C=CC(=O)CC(=O)C=CC2=CC(=C(C=C2)O)OC)O
FT_1.213_165.05561,Acetovanillone,C9H10O3,L1,no,Organic compounds,Organic oxygen compounds,Organooxygen compounds,Carbonyl compounds,Ketones,2214,Acetovanillone,166.062994177,C9H10O3,"InChI=1S/C9H10O3/c1-6(10)7-3-4-8(11)9(5-7)12-2/h3-5,11H,1-2H3",DFYRUELUNQRZTB-UHFFFAOYSA-N,CC(=O)C1=CC(=C(C=C1)O)OC
FT_1.230_285.20715,Hexadecanedioic acid,C16H30O4,L1,no,Organic compounds,Lipids and lipid-like molecules,Fatty Acyls,Fatty acids and conjugates,Long-chain fatty acids,10459,Hexadecanedioic acid,286.21440943,C16H30O4,"InChI=1S/C16H30O4/c17-15(18)13-11-9-7-5-3-1-2-4-6-8-10-12-14-16(19)20/h1-14H2,(H,17,18)(H,19,20)",QQHJDPROMQRDLA-UHFFFAOYSA-N,C(CCCCCCCC(=O)O)CCCCCCC(=O)O
FT_1.242_161.02436,Umbelliferone,C9H6O3,L1,no,Organic compounds,Phenylpropanoids and polyketides,Coumarins and derivatives,Hydroxycoumarins,7-hydroxycoumarins,5281426,Umbelliferone,162.031694049,C9H6O3,"InChI=1S/C9H6O3/c10-7-3-1-6-2-4-9(11)12-8(6)5-7/h1-5,10H",ORHBXUUXSCNDEV-UHFFFAOYSA-N,C1=CC(=CC2=C1C=CC(=O)O2)O
FT_1.446_195.06632,Hydroferulic acid,C10H12O4,L1,no,Organic compounds,Phenylpropanoids and polyketides,Phenylpropanoic acids,NA,NA,14340,Dihydroferulic Acid,196.07355886,C10H12O4,"InChI=1S/C10H12O4/c1-14-9-6-7(2-4-8(9)11)3-5-10(12)13/h2,4,6,11H,3,5H2,1H3,(H,12,13)",BOLQJTPHPSDZHR-UHFFFAOYSA-N,COC1=C(C=CC(=C1)CCC(=O)O)O
FT_1.462_165.05558,3-(3-Hydroxyphenyl)propionic Acid,C9H10O3,L1,no,Organic compounds,Phenylpropanoids and polyketides,Phenylpropanoic acids,NA,NA,91,3-(3'-Hydroxyphenyl)propionic acid,166.062994177,C9H10O3,"InChI=1S/C9H10O3/c10-8-3-1-2-7(6-8)4-5-9(11)12/h1-3,6,10H,4-5H2,(H,11,12)",QVWAEZJXDYOKEH-UHFFFAOYSA-N,C1=CC(=CC(=C1)O)CCC(=O)O
FT_1.488_193.05073,Ferulic acid,C10H10O4,L1,no,Organic compounds,Phenylpropanoids and polyketides,Cinnamic acids and derivatives,Hydroxycinnamic acids and derivatives,Hydroxycinnamic acids,445858,Ferulic Acid,194.0579088,C10H10O4,"InChI=1S/C10H10O4/c1-14-9-6-7(2-4-8(9)11)3-5-10(12)13/h2-6,11H,1H3,(H,12,13)/b5-3+",KSEBMYQBYZTDHS-HWKANZROSA-N,COC1=C(C=CC(=C1)C=CC(=O)O)O
FT_1.579_173.08198,Suberic acid,C8H14O4,L1,no,Organic compounds,Lipids and lipid-like molecules,Fatty Acyls,Fatty acids and conjugates,Medium-chain fatty acids,10457,Suberic acid,174.08920892,C8H14O4,"InChI=1S/C8H14O4/c9-7(10)5-3-1-2-4-6-8(11)12/h1-6H2,(H,9,10)(H,11,12)",TYFQFVWCELRYAO-UHFFFAOYSA-N,C(CCCC(=O)O)CCC(=O)O
FT_1.640_151.03998,4-Acetylresorcinol,C8H8O3,L1,no,Organic compounds,Organic oxygen compounds,Organooxygen compounds,Carbonyl compounds,Ketones,6990,"2',4'-Dihydroxyacetophenone",152.047344113,C8H8O3,"InChI=1S/C8H8O3/c1-5(9)7-3-2-6(10)4-8(7)11/h2-4,10-11H,1H3",SULYEHHGGXARJS-UHFFFAOYSA-N,CC(=O)C1=C(C=C(C=C1)O)O
FT_1.654_179.03496,Caffeic acid,C9H8O4,L1,no,Organic compounds,Phenylpropanoids and polyketides,Cinnamic acids and derivatives,Hydroxycinnamic acids and derivatives,Hydroxycinnamic acids,689043,Caffeic Acid,180.04225873,C9H8O4,"InChI=1S/C9H8O4/c10-7-3-1-6(5-8(7)11)2-4-9(12)13/h1-5,10-11H,(H,12,13)/b4-2+",QAIPRVGONGVQAS-DUXPYHPUSA-N,C1=CC(=C(C=C1C=CC(=O)O)O)O
FT_1.671_167.03488,Vanillic acid,C8H8O4,L1,no,Organic compounds,Benzenoids,Benzene and substituted derivatives,Benzoic acids and derivatives,Methoxybenzoic acids and derivatives,8468,Vanillic Acid,168.04225873,C8H8O4,"InChI=1S/C8H8O4/c1-12-7-4-5(8(10)11)2-3-6(7)9/h2-4,9H,1H3,(H,10,11)",WKOLLVMJNQIZCI-UHFFFAOYSA-N,COC1=C(C=CC(=C1)C(=O)O)O
FT_1.676_165.05559,Acetovanillone,C9H10O3,L1,no,Organic compounds,Organic oxygen compounds,Organooxygen compounds,Carbonyl compounds,Ketones,2214,Acetovanillone,166.062994177,C9H10O3,"InChI=1S/C9H10O3/c1-6(10)7-3-4-8(11)9(5-7)12-2/h3-5,11H,1-2H3",DFYRUELUNQRZTB-UHFFFAOYSA-N,CC(=O)C1=CC(=C(C=C1)O)OC
FT_1.691_197.04576,Syringic acid,C9H10O5,L1,no,Organic compounds,Benzenoids,Benzene and substituted derivatives,Benzoic acids and derivatives,Hydroxybenzoic acid derivatives,10742,Syringic Acid,198.05282342,C9H10O5,"InChI=1S/C9H10O5/c1-13-6-3-5(9(11)12)4-7(14-2)8(6)10/h3-4,10H,1-2H3,(H,11,12)",JMSVCTWVEWCHDZ-UHFFFAOYSA-N,COC1=CC(=CC(=C1O)OC)C(=O)O
FT_1.848_115.00373,Maleic acid,C4H4O4,L1,no,Organic compounds,Organic acids and derivatives,Carboxylic acids and derivatives,Dicarboxylic acids and derivatives,NA,444266,Maleic Acid,116.0109586,C4H4O4,"InChI=1S/C4H4O4/c5-3(6)1-2-4(7)8/h1-2H,(H,5,6)(H,7,8)/b2-1-",VZCYOOQTPOCHFL-UPHRSURJSA-N,C(=CC(=O)O)C(=O)O
FT_11.142_341.10896,Sucrose,C12H22O11,L1,no,Organic compounds,Organic oxygen compounds,Organooxygen compounds,Carbohydrates and carbohydrate conjugates,Glycosyl compounds,5988,Sucrose,342.11621151,C12H22O11,"InChI=1S/C12H22O11/c13-1-4-6(16)8(18)9(19)11(21-4)23-12(3-15)10(20)7(17)5(2-14)22-12/h4-11,13-20H,1-3H2/t4-,5-,6-,7-,8+,9-,10+,11-,12+/m1/s1",CZMRCDWAGMRECN-UGDNZRGBSA-N,C(C1C(C(C(C(O1)OC2(C(C(C(O2)CO)O)O)CO)O)O)O)O
FT_11.959_387.11469,alpha-D-Lactose,C12H22O11,L1,no,Organic compounds,Organic oxygen compounds,Organooxygen compounds,Carbohydrates and carbohydrate conjugates,Glycosyl compounds,84571,alpha-D-lactose,342.11621151,C12H22O11,"InChI=1S/C12H22O11/c13-1-3-5(15)6(16)9(19)12(22-3)23-10-4(2-14)21-11(20)8(18)7(10)17/h3-20H,1-2H2/t3-,4-,5+,6+,7-,8-,9-,10-,11+,12+/m1/s1",GUBGYTABKSRVRQ-XLOQQCSPSA-N,C(C1C(C(C(C(O1)OC2C(OC(C(C2O)O)O)CO)O)O)O)O
FT_12.049_146.04593,D-Glutamic acid,C5H9NO4,L1,no,Organic compounds,Organic acids and derivatives,Carboxylic acids and derivatives,"Amino acids, peptides, and analogues",Amino acids and derivatives,23327,D-Glutamic Acid,147.05315777,C5H9NO4,"InChI=1S/C5H9NO4/c6-3(5(9)10)1-2-4(7)8/h3H,1-2,6H2,(H,7,8)(H,9,10)/t3-/m1/s1",WHUUTDBJXJRKMK-GSVOUGTGSA-N,C(CC(=O)O)C(C(=O)O)N
FT_12.101_387.11469,D-(+)-Turanose,C12H22O11,L1,no,Organic compounds,Lipids and lipid-like molecules,Fatty Acyls,Fatty acyl glycosides,Fatty acyl glycosides of mono- and disaccharides,5460935,Turanose,342.11621151,C12H22O11,"InChI=1S/C12H22O11/c13-1-4(16)7(18)11(5(17)2-14)23-12-10(21)9(20)8(19)6(3-15)22-12/h4,6-16,18-21H,1-3H2/t4-,6-,7-,8-,9+,10-,11-,12-/m1/s1",RULSWEULPANCDV-PIXUTMIVSA-N,C(C1C(C(C(C(O1)OC(C(C(CO)O)O)C(=O)CO)O)O)O)O
FT_14.984_259.83946,O-Phospho-L-tyrosine,C9H12NO6P,L1,no,Organic compounds,Organic acids and derivatives,Carboxylic acids and derivatives,"Amino acids, peptides, and analogues",Amino acids and derivatives,30819,Phospho-L-tyrosine,261.0402241,C9H12NO6P,"InChI=1S/C9H12NO6P/c10-8(9(11)12)5-6-1-3-7(4-2-6)16-17(13,14)15/h1-4,8H,5,10H2,(H,11,12)(H2,13,14,15)/t8-/m0/s1",DCWXELXMIBXGTH-QMMMGPOBSA-N,C1=CC(=CC=C1CC(C(=O)O)N)OP(=O)(O)O
FT_2.051_115.04012,Levulinic acid,C5H8O3,L1,no,Organic compounds,Organic acids and derivatives,Keto acids and derivatives,Gamma-keto acids and derivatives,NA,11579,Levulinic Acid,116.047344113,C5H8O3,"InChI=1S/C5H8O3/c1-4(6)2-3-5(7)8/h2-3H2,1H3,(H,7,8)",JOOXCMJARBKPKM-UHFFFAOYSA-N,CC(=O)CCC(=O)O
FT_2.246_103.04010,3-hydroxybutyric acid,C4H8O3,L1,no,Organic compounds,Organic acids and derivatives,Hydroxy acids and derivatives,Beta hydroxy acids and derivatives,NA,441,3-Hydroxybutyric Acid,104.047344113,C4H8O3,"InChI=1S/C4H8O3/c1-3(5)2-4(6)7/h3,5H,2H2,1H3,(H,6,7)",WHBMMWSBFZVSSR-UHFFFAOYSA-N,CC(CC(=O)O)O
FT_2.491_103.04008,3-hydroxybutyric acid,C4H8O3,L1,no,Organic compounds,Organic acids and derivatives,Hydroxy acids and derivatives,Beta hydroxy acids and derivatives,NA,441,3-Hydroxybutyric Acid,104.047344113,C4H8O3,"InChI=1S/C4H8O3/c1-3(5)2-4(6)7/h3,5H,2H2,1H3,(H,6,7)",WHBMMWSBFZVSSR-UHFFFAOYSA-N,CC(CC(=O)O)O
FT_2.673_131.03504,2-Methylsuccinic acid,C5H8O4,L1,no,Organic compounds,Lipids and lipid-like molecules,Fatty Acyls,Fatty acids and conjugates,Branched fatty acids,10349,Methylsuccinic acid,132.04225873,C5H8O4,"InChI=1S/C5H8O4/c1-3(5(8)9)2-4(6)7/h3H,2H2,1H3,(H,6,7)(H,8,9)",WXUAQHNMJWJLTG-UHFFFAOYSA-N,CC(CC(=O)O)C(=O)O
FT_3.028_103.04009,2-Methyllactic acid,C4H8O3,L1,no,Organic compounds,Organic acids and derivatives,Hydroxy acids and derivatives,Alpha hydroxy acids and derivatives,NA,11671,2-Hydroxyisobutyric acid,104.047344113,C4H8O3,"InChI=1S/C4H8O3/c1-4(2,7)3(5)6/h7H,1-2H3,(H,5,6)",BWLBGMIXKSTLSX-UHFFFAOYSA-N,CC(C)(C(=O)O)O
FT_3.331_134.04729,Adenine,C5H5N5,L1,no,Organic compounds,Organoheterocyclic compounds,Imidazopyrimidines,Purines and purine derivatives,6-aminopurines,190,Adenine,135.05449518,C5H5N5,"InChI=1S/C5H5N5/c6-4-3-5(9-1-7-3)10-2-8-4/h1-2H,(H3,6,7,8,9,10)",GFFGJBXGBJISGV-UHFFFAOYSA-N,C1=NC2=NC=NC(=C2N1)N
FT_3.571_117.01938,Succinic acid,C4H6O4,L1,no,Organic compounds,Organic acids and derivatives,Carboxylic acids and derivatives,Dicarboxylic acids and derivatives,NA,1110,Succinic Acid,118.02660867,C4H6O4,"InChI=1S/C4H6O4/c5-3(6)1-2-4(7)8/h1-2H2,(H,5,6)(H,7,8)",KDYFGRWQOYBRFD-UHFFFAOYSA-N,C(CC(=O)O)C(=O)O
FT_3.966_243.06218,Uridine,C9H12N2O6,L1,no,Organic compounds,"Nucleosides, nucleotides, and analogues",Pyrimidine nucleosides,NA,NA,6029,Uridine,244.06953611,C9H12N2O6,"InChI=1S/C9H12N2O6/c12-3-4-6(14)7(15)8(17-4)11-2-1-5(13)10-9(11)16/h1-2,4,6-8,12,14-15H,3H2,(H,10,13,16)/t4-,6-,7-,8-/m1/s1",DRTQHJPVMGBUCF-XVFCMESISA-N,C1=CN(C(=O)NC1=O)C2C(C(C(O2)CO)O)O
FT_4.385_251.07857,2'-Deoxyinosine,C10H12N4O4,L1,no,Organic compounds,"Nucleosides, nucleotides, and analogues",Purine nucleosides,Purine 2'-deoxyribonucleosides,NA,135398593,Deoxyinosine,252.08585488,C10H12N4O4,"InChI=1S/C10H12N4O4/c15-2-6-5(16)1-7(18-6)14-4-13-8-9(14)11-3-12-10(8)17/h3-7,15-16H,1-2H2,(H,11,12,17)/t5-,6+,7+/m0/s1",VGONTNSXDCQUGY-RRKCRQDMSA-N,C1C(C(OC1N2C=NC3=C2N=CNC3=O)CO)O
FT_4.979_157.03665,Allantoin,C4H6N4O3,L1,no,Organic compounds,Organoheterocyclic compounds,Azoles,Imidazoles,NA,204,Allantoin,158.04399007,C4H6N4O3,"InChI=1S/C4H6N4O3/c5-3(10)6-1-2(9)8-4(11)7-1/h1H,(H3,5,6,10)(H2,7,8,9,11)",POJWUDADGALRAB-UHFFFAOYSA-N,C1(C(=O)NC(=O)N1)NC(=O)N
FT_6.179_267.07353,Inosine,C10H12N4O5,L1,no,Organic compounds,"Nucleosides, nucleotides, and analogues",Purine nucleosides,NA,NA,135398641,Inosine,268.0807695,C10H12N4O5,"InChI=1S/C10H12N4O5/c15-1-4-6(16)7(17)10(19-4)14-3-13-5-8(14)11-2-12-9(5)18/h2-4,6-7,10,15-17H,1H2,(H,11,12,18)/t4-,6-,7-,10-/m1/s1",UGQMRVRMYYASKQ-KQYNXXCUSA-N,C1=NC2=C(C(=O)N1)N=CN2C3C(C(C(O3)CO)O)O
FT_6.765_266.08957,2-Deoxyguanosine,C10H13N5O4,L1,no,Organic compounds,"Nucleosides, nucleotides, and analogues",Purine nucleosides,Purine 2'-deoxyribonucleosides,NA,135398592,Deoxyguanosine,267.09675391,C10H13N5O4,"InChI=1S/C10H13N5O4/c11-10-13-8-7(9(18)14-10)12-3-15(8)6-1-4(17)5(2-16)19-6/h3-6,16-17H,1-2H2,(H3,11,13,14,18)/t4-,5+,6+/m0/s1",YKBGVTZYEHREMT-KVQBGUIXSA-N,C1C(C(OC1N2C=NC3=C2N=C(NC3=O)N)CO)O
FT_7.666_266.08821,N-Acetyl-D-mannosamine,C8H15NO6,L1,no,Organic compounds,Organic oxygen compounds,Organooxygen compounds,Carbohydrates and carbohydrate conjugates,Aminosaccharides,439281,N-Acetyl-D-Mannosamine,221.0899372,C8H15NO6,"InChI=1S/C8H15NO6/c1-3(11)9-5-7(13)6(12)4(2-10)15-8(5)14/h4-8,10,12-14H,2H2,1H3,(H,9,11)/t4-,5+,6-,7-,8?/m1/s1",OVRNDRQMDRJTHS-ZTVVOAFPSA-N,CC(=O)NC1C(C(C(OC1O)CO)O)O
FT_7.835_141.03065,5-(Hydroxymethyl)uracil,C5H6N2O3,L1,no,Organic compounds,Organoheterocyclic compounds,Diazines,Pyrimidines and pyrimidine derivatives,Pyrimidones,78168,5-(Hydroxymethyl)uracil,142.03784206,C5H6N2O3,"InChI=1S/C5H6N2O3/c8-2-3-1-6-5(10)7-4(3)9/h1,8H,2H2,(H2,6,7,9,10)",JDBGXEHEIRGOBU-UHFFFAOYSA-N,C1=C(C(=O)NC(=O)N1)CO
FT_8.842_181.07172,Mannitol,C6H14O6,L1,no,Organic compounds,Organic oxygen compounds,Organooxygen compounds,Carbohydrates and carbohydrate conjugates,Sugar alcohols,6251,Mannitol,182.07903816,C6H14O6,"InChI=1S/C6H14O6/c7-1-3(9)5(11)6(12)4(10)2-8/h3-12H,1-2H2/t3-,4-,5-,6-/m1/s1",FBPFZTCFMRRESA-KVTDHHQDSA-N,C(C(C(C(C(CO)O)O)O)O)O
FT_9.044_181.07173,Mannitol,C6H14O6,L1,no,Organic compounds,Organic oxygen compounds,Organooxygen compounds,Carbohydrates and carbohydrate conjugates,Sugar alcohols,6251,Mannitol,182.07903816,C6H14O6,"InChI=1S/C6H14O6/c7-1-3(9)5(11)6(12)4(10)2-8/h3-12H,1-2H2/t3-,4-,5-,6-/m1/s1",FBPFZTCFMRRESA-KVTDHHQDSA-N,C(C(C(C(C(CO)O)O)O)O)O
FT_1.543_171.06627,(-)-Corey lactone,C8H12O4,L2.1,no,NA,NA,NA,NA,NA,NA,NA,NA,NA,NA,NA,NA
FT_1.371_329.23370,"(15Z)-9,12,13-Trihydroxy-15-octadecenoic acid",C18H34O5,L2.1,no,Organic compounds,Lipids and lipid-like molecules,Fatty Acyls,Fatty acids and conjugates,Long-chain fatty acids,24066906,"(15Z)-9,12,13-Trihydroxy-15-octadecenoic acid",330.24062418,C18H34O5,"InChI=1S/C18H34O5/c1-2-3-7-11-16(20)17(21)14-13-15(19)10-8-5-4-6-9-12-18(22)23/h3,7,15-17,19-21H,2,4-6,8-14H2,1H3,(H,22,23)/b7-3-",DNWUYCUUEGGVPR-CLTKARDFSA-N,CCC=CCC(C(CCC(CCCCCCCC(=O)O)O)O)O
FT_1.579_427.13995,"(2-{(1R,9S)-3-[4-(Methylsulfanyl)phenyl]-6-oxo-7,11-diazatricyclo[7.3.1.02,7]trideca-2,4-dien-11-yl}-2-oxoethoxy)acetic acid",C22H24N2O5S,L2.1,no,NA,NA,NA,NA,NA,NA,NA,NA,NA,NA,NA,NA
FT_1.378_387.21788,"2,4-dihydroxy-3-[(E)-4-hydroxy-3-methyl-5-(1,2,6-trimethyl-3-oxocyclohexyl)pent-2-enyl]-6-methylbenzaldehyde",C23H3O5,L2.2,no,NA,NA,NA,NA,NA,NA,NA,NA,NA,NA,NA,NA
FT_1.190_311.22297,(±)9-HpODE,C18H32O4,L2.1,no,NA,NA,NA,NA,NA,NA,NA,NA,NA,NA,NA,NA
FT_1.287_311.22294,(±)9-HpODE,C18H32O4,L2.1,no,NA,NA,NA,NA,NA,NA,NA,NA,NA,NA,NA,NA
FT_1.436_301.10824,"1-(2,4-dihydroxyphenyl)-2-(3,5-dimethoxyphenyl)propan-1-one",C17H18O5,L2.1,no,Organic compounds,Phenylpropanoids and polyketides,Alpha-methyldeoxybenzoin flavonoids,NA,NA,45359610,"1-(2,4-Dihydroxyphenyl)-2-(3,5-dimethoxyphenyl)propan-1-one",302.11542367,C17H18O5,"InChI=1S/C17H18O5/c1-10(11-6-13(21-2)9-14(7-11)22-3)17(20)15-5-4-12(18)8-16(15)19/h4-10,18-19H,1-3H3",TURHNAJJDDIVGC-UHFFFAOYSA-N,CC(C1=CC(=CC(=C1)OC)OC)C(=O)C2=C(C=C(C=C2)O)O
FT_1.604_301.10818,"1-(2,4-dihydroxyphenyl)-2-(3,5-dimethoxyphenyl)propan-1-one",C17H18O5,L2.1,no,Organic compounds,Phenylpropanoids and polyketides,Alpha-methyldeoxybenzoin flavonoids,NA,NA,45359610,"1-(2,4-Dihydroxyphenyl)-2-(3,5-dimethoxyphenyl)propan-1-one",302.11542367,C17H18O5,"InChI=1S/C17H18O5/c1-10(11-6-13(21-2)9-14(7-11)22-3)17(20)15-5-4-12(18)8-16(15)19/h4-10,18-19H,1-3H3",TURHNAJJDDIVGC-UHFFFAOYSA-N,CC(C1=CC(=CC(=C1)OC)OC)C(=O)C2=C(C=C(C=C2)O)O
FT_1.096_411.14524,dalpanol,C23H24O7,L2.2,no,Organic compounds,Phenylpropanoids and polyketides,Isoflavonoids,Rotenoids,Rotenones,182000,Dalpanol,412.1522031,C23H24O7,"InChI=1S/C23H24O7/c1-23(2,25)19-8-13-14(29-19)6-5-11-21(24)20-12-7-16(26-3)17(27-4)9-15(12)28-10-18(20)30-22(11)13/h5-7,9,18-20,25H,8,10H2,1-4H3/t18-,19-,20+/m1/s1",UJRXJHPYROZVGI-AQNXPRMDSA-N,CC(C)(C1CC2=C(O1)C=CC3=C2OC4COC5=CC(=C(C=C5C4C3=O)OC)OC)O
FT_1.208_411.14507,dalpanol,C23H24O7,L2.2,no,Organic compounds,Phenylpropanoids and polyketides,Isoflavonoids,Rotenoids,Rotenones,182000,Dalpanol,412.1522031,C23H24O7,"InChI=1S/C23H24O7/c1-23(2,25)19-8-13-14(29-19)6-5-11-21(24)20-12-7-16(26-3)17(27-4)9-15(12)28-10-18(20)30-22(11)13/h5-7,9,18-20,25H,8,10H2,1-4H3/t18-,19-,20+/m1/s1",UJRXJHPYROZVGI-AQNXPRMDSA-N,CC(C)(C1CC2=C(O1)C=CC3=C2OC4COC5=CC(=C(C=C5C4C3=O)OC)OC)O
FT_1.380_185.08194,1-(Carboxymethyl)cyclohexanecarboxylic acid,C9H14O4,L2.1,no,Organic compounds,Organic acids and derivatives,Carboxylic acids and derivatives,Dicarboxylic acids and derivatives,NA,260003,1-Carboxycyclohexaneacetic acid,186.08920892,C9H14O4,"InChI=1S/C9H14O4/c10-7(11)6-9(8(12)13)4-2-1-3-5-9/h1-6H2,(H,10,11)(H,12,13)",SDAXMMUAZRUWNL-UHFFFAOYSA-N,C1CCC(CC1)(CC(=O)O)C(=O)O
FT_1.572_185.08197,1-(Carboxymethyl)cyclohexanecarboxylic acid,C9H14O4,L2.1,no,Organic compounds,Organic acids and derivatives,Carboxylic acids and derivatives,Dicarboxylic acids and derivatives,NA,260003,1-Carboxycyclohexaneacetic acid,186.08920892,C9H14O4,"InChI=1S/C9H14O4/c10-7(11)6-9(8(12)13)4-2-1-3-5-9/h1-6H2,(H,10,11)(H,12,13)",SDAXMMUAZRUWNL-UHFFFAOYSA-N,C1CCC(CC1)(CC(=O)O)C(=O)O
FT_1.827_185.08198,1-(Carboxymethyl)cyclohexanecarboxylic acid,C9H14O4,L2.1,no,Organic compounds,Organic acids and derivatives,Carboxylic acids and derivatives,Dicarboxylic acids and derivatives,NA,260003,1-Carboxycyclohexaneacetic acid,186.08920892,C9H14O4,"InChI=1S/C9H14O4/c10-7(11)6-9(8(12)13)4-2-1-3-5-9/h1-6H2,(H,10,11)(H,12,13)",SDAXMMUAZRUWNL-UHFFFAOYSA-N,C1CCC(CC1)(CC(=O)O)C(=O)O
FT_17.118_421.07555,"1,5,8-Trihydroxy-9-oxo-9H-xanthen-3-yl beta-D-glucopyranoside",C19H18O11,L2.1,no,Organic compounds,Organoheterocyclic compounds,Benzopyrans,1-benzopyrans,Dibenzopyrans,75411985,"1,5,8-Trihydroxy-9-oxo-9H-xanthen-3-yl beta-D-glucopyranoside",422.08491139,C19H18O11,"InChI=1S/C19H18O11/c20-5-11-14(24)16(26)17(27)19(30-11)28-6-3-9(23)12-10(4-6)29-18-8(22)2-1-7(21)13(18)15(12)25/h1-4,11,14,16-17,19-24,26-27H,5H2/t11-,14-,16+,17-,19-/m1/s1",IOJCAEBIAPRCCI-FJMCMGCSSA-N,C1=CC(=C2C(=C1O)C(=O)C3=C(C=C(C=C3O2)OC4C(C(C(C(O4)CO)O)O)O)O)O
FT_1.347_327.12404,10-(4-Sulfophenyl) decanoic acid,C16H24O5S,L2.1,no,NA,NA,NA,NA,NA,NA,NA,NA,NA,NA,NA,NA
FT_1.448_327.12395,10-(4-Sulfophenyl) decanoic acid,C16H24O5S,L2.1,no,NA,NA,NA,NA,NA,NA,NA,NA,NA,NA,NA,NA
FT_1.156_271.22795,16-Hydroxyhexadecanoic acid,C16H32O3,L2.1,no,Organic compounds,Lipids and lipid-like molecules,Fatty Acyls,Fatty acids and conjugates,Long-chain fatty acids,10466,16-Hydroxyhexadecanoic acid,272.23514488,C16H32O3,"InChI=1S/C16H32O3/c17-15-13-11-9-7-5-3-1-2-4-6-8-10-12-14-16(18)19/h17H,1-15H2,(H,18,19)",UGAGPNKCDRTDHP-UHFFFAOYSA-N,C(CCCCCCCC(=O)O)CCCCCCCO
FT_1.171_331.19173,19(R)-Hydroxy prostaglandin A2,C20H30O5,L2.1,no,Organic compounds,Lipids and lipid-like molecules,Fatty Acyls,Eicosanoids,Prostaglandins and related compounds,16061098,19R-hydroxy-PGA2,350.20932405,C20H30O5,"InChI=1S/C20H30O5/c1-15(21)7-6-8-17(22)13-11-16-12-14-19(23)18(16)9-4-2-3-5-10-20(24)25/h2,4,11-18,21-22H,3,5-10H2,1H3,(H,24,25)/b4-2-,13-11+/t15-,16+,17+,18-/m1/s1",RXYQCXVUMLSFHM-HCLDBPGNSA-N,CC(CCCC(C=CC1C=CC(=O)C1CC=CCCCC(=O)O)O)O
FT_1.477_179.07139,2'-Hydroxy-4'-methoxypropiophenone,C10H12O3,L2.2,no,Organic compounds,Organic oxygen compounds,Organooxygen compounds,Carbonyl compounds,Ketones,234836,2'-Hydroxy-4'-methoxypropiophenone,180.078644241,C10H12O3,"InChI=1S/C10H12O3/c1-3-9(11)8-5-4-7(13-2)6-10(8)12/h4-6,12H,3H2,1-2H3",MAKZPFSTXDXNJN-UHFFFAOYSA-N,CCC(=O)C1=C(C=C(C=C1)OC)O
FT_1.127_463.14008,"2-(1-naphthylmethylidene)-1,2,3,4-tetrahydronaphthalen-1-one 1-(2,4-dinitrophenyl)hydrazone",C27H20N4O4,L2.1,no,NA,NA,NA,NA,NA,NA,NA,NA,NA,NA,NA,NA
FT_1.602_353.06673,6-acetoxy-7-acetyl-1-hydroxy-3-methoxyanthraquinone,C19H14O7,L2.2,no,Organic compounds,Benzenoids,Anthracenes,Anthraquinones,NA,129687121,6-Acetoxy-7-acetyl-1-hydroxy-3-methoxyanthraquinone,354.07395278,C19H14O7,"InChI=1S/C19H14O7/c1-8(20)11-6-12-13(7-16(11)26-9(2)21)18(23)14-4-10(25-3)5-15(22)17(14)19(12)24/h4-7,22H,1-3H3",KBTUKTJYCIFJMG-UHFFFAOYSA-N,CC(=O)C1=C(C=C2C(=C1)C(=O)C3=C(C2=O)C=C(C=C3O)OC)OC(=O)C
FT_1.672_381.19226,"2-[(2S,3R,4S,5R)-3,4-Dihydroxy-5-{[(isopropylcarbamoyl)amino]methyl}tetrahydro-2-furanyl]-N-[2-(dimethylamino)ethyl]acetamide",C15H30N4O5,L2.1,no,NA,NA,NA,NA,NA,NA,NA,NA,NA,NA,NA,NA
FT_2.353_195.06628,2-Hydroxy-4-(4-hydroxyphenyl)butanoic acid,C10H12O4,L2.1,no,Organic compounds,Benzenoids,Phenols,1-hydroxy-2-unsubstituted benzenoids,NA,17760167,2-Hydroxy-4-(4-hydroxyphenyl)butanoic acid,196.07355886,C10H12O4,"InChI=1S/C10H12O4/c11-8-4-1-7(2-5-8)3-6-9(12)10(13)14/h1-2,4-5,9,11-12H,3,6H2,(H,13,14)",NDXWYVRAUFPPEJ-UHFFFAOYSA-N,C1=CC(=CC=C1CCC(C(=O)O)O)O
FT_1.512_195.03001,Haematommic Acid,C9H8O5,L2.2,no,Organic compounds,Benzenoids,Benzene and substituted derivatives,Benzoic acids and derivatives,Hydroxybenzoic acid derivatives,6710680,Haematommic Acid,196.03717335,C9H8O5,"InChI=1S/C9H8O5/c1-4-2-6(11)5(3-10)8(12)7(4)9(13)14/h2-3,11-12H,1H3,(H,13,14)",KCOOTJRKKIDHTM-UHFFFAOYSA-N,CC1=CC(=C(C(=C1C(=O)O)O)C=O)O
FT_1.206_329.17611,"3,3'-Diisopropyl-6,6'-dimethyl-2,2',5,5'-biphenyltetrol",C20H26O4,L2.1,no,NA,NA,NA,NA,NA,NA,NA,NA,NA,NA,NA,NA
FT_1.306_329.17608,"3,3'-Diisopropyl-6,6'-dimethyl-2,2',5,5'-biphenyltetrol",C20H26O4,L2.1,no,NA,NA,NA,NA,NA,NA,NA,NA,NA,NA,NA,NA
FT_14.029_549.16735,melitose,C18H32O16,L2.2,no,Organic compounds,Organic oxygen compounds,Organooxygen compounds,Carbohydrates and carbohydrate conjugates,Oligosaccharides,439242,Raffinose,504.16903493,C18H32O16,"InChI=1S/C18H32O16/c19-1-5-8(22)11(25)13(27)16(31-5)30-3-7-9(23)12(26)14(28)17(32-7)34-18(4-21)15(29)10(24)6(2-20)33-18/h5-17,19-29H,1-4H2/t5-,6-,7-,8+,9-,10-,11+,12+,13-,14-,15+,16+,17-,18+/m1/s1",MUPFEKGTMRGPLJ-ZQSKZDJDSA-N,C(C1C(C(C(C(O1)OCC2C(C(C(C(O2)OC3(C(C(C(O3)CO)O)O)CO)O)O)O)O)O)O)O
FT_14.255_549.16737,melitose,C18H32O16,L2.2,no,Organic compounds,Organic oxygen compounds,Organooxygen compounds,Carbohydrates and carbohydrate conjugates,Oligosaccharides,439242,Raffinose,504.16903493,C18H32O16,"InChI=1S/C18H32O16/c19-1-5-8(22)11(25)13(27)16(31-5)30-3-7-9(23)12(26)14(28)17(32-7)34-18(4-21)15(29)10(24)6(2-20)33-18/h5-17,19-29H,1-4H2/t5-,6-,7-,8+,9-,10-,11+,12+,13-,14-,15+,16+,17-,18+/m1/s1",MUPFEKGTMRGPLJ-ZQSKZDJDSA-N,C(C1C(C(C(C(O1)OCC2C(C(C(C(O2)OC3(C(C(C(O3)CO)O)O)CO)O)O)O)O)O)O)O
FT_1.273_283.06127,3-{[2-(3-Cyano-2-pyridinyl)hydrazino]carbonyl}-2-pyrazinecarboxylic acid,C12H8N6O3,L2.1,no,NA,NA,NA,NA,NA,NA,NA,NA,NA,NA,NA,NA
FT_1.844_117.05577,3-Hydroxyvaleric acid,C5H10O3,L2.1,no,Organic compounds,Lipids and lipid-like molecules,Fatty Acyls,Fatty acids and conjugates,Hydroxy fatty acids,107802,3-Hydroxyvaleric acid,118.062994177,C5H10O3,"InChI=1S/C5H10O3/c1-2-4(6)3-5(7)8/h4,6H,2-3H2,1H3,(H,7,8)",REKYPYSUBKSCAT-UHFFFAOYSA-N,CCC(CC(=O)O)O
FT_1.940_117.05577,3-Hydroxyvaleric acid,C5H10O3,L2.1,no,Organic compounds,Lipids and lipid-like molecules,Fatty Acyls,Fatty acids and conjugates,Hydroxy fatty acids,107802,3-Hydroxyvaleric acid,118.062994177,C5H10O3,"InChI=1S/C5H10O3/c1-2-4(6)3-5(7)8/h4,6H,2-3H2,1H3,(H,7,8)",REKYPYSUBKSCAT-UHFFFAOYSA-N,CCC(CC(=O)O)O
FT_3.380_215.09252,"3-methyl-4-[2-(2-methylphenyl)hydrazono]-4,5-dihydro-1H-pyrazol-5-one",C11H12N4O,L2.1,no,NA,NA,NA,NA,NA,NA,NA,NA,NA,NA,NA,NA
FT_1.160_287.09263,"4,5-diphenyl-2,3-dihydro-1H-pyrazolo[3,4-c]pyridazin-3-one",C17H12N4O,L2.1,no,Organic compounds,Organoheterocyclic compounds,Diazines,Pyridazines and derivatives,Phenylpyridazines,5715152,"4,5-Diphenyl-1,2-dihydropyrazolo[3,4-c]pyridazin-3-one",288.10111102,C17H12N4O,"InChI=1S/C17H12N4O/c22-17-14-13(11-7-3-1-4-8-11)15(12-9-5-2-6-10-12)18-19-16(14)20-21-17/h1-10H,(H2,19,20,21,22)",UIHDHURJKAPXSN-UHFFFAOYSA-N,C1=CC=C(C=C1)C2=C3C(=NN=C2C4=CC=CC=C4)NNC3=O
FT_1.223_365.19704,"4-[2-(2,3-Dihydroxy-5,6,8a-trimethyloctahydro-2H-spiro[naphthalene-1,2'-oxiran]-5-yl)ethyl]-5-hydroxy-2(5H)-furanone",C20H30O6,L2.1,no,NA,NA,NA,NA,NA,NA,NA,NA,NA,NA,NA,NA
FT_1.268_325.18447,4-Dodecylbenzenesulfonic acid,C18H30O3S,L2.1,no,Organic compounds,Benzenoids,Benzene and substituted derivatives,Benzenesulfonic acids and derivatives,NA,8485,p-Dodecylbenzenesulfonic acid,326.19156599,C18H30O3S,"InChI=1S/C18H30O3S/c1-2-3-4-5-6-7-8-9-10-11-12-17-13-15-18(16-14-17)22(19,20)21/h13-16H,2-12H2,1H3,(H,19,20,21)",KWXICGTUELOLSQ-UHFFFAOYSA-N,CCCCCCCCCCCCC1=CC=C(C=C1)S(=O)(=O)O
FT_1.142_179.03495,4-Hydroxyphenylpyruvic acid,C9H8O4,L2.1,no,Organic compounds,Benzenoids,Benzene and substituted derivatives,Phenylpyruvic acid derivatives,NA,979,4-Hydroxyphenylpyruvic Acid,180.04225873,C9H8O4,"InChI=1S/C9H8O4/c10-7-3-1-6(2-4-7)5-8(11)9(12)13/h1-4,10H,5H2,(H,12,13)",KKADPXVIOXHVKN-UHFFFAOYSA-N,C1=CC(=CC=C1CC(=O)C(=O)O)O
FT_1.266_175.03993,4-Methylumbelliferone,C10H8O3,L2.1,no,Organic compounds,Phenylpropanoids and polyketides,Coumarins and derivatives,Hydroxycoumarins,7-hydroxycoumarins,5280567,4-Methylumbelliferone,176.047344113,C10H8O3,"InChI=1S/C10H8O3/c1-6-4-10(12)13-9-5-7(11)2-3-8(6)9/h2-5,11H,1H3",HSHNITRMYYLLCV-UHFFFAOYSA-N,CC1=CC(=O)OC2=C1C=CC(=C2)O
FT_1.687_175.03995,4-Methylumbelliferone,C10H8O3,L2.1,no,Organic compounds,Phenylpropanoids and polyketides,Coumarins and derivatives,Hydroxycoumarins,7-hydroxycoumarins,5280567,4-Methylumbelliferone,176.047344113,C10H8O3,"InChI=1S/C10H8O3/c1-6-4-10(12)13-9-5-7(11)2-3-8(6)9/h2-5,11H,1H3",HSHNITRMYYLLCV-UHFFFAOYSA-N,CC1=CC(=O)OC2=C1C=CC(=C2)O
FT_2.545_175.04000,4-Methylumbelliferone,C10H8O3,L2.1,no,Organic compounds,Phenylpropanoids and polyketides,Coumarins and derivatives,Hydroxycoumarins,7-hydroxycoumarins,5280567,4-Methylumbelliferone,176.047344113,C10H8O3,"InChI=1S/C10H8O3/c1-6-4-10(12)13-9-5-7(11)2-3-8(6)9/h2-5,11H,1H3",HSHNITRMYYLLCV-UHFFFAOYSA-N,CC1=CC(=O)OC2=C1C=CC(=C2)O
FT_1.167_347.11376,"4,4(5')-dihydroxydibenzo-15-crown-5",C18H20O7,L2.1,no,NA,NA,NA,NA,NA,NA,NA,NA,NA,NA,NA,NA
FT_1.236_191.03498,"5,7-Dihydroxy-4-methylcoumarin",C10H8O4,L2.1,no,Organic compounds,Phenylpropanoids and polyketides,Coumarins and derivatives,Hydroxycoumarins,7-hydroxycoumarins,5354284,"5,7-Dihydroxy-4-methylcoumarin",192.04225873,C10H8O4,"InChI=1S/C10H8O4/c1-5-2-9(13)14-8-4-6(11)3-7(12)10(5)8/h2-4,11-12H,1H3",QNVWGEJMXOQQPM-UHFFFAOYSA-N,CC1=CC(=O)OC2=CC(=CC(=C12)O)O
FT_1.321_191.03501,"5,7-Dihydroxy-4-methylcoumarin",C10H8O4,L2.1,no,Organic compounds,Phenylpropanoids and polyketides,Coumarins and derivatives,Hydroxycoumarins,7-hydroxycoumarins,5354284,"5,7-Dihydroxy-4-methylcoumarin",192.04225873,C10H8O4,"InChI=1S/C10H8O4/c1-5-2-9(13)14-8-4-6(11)3-7(12)10(5)8/h2-4,11-12H,1H3",QNVWGEJMXOQQPM-UHFFFAOYSA-N,CC1=CC(=O)OC2=CC(=CC(=C12)O)O
FT_1.468_251.05608,Triacetylphloroglucinol,C12H12O6,L2.2,no,Organic compounds,Organic oxygen compounds,Organooxygen compounds,Carbonyl compounds,Ketones,824901,Triacetylphloroglucinol,252.0633881,C12H12O6,"InChI=1S/C12H12O6/c1-4(13)7-10(16)8(5(2)14)12(18)9(6(3)15)11(7)17/h16-18H,1-3H3",YOQHLDOEJYEQRA-UHFFFAOYSA-N,CC(=O)C1=C(C(=C(C(=C1O)C(=O)C)O)C(=O)C)O
FT_2.041_137.03571,5-Aminonicotinic acid,C6H6N2O2,L2.1,no,Organic compounds,Organoheterocyclic compounds,Pyridines and derivatives,Pyridinecarboxylic acids and derivatives,Pyridinecarboxylic acids,354316,5-Aminonicotinic Acid,138.042927438,C6H6N2O2,"InChI=1S/C6H6N2O2/c7-5-1-4(6(9)10)2-8-3-5/h1-3H,7H2,(H,9,10)",BYIORJAACCWFPU-UHFFFAOYSA-N,C1=C(C=NC=C1N)C(=O)O
FT_3.216_137.03571,urocanate,C6H6N2O2,L2.2,no,Organic compounds,Organoheterocyclic compounds,Azoles,Imidazoles,Substituted imidazoles,736715,Urocanic Acid,138.042927438,C6H6N2O2,"InChI=1S/C6H6N2O2/c9-6(10)2-1-5-3-7-4-8-5/h1-4H,(H,7,8)(H,9,10)/b2-1+",LOIYMIARKYCTBW-OWOJBTEDSA-N,C1=C(NC=N1)C=CC(=O)O
FT_1.365_251.09250,"6-Amino-3-methyl-4-phenyl-1,4-dihydropyrano[2,3-c]pyrazole-5-carbonitrile",C14H12N4O,L2.1,no,Organic compounds,Benzenoids,Benzene and substituted derivatives,NA,NA,600131,"6-Amino-3-methyl-4-phenyl-1,4-dihydropyrano[2,3-c]pyrazole-5-carbonitrile",252.10111102,C14H12N4O,"InChI=1S/C14H12N4O/c1-8-11-12(9-5-3-2-4-6-9)10(7-15)13(16)19-14(11)18-17-8/h2-6,12H,16H2,1H3,(H,17,18)",XOPHPVPLGMSODQ-UHFFFAOYSA-N,CC1=C2C(C(=C(OC2=NN1)N)C#N)C3=CC=CC=C3
FT_1.525_251.09253,"6-Amino-3-methyl-4-phenyl-1,4-dihydropyrano[2,3-c]pyrazole-5-carbonitrile",C14H12N4O,L2.1,no,Organic compounds,Benzenoids,Benzene and substituted derivatives,NA,NA,600131,"6-Amino-3-methyl-4-phenyl-1,4-dihydropyrano[2,3-c]pyrazole-5-carbonitrile",252.10111102,C14H12N4O,"InChI=1S/C14H12N4O/c1-8-11-12(9-5-3-2-4-6-9)10(7-15)13(16)19-14(11)18-17-8/h2-6,12H,16H2,1H3,(H,17,18)",XOPHPVPLGMSODQ-UHFFFAOYSA-N,CC1=C2C(C(=C(OC2=NN1)N)C#N)C3=CC=CC=C3
FT_1.628_251.09246,NP-001608,C13H16O5,L2.1,no,NA,NA,NA,NA,NA,NA,NA,NA,NA,NA,NA,NA
FT_1.143_397.12968,pongachalcone II,C21H20O5,L2.2,no,Organic compounds,Phenylpropanoids and polyketides,"Linear 1,3-diarylpropanoids",Chalcones and dihydrochalcones,2'-Hydroxychalcones,10712965,Pongachalcone II,352.13107373,C21H20O5,"InChI=1S/C21H20O5/c1-21(2)11-10-15-18(26-21)9-6-14(20(15)24)16(22)7-4-13-5-8-17(23)19(12-13)25-3/h4-12,23-24H,1-3H3/b7-4+",WNUBZQVPFKTBOZ-QPJJXVBHSA-N,CC1(C=CC2=C(O1)C=CC(=C2O)C(=O)C=CC3=CC(=C(C=C3)O)OC)C
FT_1.223_397.12956,"(2E)-7-methyl-6-(2-oxopropoxy)-2-[(3,4,5-trimethoxyphenyl)methylidene]-1-benzofuran-3-one",C22H22O7,L2.2,no,NA,NA,NA,NA,NA,NA,NA,NA,NA,NA,NA,NA
FT_2.030_187.09752,Azelaic acid,C9H16O4,L2.1,no,Organic compounds,Lipids and lipid-like molecules,Fatty Acyls,Fatty acids and conjugates,Medium-chain fatty acids,2266,Azelaic Acid,188.10485899,C9H16O4,"InChI=1S/C9H16O4/c10-8(11)6-4-2-1-3-5-7-9(12)13/h1-7H2,(H,10,11)(H,12,13)",BDJRBEYXGGNYIS-UHFFFAOYSA-N,C(CCCC(=O)O)CCCC(=O)O
FT_2.136_187.09750,Azelaic acid,C9H16O4,L2.1,no,Organic compounds,Lipids and lipid-like molecules,Fatty Acyls,Fatty acids and conjugates,Medium-chain fatty acids,2266,Azelaic Acid,188.10485899,C9H16O4,"InChI=1S/C9H16O4/c10-8(11)6-4-2-1-3-5-7-9(12)13/h1-7H2,(H,10,11)(H,12,13)",BDJRBEYXGGNYIS-UHFFFAOYSA-N,C(CCCC(=O)O)CCCC(=O)O
FT_11.355_259.01294,d-Galactopyranose-2-sulfate,C6H12O9S,L2.2,no,Organic compounds,Organic oxygen compounds,Organooxygen compounds,Carbohydrates and carbohydrate conjugates,Monosaccharides,10192839,GlyTouCan:G07350UZ,260.02020313,C6H12O9S,"InChI=1S/C6H12O9S/c7-1-2-3(8)4(9)5(6(10)14-2)15-16(11,12)13/h2-10H,1H2,(H,11,12,13)/t2-,3+,4+,5-,6?/m1/s1",MOGKHCGKIJXABF-SVZMEOIVSA-N,C(C1C(C(C(C(O1)O)OS(=O)(=O)O)O)O)O
FT_12.284_259.01291,d-Galactopyranose-2-sulfate,C6H12O9S,L2.2,no,Organic compounds,Organic oxygen compounds,Organooxygen compounds,Carbohydrates and carbohydrate conjugates,Monosaccharides,10192839,GlyTouCan:G07350UZ,260.02020313,C6H12O9S,"InChI=1S/C6H12O9S/c7-1-2-3(8)4(9)5(6(10)14-2)15-16(11,12)13/h2-10H,1H2,(H,11,12,13)/t2-,3+,4+,5-,6?/m1/s1",MOGKHCGKIJXABF-SVZMEOIVSA-N,C(C1C(C(C(C(O1)O)OS(=O)(=O)O)O)O)O
FT_1.037_437.08811,4-hydroxytetracenomycin A2,C23H18O9,L2.2,no,Organic compounds,Benzenoids,Naphthacenes,Tetracenequinones,NA,122706552,4-hydroxytetracenomycin A2,438.09508215,C23H18O9,"InChI=1S/C23H18O9/c1-8-14-9(6-12(30-2)15(8)23(29)32-4)5-10-16(21(14)27)22(28)17-11(24)7-13(31-3)20(26)18(17)19(10)25/h5-7,24,26-27H,1-4H3",MCIXGBCAADINCO-UHFFFAOYSA-N,CC1=C(C(=CC2=CC3=C(C(=C12)O)C(=O)C4=C(C3=O)C(=C(C=C4O)OC)O)OC)C(=O)OC
FT_1.183_207.06610,Genipin,C11H14O5,L2.1,no,Organic compounds,Lipids and lipid-like molecules,Prenol lipids,Monoterpenoids,Iridoids and derivatives,442424,(+)-Genipin,226.08412354,C11H14O5,"InChI=1S/C11H14O5/c1-15-10(13)8-5-16-11(14)9-6(4-12)2-3-7(8)9/h2,5,7,9,11-12,14H,3-4H2,1H3/t7-,9-,11-/m1/s1",AZKVWQKMDGGDSV-BCMRRPTOSA-N,COC(=O)C1=COC(C2C1CC=C2CO)O
FT_1.237_207.06609,Genipin,C11H14O5,L2.1,no,Organic compounds,Lipids and lipid-like molecules,Prenol lipids,Monoterpenoids,Iridoids and derivatives,442424,(+)-Genipin,226.08412354,C11H14O5,"InChI=1S/C11H14O5/c1-15-10(13)8-5-16-11(14)9-6(4-12)2-3-7(8)9/h2,5,7,9,11-12,14H,3-4H2,1H3/t7-,9-,11-/m1/s1",AZKVWQKMDGGDSV-BCMRRPTOSA-N,COC(=O)C1=COC(C2C1CC=C2CO)O
FT_2.740_113.02448,Glutaric anhydride,C5H6O3,L2.1,no,Organic compounds,Organoheterocyclic compounds,Lactones,Delta valerolactones,NA,7940,Glutaric anhydride,114.031694049,C5H6O3,InChI=1S/C5H6O3/c6-4-2-1-3-5(7)8-4/h1-3H2,VANNPISTIUFMLH-UHFFFAOYSA-N,C1CC(=O)OC(=O)C1
FT_1.162_283.06126,Glycitein,C16H12O5,L2.1,no,Organic compounds,Phenylpropanoids and polyketides,Isoflavonoids,Isoflav-2-enes,Isoflavones,5317750,Glycitein,284.06847348,C16H12O5,"InChI=1S/C16H12O5/c1-20-15-6-11-14(7-13(15)18)21-8-12(16(11)19)9-2-4-10(17)5-3-9/h2-8,17-18H,1H3",DXYUAIFZCFRPTH-UHFFFAOYSA-N,COC1=C(C=C2C(=C1)C(=O)C(=CO2)C3=CC=C(C=C3)O)O
FT_8.083_282.08449,Guanosine,C10H13N5O5,L2.1,no,Organic compounds,"Nucleosides, nucleotides, and analogues",Purine nucleosides,NA,NA,135398635,Guanosine,283.09166853,C10H13N5O5,"InChI=1S/C10H13N5O5/c11-10-13-7-4(8(19)14-10)12-2-15(7)9-6(18)5(17)3(1-16)20-9/h2-3,5-6,9,16-18H,1H2,(H3,11,13,14,19)/t3-,5-,6-,9-/m1/s1",NYHBQMYGNKIUIF-UUOKFMHZSA-N,C1=NC2=C(N1C3C(C(C(O3)CO)O)O)N=C(NC2=O)N
FT_13.751_341.10903,alpha-alpha-Trehalose,C12H22O11,L2.1,no,Organic compounds,Organic oxygen compounds,Organooxygen compounds,Carbohydrates and carbohydrate conjugates,Glycosyl compounds,7427,Trehalose,342.11621151,C12H22O11,"InChI=1S/C12H22O11/c13-1-3-5(15)7(17)9(19)11(21-3)23-12-10(20)8(18)6(16)4(2-14)22-12/h3-20H,1-2H2/t3-,4-,5-,6-,7+,8+,9-,10-,11-,12-/m1/s1",HDTRYLNUVZCQOY-LIZSDCNHSA-N,C(C1C(C(C(C(O1)OC2C(C(C(C(O2)CO)O)O)O)O)O)O)O
FT_1.168_527.15599,F13459,C27H28O11,L2.2,no,Organic compounds,Benzenoids,Benzene and substituted derivatives,Benzoic acids and derivatives,Hydroxybenzoic acid derivatives,10119161,F-13459,528.16316171,C27H28O11,"InChI=1S/C27H28O11/c1-12(5-7-15-22(31)21-17(11-36-25(21)32)13(2)23(15)35-4)6-8-19(30)37-24-16-9-14(28)10-18(29)20(16)26(33)38-27(24,3)34/h5,9-10,24,28-29,31,34H,6-8,11H2,1-4H3/b12-5+",HFLIGULWCMOSDN-LFYBBSHMSA-N,CC1=C2COC(=O)C2=C(C(=C1OC)CC=C(C)CCC(=O)OC3C4=C(C(=CC(=C4)O)O)C(=O)OC3(C)O)O
FT_1.148_193.05068,Isoferulic acid,C10H10O4,L2.1,no,Organic compounds,Phenylpropanoids and polyketides,Cinnamic acids and derivatives,Hydroxycinnamic acids and derivatives,Hydroxycinnamic acids,736186,Isoferulic Acid,194.0579088,C10H10O4,"InChI=1S/C10H10O4/c1-14-9-4-2-7(6-8(9)11)3-5-10(12)13/h2-6,11H,1H3,(H,12,13)/b5-3+",QURCVMIEKCOAJU-HWKANZROSA-N,COC1=C(C=C(C=C1)C=CC(=O)O)O
FT_2.065_193.05064,Isoferulic acid,C10H10O4,L2.1,no,Organic compounds,Phenylpropanoids and polyketides,Cinnamic acids and derivatives,Hydroxycinnamic acids and derivatives,Hydroxycinnamic acids,736186,Isoferulic Acid,194.0579088,C10H10O4,"InChI=1S/C10H10O4/c1-14-9-4-2-7(6-8(9)11)3-5-10(12)13/h2-6,11H,1H3,(H,12,13)/b5-3+",QURCVMIEKCOAJU-HWKANZROSA-N,COC1=C(C=C(C=C1)C=CC(=O)O)O
FT_1.223_257.08202,Isorhapontigenin,C15H14O4,L2.1,no,Organic compounds,Phenylpropanoids and polyketides,Stilbenes,NA,NA,5318650,Isorhapontigenin,258.08920892,C15H14O4,"InChI=1S/C15H14O4/c1-19-15-8-10(4-5-14(15)18)2-3-11-6-12(16)9-13(17)7-11/h2-9,16-18H,1H3/b3-2+",ANNNBEZJTNCXHY-NSCUHMNNSA-N,COC1=C(C=CC(=C1)C=CC2=CC(=CC(=C2)O)O)O
FT_1.601_165.05563,Methyl 4-hydroxyphenylacetate,C9H10O3,L2.1,no,Organic compounds,Benzenoids,Phenols,1-hydroxy-2-unsubstituted benzenoids,NA,518900,"Benzeneacetic acid, 4-hydroxy-, methyl ester",166.062994177,C9H10O3,"InChI=1S/C9H10O3/c1-12-9(11)6-7-2-4-8(10)5-3-7/h2-5,10H,6H2,1H3",XGDZEDRBLVIUMX-UHFFFAOYSA-N,COC(=O)CC1=CC=C(C=C1)O
FT_3.025_147.06635,Mevalonic acid,C6H12O4,L2.1,no,Organic compounds,Lipids and lipid-like molecules,Fatty Acyls,Fatty acids and conjugates,Hydroxy fatty acids,449,Mevalonic Acid,148.07355886,C6H12O4,"InChI=1S/C6H12O4/c1-6(10,2-3-7)4-5(8)9/h7,10H,2-4H2,1H3,(H,8,9)",KJTLQQUUPVSXIM-UHFFFAOYSA-N,CC(CCO)(CC(=O)O)O
FT_1.139_405.09830,"2-(1,3-dimethyl-2,6-dioxopurin-7-yl)-N-[(4-sulfamoylphenyl)methyl]acetamide",C16H18N6O5S,L2.2,no,NA,NA,NA,NA,NA,NA,NA,NA,NA,NA,NA,NA
FT_1.434_345.09809,hamilcone,C18H18O7,L2.2,no,Organic compounds,Phenylpropanoids and polyketides,"Linear 1,3-diarylpropanoids",Chalcones and dihydrochalcones,2'-Hydroxychalcones,10688914,Hamilcone,346.10525291,C18H18O7,"InChI=1S/C18H18O7/c1-23-15-9-14(22)16(18(25-3)17(15)24-2)12(20)7-5-10-4-6-11(19)13(21)8-10/h4-9,19,21-22H,1-3H3/b7-5+",ZORDSTUSHFTNGS-FNORWQNLSA-N,COC1=C(C(=C(C(=C1)O)C(=O)C=CC2=CC(=C(C=C2)O)O)OC)OC
FT_1.208_469.18705,NP-005088,C26H32O9,L2.1,no,NA,NA,NA,NA,NA,NA,NA,NA,NA,NA,NA,NA
FT_14.571_333.05952,poly(galactosylglycerol phosphate),C9H19O11P,L2.2,no,NA,NA,NA,NA,NA,NA,NA,NA,NA,NA,NA,NA
FT_1.609_445.15069,"3-(Acetyloxy)-2-(3,4-dimethoxyphenyl)-7,8-dimethoxy-3,4-dihydro-2H-chromen-4-yl acetate",C23H26O9,L2.2,no,NA,NA,NA,NA,NA,NA,NA,NA,NA,NA,NA,NA
FT_1.046_465.15560,"N-{[(2R,3S,4R,5S)-3,4-Dihydroxy-5-{2-oxo-2-[4-(2-pyridinyl)-1-piperazinyl]ethyl}tetrahydro-2-furanyl]methyl}-2-furamide",C21H26N4O6,L2.1,no,NA,NA,NA,NA,NA,NA,NA,NA,NA,NA,NA,NA
FT_1.390_277.07177,[2-[3-(2-Acetyloxyacetyl)phenyl]-2-oxoethyl] acetate,C14H14O6,L2.2,no,NA,NA,NA,NA,NA,NA,NA,NA,NA,NA,NA,NA
FT_1.188_269.04556,"1,3,8-trihydroxy-6-methyl-anthracene-9,10-dione",C15H10O5,L2.2,no,Organic compounds,Benzenoids,Anthracenes,Anthraquinones,Hydroxyanthraquinones,3220,Emodin,270.05282342,C15H10O5,"InChI=1S/C15H10O5/c1-6-2-8-12(10(17)3-6)15(20)13-9(14(8)19)4-7(16)5-11(13)18/h2-5,16-18H,1H3",RHMXXJGYXNZAPX-UHFFFAOYSA-N,CC1=CC2=C(C(=C1)O)C(=O)C3=C(C2=O)C=C(C=C3O)O
FT_1.535_351.14519,Coriandrone D,C18H24O7,L2.2,no,Organic compounds,Organoheterocyclic compounds,Benzopyrans,2-benzopyrans,NA,101995281,CID 101995281,352.1522031,C18H24O7,"InChI=1S/C18H24O7/c1-9-6-11-7-13(23-5)12(16(20)15(11)17(21)24-9)8-14(18(3,4)22)25-10(2)19/h7,9,14,20,22H,6,8H2,1-5H3/t9-,14?/m0/s1",ZSKZYWHCOISHNI-CUVJYRNJSA-N,CC1CC2=CC(=C(C(=C2C(=O)O1)O)CC(C(C)(C)O)OC(=O)C)OC
FT_1.535_351.14519,Coriandrone D,C18H24O7,L2.2,no,Organic compounds,Organoheterocyclic compounds,Benzopyrans,2-benzopyrans,NA,131750936,Coriandrone D,352.1522031,C18H24O7,"InChI=1S/C18H24O7/c1-9-6-11-7-13(23-5)12(16(20)15(11)17(21)24-9)8-14(18(3,4)22)25-10(2)19/h7,9,14,20,22H,6,8H2,1-5H3",ZSKZYWHCOISHNI-UHFFFAOYSA-N,CC1CC2=CC(=C(C(=C2C(=O)O1)O)CC(C(C)(C)O)OC(=O)C)OC
FT_1.535_351.14519,Coriandrone D,C18H24O7,L2.2,no,Organic compounds,Organoheterocyclic compounds,Benzopyrans,2-benzopyrans,NA,101995281,CID 101995281,352.1522031,C18H24O7,"InChI=1S/C18H24O7/c1-9-6-11-7-13(23-5)12(16(20)15(11)17(21)24-9)8-14(18(3,4)22)25-10(2)19/h7,9,14,20,22H,6,8H2,1-5H3/t9-,14?/m0/s1",ZSKZYWHCOISHNI-CUVJYRNJSA-N,CC1CC2=CC(=C(C(=C2C(=O)O1)O)CC(C(C)(C)O)OC(=O)C)OC
FT_1.535_351.14519,Coriandrone D,C18H24O7,L2.2,no,Organic compounds,Organoheterocyclic compounds,Benzopyrans,2-benzopyrans,NA,131750936,Coriandrone D,352.1522031,C18H24O7,"InChI=1S/C18H24O7/c1-9-6-11-7-13(23-5)12(16(20)15(11)17(21)24-9)8-14(18(3,4)22)25-10(2)19/h7,9,14,20,22H,6,8H2,1-5H3",ZSKZYWHCOISHNI-UHFFFAOYSA-N,CC1CC2=CC(=C(C(=C2C(=O)O1)O)CC(C(C)(C)O)OC(=O)C)OC
FT_1.670_281.10327,Gonioheptolide A,C14H18O6,L2.2,no,Organic compounds,Organic oxygen compounds,Organooxygen compounds,Carbohydrates and carbohydrate conjugates,Glycosyl compounds,9993900,Gonioheptolide A,282.11033829,C14H18O6,"InChI=1S/C14H18O6/c1-19-10(16)7-9(15)14-12(18)11(17)13(20-14)8-5-3-2-4-6-8/h2-6,9,11-15,17-18H,7H2,1H3/t9-,11+,12+,13-,14+/m1/s1",YCKKAXDZPAQYOF-YTLQFRNZSA-N,COC(=O)CC(C1C(C(C(O1)C2=CC=CC=C2)O)O)O
FT_1.387_357.13459,NP-003433,C20H22O6,L2.1,no,NA,NA,NA,NA,NA,NA,NA,NA,NA,NA,NA,NA
FT_1.285_313.23864,12(13)-DiHOME,C18H34O4,L2.1,no,NA,NA,NA,NA,NA,NA,NA,NA,NA,NA,NA,NA
FT_1.463_459.12991,embigenin,C23H24O10,L2.2,no,Organic compounds,Phenylpropanoids and polyketides,Flavonoids,Flavonoid glycosides,Flavonoid C-glycosides,44258367,Embigenin,460.13694696,C23H24O10,"InChI=1S/C23H24O10/c1-30-11-5-3-10(4-6-11)13-7-12(25)17-15(32-13)8-14(31-2)18(20(17)27)23-22(29)21(28)19(26)16(9-24)33-23/h3-8,16,19,21-24,26-29H,9H2,1-2H3/t16?,19-,21+,22?,23+/m1/s1",AMNQXXJPHNXOHG-CBIHESCMSA-N,COC1=CC=C(C=C1)C2=CC(=O)C3=C(C(=C(C=C3O2)OC)C4C(C(C(C(O4)CO)O)O)O)O
FT_1.669_387.18144,NP-018946,C21H26O4,L2.1,no,NA,NA,NA,NA,NA,NA,NA,NA,NA,NA,NA,NA
FT_1.176_443.13501,NP-020236,C23H24O9,L2.1,no,NA,NA,NA,NA,NA,NA,NA,NA,NA,NA,NA,NA
FT_1.348_443.13495,NP-020236,C23H24O9,L2.1,no,NA,NA,NA,NA,NA,NA,NA,NA,NA,NA,NA,NA
FT_13.222_411.11466,"(2R,3R,4R,5R)-5-[[(2S,3R,4R,5R)-3,4-dihydroxy-5-[[(2S,3R,4R,5R)-3,4,5-trihydroxyoxolan-2-yl]methoxy]oxolan-2-yl]methoxy]-3,4-dihydroxyoxolane-2-carbaldehyde",C15H24O13,L2.2,no,NA,NA,NA,NA,NA,NA,NA,NA,NA,NA,NA,NA
FT_2.097_187.06118,NP-022068,C8H12O5,L2.1,no,NA,NA,NA,NA,NA,NA,NA,NA,NA,NA,NA,NA
FT_2.326_187.06115,NP-022068,C8H12O5,L2.1,no,NA,NA,NA,NA,NA,NA,NA,NA,NA,NA,NA,NA
FT_2.430_187.06117,NP-022068,C8H12O5,L2.1,no,NA,NA,NA,NA,NA,NA,NA,NA,NA,NA,NA,NA
FT_1.317_297.15305,2-Decylbenzenesulfonate,C16H25O3S-,L2.1,no,NA,NA,NA,NA,NA,21933448,2-Decylbenzenesulfonate,297.15244083,C16H25O3S-,"InChI=1S/C16H26O3S/c1-2-3-4-5-6-7-8-9-12-15-13-10-11-14-16(15)20(17,18)19/h10-11,13-14H,2-9,12H2,1H3,(H,17,18,19)/p-1",UAZLASMTBCLJKO-UHFFFAOYSA-M,CCCCCCCCCCC1=CC=CC=C1S(=O)(=O)[O-]
FT_10.119_171.07747,Prolylglycine,C7H12N2O3,L2.1,no,Organic compounds,Organic acids and derivatives,Carboxylic acids and derivatives,"Amino acids, peptides, and analogues",Peptides,6426709,L-Prolylglycine,172.08479225,C7H12N2O3,"InChI=1S/C7H12N2O3/c10-6(11)4-9-7(12)5-2-1-3-8-5/h5,8H,1-4H2,(H,9,12)(H,10,11)/t5-/m0/s1",RNKSNIBMTUYWSH-YFKPBYRVSA-N,C1CC(NC1)C(=O)NCC(=O)O
FT_2.111_211.06111,Propyl gallate,C10H12O5,L2.1,no,Organic compounds,Benzenoids,Benzene and substituted derivatives,Benzoic acids and derivatives,Hydroxybenzoic acid derivatives,4947,Propyl Gallate,212.06847348,C10H12O5,"InChI=1S/C10H12O5/c1-2-3-15-10(14)6-4-7(11)9(13)8(12)5-6/h4-5,11-13H,2-3H2,1H3",ZTHYODDOHIVTJV-UHFFFAOYSA-N,CCCOC(=O)C1=CC(=C(C(=C1)O)O)O
FT_2.459_211.06108,Propyl gallate,C10H12O5,L2.1,no,Organic compounds,Benzenoids,Benzene and substituted derivatives,Benzoic acids and derivatives,Hydroxybenzoic acid derivatives,4947,Propyl Gallate,212.06847348,C10H12O5,"InChI=1S/C10H12O5/c1-2-3-15-10(14)6-4-7(11)9(13)8(12)5-6/h4-5,11-13H,2-3H2,1H3",ZTHYODDOHIVTJV-UHFFFAOYSA-N,CCCOC(=O)C1=CC(=C(C(=C1)O)O)O
FT_1.543_349.20212,Prostaglandin K2,C20H30O5,L2.1,no,Organic compounds,Lipids and lipid-like molecules,Fatty Acyls,Eicosanoids,Prostaglandins and related compounds,5283037,Prostaglandin K2,350.20932405,C20H30O5,"InChI=1S/C20H30O5/c1-2-3-6-9-15(21)12-13-17-16(18(22)14-19(17)23)10-7-4-5-8-11-20(24)25/h4,7,12-13,15-17,21H,2-3,5-6,8-11,14H2,1H3,(H,24,25)/b7-4-,13-12+/t15-,16+,17+/m0/s1",LGMXPVXJSFPPTQ-DJUJBXLVSA-N,CCCCCC(C=CC1C(C(=O)CC1=O)CC=CCCCC(=O)O)O
FT_12.842_443.14080,Tetracycline,C22H24N2O8,L2.1,no,Organic compounds,Phenylpropanoids and polyketides,Tetracyclines,NA,NA,54675776,Tetracycline,444.15326573,C22H24N2O8,"InChI=1S/C22H24N2O8/c1-21(31)8-5-4-6-11(25)12(8)16(26)13-9(21)7-10-15(24(2)3)17(27)14(20(23)30)19(29)22(10,32)18(13)28/h4-6,9-10,15,25-26,29,31-32H,7H2,1-3H3,(H2,23,30)/t9-,10-,15-,21+,22-/m0/s1",NWXMGUDVXFXRIG-WESIUVDSSA-N,CC1(C2CC3C(C(=O)C(=C(C3(C(=O)C2=C(C4=C1C=CC=C4O)O)O)O)C(=O)N)N(C)C)O
FT_1.467_223.06110,Trinexapac,C11H12O5,L2.1,no,Organic compounds,Organic acids and derivatives,Vinylogous acids,NA,NA,14371531,Trinexapac,224.06847348,C11H12O5,"InChI=1S/C11H12O5/c12-7-3-6(11(15)16)4-8(13)9(7)10(14)5-1-2-5/h5-6,14H,1-4H2,(H,15,16)",DFFWZNDCNBOKDI-UHFFFAOYSA-N,C1CC1C(=C2C(=O)CC(CC2=O)C(=O)O)O
FT_2.417_167.03494,Vanillic acid,C8H8O4,L2.1,no,Organic compounds,Benzenoids,Benzene and substituted derivatives,Benzoic acids and derivatives,Methoxybenzoic acids and derivatives,8468,Vanillic Acid,168.04225873,C8H8O4,"InChI=1S/C8H8O4/c1-12-7-4-5(8(10)11)2-3-6(7)9/h2-4,9H,1H3,(H,10,11)",WKOLLVMJNQIZCI-UHFFFAOYSA-N,COC1=C(C=CC(=C1)C(=O)O)O
FT_1.584_177.05573,coniferaldehyde,C10H10O3,L2.2,no,Organic compounds,Benzenoids,Phenols,Methoxyphenols,NA,5280536,Coniferaldehyde,178.062994177,C10H10O3,"InChI=1S/C10H10O3/c1-13-10-7-8(3-2-6-11)4-5-9(10)12/h2-7,12H,1H3/b3-2+",DKZBBWMURDFHNE-NSCUHMNNSA-N,COC1=C(C=CC(=C1)C=CC=O)O
FT_1.322_183.10268,Ieodomycin D,C10H16O3,L2.2,no,Organic compounds,Lipids and lipid-like molecules,Fatty Acyls,Fatty acids and conjugates,Medium-chain fatty acids,53387507,Ieodomycin D,184.109944368,C10H16O3,"InChI=1S/C10H16O3/c1-9(11)7-5-3-2-4-6-8-10(12)13/h2,4,6,8-9,11H,3,5,7H2,1H3,(H,12,13)/b4-2+,8-6+/t9-/m1/s1",BUNUAXLBBKVLBE-WMCYJUNYSA-N,CC(CCCC=CC=CC(=O)O)O
FT_2.691_273.07284,[Similar to: 2'-Deoxyuridine; ΔMass: 0.0000 Da],C9H12N2O5,L2.2,no,NA,NA,NA,NA,NA,NA,NA,NA,NA,NA,NA,NA
FT_12.351_317.05494,glyceryl sulfoquinovoside,C9H18O10S,L2.2,no,Organic compounds,Lipids and lipid-like molecules,Glycerolipids,Glycosylglycerols,NA,192765,"2,3-Dihydroxypropyl 6-deoxy-6-sulfo-alpha-D-glucopyranoside",318.06206794,C9H18O10S,"InChI=1S/C9H18O10S/c10-1-4(11)2-18-9-8(14)7(13)6(12)5(19-9)3-20(15,16)17/h4-14H,1-3H2,(H,15,16,17)/t4?,5-,6-,7+,8-,9+/m1/s1",JTXHNMDHGMNPEG-TTWCUHKNSA-N,C(C1C(C(C(C(O1)OCC(CO)O)O)O)O)S(=O)(=O)O
FT_1.615_267.16035,Waraterpol,C15H24O4,L2.2,no,Organic compounds,Lipids and lipid-like molecules,Prenol lipids,Sesquiterpenoids,NA,21635171,Waraterpol,268.16745924,C15H24O4,"InChI=1S/C15H24O4/c1-11(9-16)4-3-7-15(2,19)13-6-5-12(10-17)8-14(13)18/h5-6,8,11,16-19H,3-4,7,9-10H2,1-2H3",GLOLSSXWFHDYIK-UHFFFAOYSA-N,CC(CCCC(C)(C1=C(C=C(C=C1)CO)O)O)CO
FT_1.628_337.12961,"[(3aS,4R,5R,6S,6aR,8R,9bS)-5,6,8-trihydroxy-6,9-dimethyl-3-methylidene-2-oxo-4,5,6a,7,8,9b-hexahydro-3aH-azuleno[4,5-b]furan-4-yl] acetate",C17H22O7,L2.2,no,NA,NA,NA,NA,NA,NA,NA,NA,NA,NA,NA,NA
FT_1.640_223.02477,Dehydrochorismic acid,C10H8O6,L2.2,no,Organic compounds,Benzenoids,Benzene and substituted derivatives,Phenoxyacetic acid derivatives,NA,9920917,3-((1-Carboxyethenyl)oxy)-4-hydroxybenzoic acid,224.03208797,C10H8O6,"InChI=1S/C10H8O6/c1-5(9(12)13)16-8-4-6(10(14)15)2-3-7(8)11/h2-4,11H,1H2,(H,12,13)(H,14,15)",LKNPFOZIOWXDQS-UHFFFAOYSA-N,C=C(C(=O)O)OC1=C(C=CC(=C1)C(=O)O)O
FT_1.770_263.05617,Penicimarin E,C13H12O6,L2.2,no,Organic compounds,Phenylpropanoids and polyketides,Isocoumarins and derivatives,NA,NA,71664848,Penicimarin E,264.0633881,C13H12O6,"InChI=1S/C13H12O6/c1-6-10(5-18-7(2)14)9-3-8(15)4-11(16)12(9)13(17)19-6/h3-4,15-16H,5H2,1-2H3",FTNRNAIIBOEQPZ-UHFFFAOYSA-N,CC1=C(C2=C(C(=CC(=C2)O)O)C(=O)O1)COC(=O)C
FT_12.209_387.11466,beta1-6Galactobiose,C12H22O11,L2.2,no,Organic compounds,Lipids and lipid-like molecules,Fatty Acyls,Fatty acyl glycosides,Fatty acyl glycosides of mono- and disaccharides,219994,6-O-Hexopyranosylhexose,342.11621151,C12H22O11,"InChI=1S/C12H22O11/c13-1-4(15)7(17)8(18)5(16)3-22-12-11(21)10(20)9(19)6(2-14)23-12/h1,4-12,14-21H,2-3H2",AYRXSINWFIIFAE-UHFFFAOYSA-N,C(C1C(C(C(C(O1)OCC(C(C(C(C=O)O)O)O)O)O)O)O)O
FT_12.841_511.12815,"[Similar to: N-[4-(2-Anilino-2-oxoethyl)-7-hydroxy-8-(hydroxymethyl)-4a,8-dimethyl-4,4a,5,6,7,8,8a,9-octahydronaphtho[2,3-d][1,3]thiazol-2-yl]-4-fluorobenzamide; ΔMass: -25.0743 Da]",C19H28O16,L2.2,no,NA,NA,NA,NA,NA,NA,NA,NA,NA,NA,NA,NA
FT_2.628_205.01382,7-Hydroxy-2-oxo-2H-chromene-6-carboxylic acid,C10H6O5,L2.2,no,Organic compounds,Phenylpropanoids and polyketides,Coumarins and derivatives,Hydroxycoumarins,7-hydroxycoumarins,14189622,7-Hydroxy-2-oxo-2H-chromene-6-carboxylic acid,206.02152329,C10H6O5,"InChI=1S/C10H6O5/c11-7-4-8-5(1-2-9(12)15-8)3-6(7)10(13)14/h1-4,11H,(H,13,14)",SSYRTNYKCKNPJB-UHFFFAOYSA-N,C1=CC(=O)OC2=CC(=C(C=C21)C(=O)O)O
FT_1.158_235.06121,O-acetylferulic acid,C12H12O5,L2.2,no,Organic compounds,Phenylpropanoids and polyketides,Cinnamic acids and derivatives,Hydroxycinnamic acids and derivatives,Coumaric acids and derivatives,5354677,"2-Propenoic acid, 3-[4-(acetyloxy)-3-methoxyphenyl]-",236.06847348,C12H12O5,"InChI=1S/C12H12O5/c1-8(13)17-10-5-3-9(4-6-12(14)15)7-11(10)16-2/h3-7H,1-2H3,(H,14,15)/b6-4+",IHKNVZISLLDMOR-GQCTYLIASA-N,CC(=O)OC1=C(C=C(C=C1)C=CC(=O)O)OC
FT_1.268_413.12484,[Similar to: Prednisone; ΔMass: 55.9541 Da],C23H18N4O4,L2.2,no,NA,NA,NA,NA,NA,NA,NA,NA,NA,NA,NA,NA
FT_1.309_413.19722,[Similar to: Prednisone; ΔMass: 56.0265 Da],C17H32N6O2P2,L2.2,no,NA,NA,NA,NA,NA,NA,NA,NA,NA,NA,NA,NA
FT_1.321_413.23379,[Similar to: Prednisone; ΔMass: 56.0630 Da],C25H34O5,L2.2,no,NA,NA,NA,NA,NA,NA,NA,NA,NA,NA,NA,NA
FT_2.236_179.07135,3-(2-Methoxyphenyl)propanoic acid,C10H12O3,L2.2,no,Organic compounds,Phenylpropanoids and polyketides,Phenylpropanoic acids,NA,NA,80652,3-(o-Methoxyphenyl)propionic acid,180.078644241,C10H12O3,"InChI=1S/C10H12O3/c1-13-9-5-3-2-4-8(9)6-7-10(11)12/h2-5H,6-7H2,1H3,(H,11,12)",XSZSNLOPIWWFHS-UHFFFAOYSA-N,COC1=CC=CC=C1CCC(=O)O
FT_1.111_337.10853,"(E)-1-(5,7-dihydroxy-2,2-dimethylchromen-6-yl)-3-(4-hydroxyphenyl)prop-2-en-1-one",C20H18O5,L2.3,no,NA,NA,NA,NA,NA,NA,NA,NA,NA,NA,NA,NA
FT_1.119_409.12982,Rotenalone,C23H22O7,L2.3,no,Organic compounds,Phenylpropanoids and polyketides,Isoflavonoids,Rotenoids,Rotenones,68184,12A-Hydroxyrotenone,410.13655304,C23H22O7,"InChI=1S/C23H22O7/c1-11(2)16-7-13-15(29-16)6-5-12-21(13)30-20-10-28-17-9-19(27-4)18(26-3)8-14(17)23(20,25)22(12)24/h5-6,8-9,16,20,25H,1,7,10H2,2-4H3/t16-,20-,23-/m1/s1",JFVKWCYZKMUTLH-AYPBNUJASA-N,CC(=C)C1CC2=C(O1)C=CC3=C2OC4COC5=CC(=C(C=C5C4(C3=O)O)OC)OC
FT_1.131_217.05048,8-acetyl-7-hydroxy-4-methyl-chromen-2-one,C12H10O4,L2.3,no,Organic compounds,Phenylpropanoids and polyketides,Coumarins and derivatives,Hydroxycoumarins,7-hydroxycoumarins,5324648,8-Acetyl-7-hydroxy-4-methylcoumarin,218.0579088,C12H10O4,"InChI=1S/C12H10O4/c1-6-5-10(15)16-12-8(6)3-4-9(14)11(12)7(2)13/h3-5,14H,1-2H3",WZOMQVFUPMLOGT-UHFFFAOYSA-N,CC1=CC(=O)OC2=C1C=CC(=C2C(=O)C)O
FT_1.184_411.10883,"6-acetyl-13-hydroxy-16,17-dimethoxy-2,7,20-trioxapentacyclo[11.8.0.0^{3,11}.0^{4,8}.0^{14,19}]henicosa-3,8,10,14(19),15,17-hexaen-12-one",C22H20O8,L2.3,no,NA,NA,NA,NA,NA,NA,NA,NA,NA,NA,NA,NA
FT_1.225_339.12397,6-Prenylnaringenin,C20H20O5,L2.3,no,Organic compounds,Phenylpropanoids and polyketides,Flavonoids,Flavans,6-prenylated flavans,155094,6-Prenylnaringenin,340.13107373,C20H20O5,"InChI=1S/C20H20O5/c1-11(2)3-8-14-15(22)9-18-19(20(14)24)16(23)10-17(25-18)12-4-6-13(21)7-5-12/h3-7,9,17,21-22,24H,8,10H2,1-2H3/t17-/m0/s1",YHWNASRGLKJRJJ-KRWDZBQOSA-N,CC(=CCC1=C(C2=C(C=C1O)OC(CC2=O)C3=CC=C(C=C3)O)O)C
FT_1.230_387.07246,9'-Methylprotocetraric acid,C19H16O9,L2.3,no,Organic compounds,Phenylpropanoids and polyketides,Depsides and depsidones,NA,NA,138756195,9'-Methylprotocetraric acid,388.07943208,C19H16O9,"InChI=1S/C19H16O9/c1-7-4-11(21)9(5-20)16-12(7)19(25)28-17-10(6-26-3)14(22)13(18(23)24)8(2)15(17)27-16/h4-5,21-22H,6H2,1-3H3,(H,23,24)",IJJZZLYYFYYEHT-UHFFFAOYSA-N,CC1=CC(=C(C2=C1C(=O)OC3=C(O2)C(=C(C(=C3COC)O)C(=O)O)C)C=O)O
FT_1.250_233.04553,Hexaketide pyrone,C12H10O5,L2.3,no,Organic compounds,Benzenoids,Phenols,Benzenediols,Resorcinols,54750156,Hexaketide pyrone,233.04499838,C12H9O5-,"InChI=1S/C12H10O5/c1-6-2-7(13)3-9(15)12(6)10-4-8(14)5-11(16)17-10/h2-5,13-15H,1H3/p-1",PNZHRLSVSIGZON-UHFFFAOYSA-M,CC1=CC(=CC(=C1C2=CC(=CC(=O)O2)O)[O-])O
FT_1.277_411.10877,"6-acetyl-13-hydroxy-16,17-dimethoxy-2,7,20-trioxapentacyclo[11.8.0.0^{3,11}.0^{4,8}.0^{14,19}]henicosa-3,8,10,14(19),15,17-hexaen-12-one",C22H20O8,L2.3,no,NA,NA,NA,NA,NA,NA,NA,NA,NA,NA,NA,NA
FT_1.286_373.09304,Clinopodic Acid B,C19H18O8,L2.3,no,Organic compounds,Phenylpropanoids and polyketides,Cinnamic acids and derivatives,Hydroxycinnamic acids and derivatives,Coumaric acids and derivatives,44254692,Clinopodic Acid B,374.10016753,C19H18O8,"InChI=1S/C19H18O8/c1-26-16-9-12(3-6-14(16)21)10-17(19(24)25)27-18(23)7-4-11-2-5-13(20)15(22)8-11/h2-9,17,20-22H,10H2,1H3,(H,24,25)/b7-4+/t17-/m1/s1",NFSDQICEPLDULQ-BBOMDTFKSA-N,COC1=C(C=CC(=C1)CC(C(=O)O)OC(=O)C=CC2=CC(=C(C=C2)O)O)O
FT_1.287_359.07738,(R)-rosmarinate,C18H16O8,L2.3,no,Organic compounds,Phenylpropanoids and polyketides,Cinnamic acids and derivatives,Hydroxycinnamic acids and derivatives,Coumaric acids and derivatives,25245604,(R)-rosmarinate,359.07669243,C18H15O8-,"InChI=1S/C18H16O8/c19-12-4-1-10(7-14(12)21)3-6-17(23)26-16(18(24)25)9-11-2-5-13(20)15(22)8-11/h1-8,16,19-22H,9H2,(H,24,25)/p-1/b6-3+/t16-/m1/s1",DOUMFZQKYFQNTF-WUTVXBCWSA-M,C1=CC(=C(C=C1CC(C(=O)[O-])OC(=O)C=CC2=CC(=C(C=C2)O)O)O)O
FT_1.300_263.05622,8-Acetyl-7-deuteriooxy-4-methylchromen-2-one,C12H10O4,L2.3,no,Organic compounds,Phenylpropanoids and polyketides,Coumarins and derivatives,Hydroxycoumarins,7-hydroxycoumarins,21629327,8-Acetyl-7-deuteriooxy-4-methylchromen-2-one,219.06418554,C12H10O4,"InChI=1S/C12H10O4/c1-6-5-10(15)16-12-8(6)3-4-9(14)11(12)7(2)13/h3-5,14H,1-2H3/i/hD",WZOMQVFUPMLOGT-DYCDLGHISA-N,CC1=CC(=O)OC2=C1C=CC(=C2C(=O)C)O
FT_1.341_319.11885,mycophenolate,NA,L4,no,Organic compounds,Organoheterocyclic compounds,Isocoumarans,Isobenzofuranones,Phthalides,6918995,Mycophenolate,319.11816332,C17H19O6-,"InChI=1S/C17H20O6/c1-9(5-7-13(18)19)4-6-11-15(20)14-12(8-23-17(14)21)10(2)16(11)22-3/h4,20H,5-8H2,1-3H3,(H,18,19)/p-1/b9-4+",HPNSFSBZBAHARI-RUDMXATFSA-M,CC1=C2COC(=O)C2=C(C(=C1OC)CC=C(C)CCC(=O)[O-])O
FT_1.342_181.08697,dihydroconiferyl alcohol,C10H14O3,L2.3,no,Organic compounds,Benzenoids,Phenols,Methoxyphenols,NA,16822,Dihydroconiferyl alcohol,182.094294304,C10H14O3,"InChI=1S/C10H14O3/c1-13-10-7-8(3-2-6-11)4-5-9(10)12/h4-5,7,11-12H,2-3,6H2,1H3",MWOMNLDJNQWJMK-UHFFFAOYSA-N,COC1=C(C=CC(=C1)CCCO)O
FT_1.343_409.12946,Rotenalone,C23H22O7,L2.3,no,Organic compounds,Phenylpropanoids and polyketides,Isoflavonoids,Rotenoids,Rotenones,68184,12A-Hydroxyrotenone,410.13655304,C23H22O7,"InChI=1S/C23H22O7/c1-11(2)16-7-13-15(29-16)6-5-12-21(13)30-20-10-28-17-9-19(27-4)18(26-3)8-14(17)23(20,25)22(12)24/h5-6,8-9,16,20,25H,1,7,10H2,2-4H3/t16-,20-,23-/m1/s1",JFVKWCYZKMUTLH-AYPBNUJASA-N,CC(=C)C1CC2=C(O1)C=CC3=C2OC4COC5=CC(=C(C=C5C4(C3=O)O)OC)OC
FT_1.368_425.12456,villosinol,NA,L4,no,Organic compounds,Phenylpropanoids and polyketides,Isoflavonoids,Rotenoids,Rotenones,14704458,Villosinol,426.13146766,C23H22O8,"InChI=1S/C23H22O8/c1-10(2)14-5-11-15(30-14)7-13(24)20-21(11)31-19-9-29-16-8-18(28-4)17(27-3)6-12(16)23(19,26)22(20)25/h6-8,14,19,24,26H,1,5,9H2,2-4H3",JCJPVNDLAAXNEX-UHFFFAOYSA-N,CC(=C)C1CC2=C(O1)C=C(C3=C2OC4COC5=CC(=C(C=C5C4(C3=O)O)OC)OC)O
FT_1.376_291.08756,Lachnone C,C15H16O6,L2.3,no,Organic compounds,Organoheterocyclic compounds,Benzopyrans,1-benzopyrans,Chromones,11536624,Lachnone C,292.09468823,C15H16O6,"InChI=1S/C15H16O6/c1-15(12-2-3-13(19)20-12)6-10(18)14-9(17)4-8(7-16)5-11(14)21-15/h4-5,12,16-17H,2-3,6-7H2,1H3/t12-,15+/m0/s1",UTMLPTPULBHGMZ-SWLSCSKDSA-N,CC1(CC(=O)C2=C(C=C(C=C2O1)CO)O)C3CCC(=O)O3
FT_1.443_375.07241,Decarboxythamnolic acid,C18H16O9,L2.3,no,Organic compounds,Phenylpropanoids and polyketides,Depsides and depsidones,NA,NA,13387679,Decarboxythamnolic acid,376.07943208,C18H16O9,"InChI=1S/C18H16O9/c1-7-5-11(26-3)13(17(23)24)15(22)12(7)18(25)27-16-8(2)4-10(20)9(6-19)14(16)21/h4-6,20-22H,1-3H3,(H,23,24)",JQHGZAGUFPJYDL-UHFFFAOYSA-N,CC1=CC(=C(C(=C1OC(=O)C2=C(C(=C(C=C2C)OC)C(=O)O)O)O)C=O)O
FT_1.453_209.04535,Methyl Haematommate,C10H10O5,L2.3,no,Organic compounds,Benzenoids,Benzene and substituted derivatives,Benzoic acids and derivatives,Benzoic acid esters,591773,Methyl Haematommate,210.05282342,C10H10O5,"InChI=1S/C10H10O5/c1-5-3-7(12)6(4-11)9(13)8(5)10(14)15-2/h3-4,12-13H,1-2H3",PXFMUVDLJWXOQM-UHFFFAOYSA-N,CC1=CC(=C(C(=C1C(=O)OC)O)C=O)O
FT_1.554_225.04041,caffeate,C9H8O4,L2.3,no,Organic compounds,Phenylpropanoids and polyketides,Cinnamic acids and derivatives,Hydroxycinnamic acids and derivatives,Hydroxycinnamic acids,689043,Caffeic Acid,180.04225873,C9H8O4,"InChI=1S/C9H8O4/c10-7-3-1-6(5-8(7)11)2-4-9(12)13/h1-5,10-11H,(H,12,13)/b4-2+",QAIPRVGONGVQAS-DUXPYHPUSA-N,C1=CC(=C(C=C1C=CC(=O)O)O)O
FT_1.554_225.04041,caffeate,C9H8O4,L2.3,no,Organic compounds,Phenylpropanoids and polyketides,Cinnamic acids and derivatives,Hydroxycinnamic acids and derivatives,Hydroxycinnamic acids,1549111,"caffeic acid, (Z)-",180.04225873,C9H8O4,"InChI=1S/C9H8O4/c10-7-3-1-6(5-8(7)11)2-4-9(12)13/h1-5,10-11H,(H,12,13)/b4-2-",QAIPRVGONGVQAS-RQOWECAXSA-N,C1=CC(=C(C=C1C=CC(=O)O)O)O
FT_1.554_225.04041,caffeate,C9H8O4,L2.3,no,Organic compounds,Phenylpropanoids and polyketides,Cinnamic acids and derivatives,Hydroxycinnamic acids and derivatives,Hydroxycinnamic acids,689043,Caffeic Acid,180.04225873,C9H8O4,"InChI=1S/C9H8O4/c10-7-3-1-6(5-8(7)11)2-4-9(12)13/h1-5,10-11H,(H,12,13)/b4-2+",QAIPRVGONGVQAS-DUXPYHPUSA-N,C1=CC(=C(C=C1C=CC(=O)O)O)O
FT_1.554_225.04041,caffeate,C9H8O4,L2.3,no,Organic compounds,Phenylpropanoids and polyketides,Cinnamic acids and derivatives,Hydroxycinnamic acids and derivatives,Hydroxycinnamic acids,1549111,"caffeic acid, (Z)-",180.04225873,C9H8O4,"InChI=1S/C9H8O4/c10-7-3-1-6(5-8(7)11)2-4-9(12)13/h1-5,10-11H,(H,12,13)/b4-2-",QAIPRVGONGVQAS-RQOWECAXSA-N,C1=CC(=C(C=C1C=CC(=O)O)O)O
FT_1.652_219.02972,7-Hydroxycoumarin-4-acetic acid,C11H8O5,L2.3,no,Organic compounds,Phenylpropanoids and polyketides,Coumarins and derivatives,Hydroxycoumarins,7-hydroxycoumarins,5338490,7-Hydroxycoumarin-4-acetic acid,220.03717335,C11H8O5,"InChI=1S/C11H8O5/c12-7-1-2-8-6(3-10(13)14)4-11(15)16-9(8)5-7/h1-2,4-5,12H,3H2,(H,13,14)",BNHPMQBVNXMPDU-UHFFFAOYSA-N,C1=CC2=C(C=C1O)OC(=O)C=C2CC(=O)O
FT_1.663_445.22349,"[(2R,3R,4aR,7S,8R,8aR)-7'-formyl-3,4'-dihydroxy-6'-(hydroxymethyl)-4,4,7,8a-tetramethylspiro[2,3,4a,5,6,7-hexahydro-1H-naphthalene-8,2'-3H-1-benzofuran]-2-yl] acetate",C25H34O7,L2.3,no,NA,NA,NA,NA,NA,NA,NA,NA,NA,NA,NA,NA
FT_1.664_343.15524,"(1S,9R,10R)-3,4-dihydroxy-11,11-dimethyl-5-propan-2-yl-16-oxatetracyclo[7.5.2.01,10.02,7]hexadeca-2,4,6-triene-8,15-dione",C20H24O5,L2.3,no,NA,NA,NA,NA,NA,NA,NA,NA,NA,NA,NA,NA
FT_1.668_267.08740,"1-(2,4-Dimethoxyphenyl)butane-1,3-dione",C12H14O4,L2.3,no,Organic compounds,Organic oxygen compounds,Organooxygen compounds,Carbonyl compounds,Ketones,2749722,"1-(2,4-Dimethoxyphenyl)butane-1,3-dione",222.08920892,C12H14O4,"InChI=1S/C12H14O4/c1-8(13)6-11(14)10-5-4-9(15-2)7-12(10)16-3/h4-5,7H,6H2,1-3H3",AGKXFNIJKRGQMC-UHFFFAOYSA-N,CC(=O)CC(=O)C1=C(C=C(C=C1)OC)OC
FT_1.669_251.05608,"Cinnamic acid, p-hydroxy-, acetate",C11H10O4,L2.3,no,Organic compounds,Phenylpropanoids and polyketides,Cinnamic acids and derivatives,Cinnamic acids,NA,85857,"Cinnamic acid, p-hydroxy-, acetate",206.0579088,C11H10O4,"InChI=1S/C11H10O4/c1-8(12)15-10-5-2-9(3-6-10)4-7-11(13)14/h2-7H,1H3,(H,13,14)",BYHBHNKBISXCEP-UHFFFAOYSA-N,CC(=O)OC1=CC=C(C=C1)C=CC(=O)O
FT_1.670_181.05059,"1-(2,3-Dihydroxy-4-methoxyphenyl)ethanone",C9H10O4,L2.3,no,Organic compounds,Organic oxygen compounds,Organooxygen compounds,Carbonyl compounds,Ketones,12820,"2,3-Dihydroxy-4-Methoxyacetophenone",182.0579088,C9H10O4,"InChI=1S/C9H10O4/c1-5(10)6-3-4-7(13-2)9(12)8(6)11/h3-4,11-12H,1-2H3",VCONERRCKOKCHE-UHFFFAOYSA-N,CC(=O)C1=C(C(=C(C=C1)OC)O)O
FT_1.675_207.06611,"1-(2,4-Dihydroxy-6-methoxyphenyl)but-2-en-1-one",C11H12O4,L2.3,no,Organic compounds,Benzenoids,Phenols,Methoxyphenols,NA,74959453,"1-(2,4-Dihydroxy-6-methoxyphenyl)but-2-en-1-one",208.07355886,C11H12O4,"InChI=1S/C11H12O4/c1-3-4-8(13)11-9(14)5-7(12)6-10(11)15-2/h3-6,12,14H,1-2H3",SVULEUWXODTMQK-UHFFFAOYSA-N,CC=CC(=O)C1=C(C=C(C=C1OC)O)O
FT_1.680_217.05042,8-Acetyl-7-deuteriooxy-4-methylchromen-2-one,C12H10O4,L2.3,no,Organic compounds,Phenylpropanoids and polyketides,Coumarins and derivatives,Hydroxycoumarins,7-hydroxycoumarins,21629327,8-Acetyl-7-deuteriooxy-4-methylchromen-2-one,219.06418554,C12H10O4,"InChI=1S/C12H10O4/c1-6-5-10(15)16-12-8(6)3-4-9(14)11(12)7(2)13/h3-5,14H,1-2H3/i/hD",WZOMQVFUPMLOGT-DYCDLGHISA-N,CC1=CC(=O)OC2=C1C=CC(=C2C(=O)C)O
FT_1.978_157.05057,Isopropylidene-succinic acid,C7H10O4,L2.3,no,Organic compounds,Lipids and lipid-like molecules,Fatty Acyls,Fatty acids and conjugates,Branched fatty acids,521840,Isopropylidene-succinic acid,158.0579088,C7H10O4,"InChI=1S/C7H10O4/c1-4(2)5(7(10)11)3-6(8)9/h3H2,1-2H3,(H,8,9)(H,10,11)",GYXGAEAOIFNGAE-UHFFFAOYSA-N,CC(=C(CC(=O)O)C(=O)O)C
FT_10.165_266.08820,adenosine,C10H13N5O4,L2.3,no,Organic compounds,"Nucleosides, nucleotides, and analogues",Purine nucleosides,NA,NA,60961,Adenosine,267.09675391,C10H13N5O4,"InChI=1S/C10H13N5O4/c11-8-5-9(13-2-12-8)15(3-14-5)10-7(18)6(17)4(1-16)19-10/h2-4,6-7,10,16-18H,1H2,(H2,11,12,13)/t4-,6-,7-,10-/m1/s1",OIRDTQYFTABQOQ-KQYNXXCUSA-N,C1=NC(=C2C(=N1)N(C=N2)C3C(C(C(O3)CO)O)O)N
FT_10.211_401.13034,Hep-Hep,C14H26O13,L2.3,no,Organic compounds,Organic oxygen compounds,Organooxygen compounds,Carbohydrates and carbohydrate conjugates,Glycosyl compounds,45480574,L-alpha-D-Hepp-(1->3)-L-alpha-D-Hepp,402.13734088,C14H26O13,"InChI=1S/C14H26O13/c15-1-3(17)10-6(20)5(19)7(21)14(26-10)27-12-8(22)11(4(18)2-16)25-13(24)9(12)23/h3-24H,1-2H2/t3-,4-,5-,6-,7-,8+,9-,10+,11+,12-,13-,14+/m0/s1",GXCLGNHLZMTTQJ-ZOULSWATSA-N,C(C(C1C(C(C(C(O1)OC2C(C(OC(C2O)O)C(CO)O)O)O)O)O)O)O
FT_10.755_259.12997,gamma-Glu-leu,C11H20N2O5,L2.3,no,Organic compounds,Organic acids and derivatives,Carboxylic acids and derivatives,"Amino acids, peptides, and analogues",Peptides,151023,gamma-Glutamylleucine,260.13722174,C11H20N2O5,"InChI=1S/C11H20N2O5/c1-6(2)5-8(11(17)18)13-9(14)4-3-7(12)10(15)16/h6-8H,3-5,12H2,1-2H3,(H,13,14)(H,15,16)(H,17,18)/t7-,8-/m0/s1",MYFMARDICOWMQP-YUMQZZPRSA-N,CC(C)CC(C(=O)O)NC(=O)CCC(C(=O)O)N
FT_10.894_315.13125,N-acetyl-L-glutaminyl-L-glutamine,C12H20N4O6,L2.3,no,Organic compounds,Organic acids and derivatives,Carboxylic acids and derivatives,"Amino acids, peptides, and analogues",Peptides,90658871,N-acetyl-L-glutaminyl-L-glutamine,315.13045934,C12H19N4O6-,"InChI=1S/C12H20N4O6/c1-6(17)15-7(2-4-9(13)18)11(20)16-8(12(21)22)3-5-10(14)19/h7-8H,2-5H2,1H3,(H2,13,18)(H2,14,19)(H,15,17)(H,16,20)(H,21,22)/p-1/t7-,8-/m0/s1",KKQQDQHEOLWKFV-YUMQZZPRSA-M,CC(=O)NC(CCC(=O)N)C(=O)NC(CCC(=O)N)C(=O)[O-]
FT_11.478_245.11431,glutamylvaline,C10H18N2O5,L2.3,no,Organic compounds,Organic acids and derivatives,Carboxylic acids and derivatives,"Amino acids, peptides, and analogues",Peptides,6992567,L-glutamyl-L-valine,246.12157168,C10H18N2O5,"InChI=1S/C10H18N2O5/c1-5(2)8(10(16)17)12-9(15)6(11)3-4-7(13)14/h5-6,8H,3-4,11H2,1-2H3,(H,12,15)(H,13,14)(H,16,17)/t6-,8-/m0/s1",SITLTJHOQZFJGG-XPUUQOCRSA-N,CC(C)C(C(=O)O)NC(=O)C(CCC(=O)O)N
FT_11.478_245.11431,glutamylvaline,C10H18N2O5,L2.3,no,Organic compounds,Organic acids and derivatives,Carboxylic acids and derivatives,"Amino acids, peptides, and analogues",Peptides,433630,Glutamylvaline,246.12157168,C10H18N2O5,"InChI=1S/C10H18N2O5/c1-5(2)8(10(16)17)12-9(15)6(11)3-4-7(13)14/h5-6,8H,3-4,11H2,1-2H3,(H,12,15)(H,13,14)(H,16,17)",SITLTJHOQZFJGG-UHFFFAOYSA-N,CC(C)C(C(=O)O)NC(=O)C(CCC(=O)O)N
FT_11.478_245.11431,glutamylvaline,C10H18N2O5,L2.3,no,Organic compounds,Organic acids and derivatives,Carboxylic acids and derivatives,"Amino acids, peptides, and analogues",Peptides,6992567,L-glutamyl-L-valine,246.12157168,C10H18N2O5,"InChI=1S/C10H18N2O5/c1-5(2)8(10(16)17)12-9(15)6(11)3-4-7(13)14/h5-6,8H,3-4,11H2,1-2H3,(H,12,15)(H,13,14)(H,16,17)/t6-,8-/m0/s1",SITLTJHOQZFJGG-XPUUQOCRSA-N,CC(C)C(C(=O)O)NC(=O)C(CCC(=O)O)N
FT_11.478_245.11431,glutamylvaline,C10H18N2O5,L2.3,no,Organic compounds,Organic acids and derivatives,Carboxylic acids and derivatives,"Amino acids, peptides, and analogues",Peptides,433630,Glutamylvaline,246.12157168,C10H18N2O5,"InChI=1S/C10H18N2O5/c1-5(2)8(10(16)17)12-9(15)6(11)3-4-7(13)14/h5-6,8H,3-4,11H2,1-2H3,(H,12,15)(H,13,14)(H,16,17)",SITLTJHOQZFJGG-UHFFFAOYSA-N,CC(C)C(C(=O)O)NC(=O)C(CCC(=O)O)N
FT_11.767_487.16695,solatriose,C18H32O15,L2.3,no,Organic compounds,Organic oxygen compounds,Organooxygen compounds,Carbohydrates and carbohydrate conjugates,Oligosaccharides,5460955,Solatriose,488.17412031,C18H32O15,"InChI=1S/C18H32O15/c1-4-7(21)10(24)12(26)17(29-4)33-15-14(9(23)6(3-20)30-16(15)28)32-18-13(27)11(25)8(22)5(2-19)31-18/h4-28H,2-3H2,1H3/t4-,5+,6+,7-,8+,9-,10+,11-,12+,13+,14-,15+,16?,17-,18-/m0/s1",XNBZPOHDTUWNMW-QVCHUJKCSA-N,CC1C(C(C(C(O1)OC2C(C(C(OC2O)CO)O)OC3C(C(C(C(O3)CO)O)O)O)O)O)O
FT_12.130_267.07223,inosinum,C10H12N4O5,L2.3,no,Organic compounds,"Nucleosides, nucleotides, and analogues",Purine nucleosides,NA,NA,135398641,Inosine,268.0807695,C10H12N4O5,"InChI=1S/C10H12N4O5/c15-1-4-6(16)7(17)10(19-4)14-3-13-5-8(14)11-2-12-9(5)18/h2-4,6-7,10,15-17H,1H2,(H,11,12,18)/t4-,6-,7-,10-/m1/s1",UGQMRVRMYYASKQ-KQYNXXCUSA-N,C1=NC2=C(C(=O)N1)N=CN2C3C(C(C(O3)CO)O)O
FT_12.588_421.06592,Trehalose 2-sulfate,C12H22O14S,L2.3,no,Organic compounds,Organic oxygen compounds,Organooxygen compounds,Carbohydrates and carbohydrate conjugates,Glycosyl compounds,3035534,2-Sulfotrehalose,422.07302654,C12H22O14S,"InChI=1S/C12H22O14S/c13-1-3-5(15)7(17)9(19)11(23-3)25-12-10(26-27(20,21)22)8(18)6(16)4(2-14)24-12/h3-19H,1-2H2,(H,20,21,22)/t3-,4-,5-,6-,7+,8+,9-,10-,11-,12-/m1/s1",WVFKPISWLUJJIJ-LIZSDCNHSA-N,C(C1C(C(C(C(O1)OC2C(C(C(C(O2)CO)O)O)OS(=O)(=O)O)O)O)O)O
FT_12.664_267.07219,inosinum,C10H12N4O5,L2.3,no,Organic compounds,"Nucleosides, nucleotides, and analogues",Purine nucleosides,NA,NA,135398641,Inosine,268.0807695,C10H12N4O5,"InChI=1S/C10H12N4O5/c15-1-4-6(16)7(17)10(19-4)14-3-13-5-8(14)11-2-12-9(5)18/h2-4,6-7,10,15-17H,1H2,(H,11,12,18)/t4-,6-,7-,10-/m1/s1",UGQMRVRMYYASKQ-KQYNXXCUSA-N,C1=NC2=C(C(=O)N1)N=CN2C3C(C(C(O3)CO)O)O
FT_12.933_462.09245,7-(Methylthio)heptyl-glucosinolate,C15H29NO9S3,L2.3,no,Organic compounds,Organic oxygen compounds,Organooxygen compounds,Carbohydrates and carbohydrate conjugates,Monosaccharides,44237368,7-(Methylthio)heptyl-glucosinolate,462.09261999,C15H28NO9S3-,"InChI=1S/C15H29NO9S3/c1-26-8-6-4-2-3-5-7-11(16-25-28(21,22)23)27-15-14(20)13(19)12(18)10(9-17)24-15/h10,12-15,17-20H,2-9H2,1H3,(H,21,22,23)/p-1/b16-11+/t10-,12-,13+,14-,15+/m1/s1",SJHVRBSHKTUXLG-MFIRQCQASA-M,CSCCCCCCCC(=NOS(=O)(=O)[O-])SC1C(C(C(C(O1)CO)O)O)O
FT_13.293_649.21933,Fuc(a1-2)[Gal(a1-3)]Gal(b1-4)Glc,C24H42O20,L2.3,no,Organic compounds,Organic oxygen compounds,Organooxygen compounds,Carbohydrates and carbohydrate conjugates,Oligosaccharides,71297246,GlyTouCan:G31457FJ,650.22694372,C24H42O20,"InChI=1S/C24H42O20/c1-5-9(28)12(31)16(35)22(38-5)44-20-19(43-23-17(36)13(32)10(29)6(2-25)40-23)11(30)7(3-26)41-24(20)42-18-8(4-27)39-21(37)15(34)14(18)33/h5-37H,2-4H2,1H3/t5-,6+,7+,8+,9+,10-,11-,12+,13-,14+,15+,16-,17+,18+,19-,20+,21?,22-,23+,24-/m0/s1",CASKAPBFMUHBRB-KVGSGYEASA-N,CC1C(C(C(C(O1)OC2C(C(C(OC2OC3C(OC(C(C3O)O)O)CO)CO)O)OC4C(C(C(C(O4)CO)O)O)O)O)O)O
FT_13.321_503.12848,alpha-D-ManAc-(1-P-6)-alpha-D-ManAc,C16H29N2O14P,L2.3,no,Organic compounds,Organic oxygen compounds,Organooxygen compounds,Carbohydrates and carbohydrate conjugates,Aminosaccharides,52921661,alpha-D-ManpAc-(1-P-6)-alpha-D-ManpAc,504.1356406,C16H29N2O14P,"InChI=1S/C16H29N2O14P/c1-5(20)17-9-13(24)12(23)8(30-15(9)26)4-29-33(27,28)32-16-10(18-6(2)21)14(25)11(22)7(3-19)31-16/h7-16,19,22-26H,3-4H2,1-2H3,(H,17,20)(H,18,21)(H,27,28)/t7-,8-,9+,10+,11-,12-,13-,14-,15+,16-/m1/s1",BNAATENPQZWFRM-NLQGBTQESA-N,CC(=O)NC1C(C(C(OC1O)COP(=O)(O)OC2C(C(C(C(O2)CO)O)O)NC(=O)C)O)O
FT_13.830_274.10456,gamma-Glutamylglutamine,C10H17N3O6,L2.3,no,Organic compounds,Organic acids and derivatives,Carboxylic acids and derivatives,"Amino acids, peptides, and analogues",Peptides,150914,Gamma-Glutamylglutamine,275.11173527,C10H17N3O6,"InChI=1S/C10H17N3O6/c11-5(9(16)17)1-4-8(15)13-6(10(18)19)2-3-7(12)14/h5-6H,1-4,11H2,(H2,12,14)(H,13,15)(H,16,17)(H,18,19)/t5-,6-/m0/s1",JBFYFLXEJFQWMU-WDSKDSINSA-N,C(CC(=O)NC(CCC(=O)N)C(=O)O)C(C(=O)O)N
FT_14.071_563.18295,beta-D-Glc-(1->4)-[L-alpha-D-Hep-(1->3)]-L-alpha-D-Hep,C20H36O18,L2.3,no,Organic compounds,Organic oxygen compounds,Organooxygen compounds,Carbohydrates and carbohydrate conjugates,Oligosaccharides,45480578,beta-D-Glcp-(1->4)-(L-alpha-D-Hepp-(1->3))-L-alpha-D-Hepp,564.1901643,C20H36O18,"InChI=1S/C20H36O18/c21-1-4(24)14-10(29)9(28)12(31)20(36-14)37-16-13(32)18(33)35-15(5(25)2-22)17(16)38-19-11(30)8(27)7(26)6(3-23)34-19/h4-33H,1-3H2/t4-,5-,6+,7+,8-,9-,10-,11+,12-,13-,14+,15+,16+,17+,18-,19-,20+/m0/s1",QEZRFXUHVYVTBG-WNGRHNMHSA-N,C(C1C(C(C(C(O1)OC2C(C(C(OC2C(CO)O)O)O)OC3C(C(C(C(O3)C(CO)O)O)O)O)O)O)O)O
FT_14.186_421.06603,"[(2S,3S,4S,5R)-3,4-dihydroxy-5-(hydroxymethyl)-2-[(2R,3R,4S,5S,6R)-3,4,5-trihydroxy-6-(hydroxymethyl)oxan-2-yl]oxyoxolan-2-yl]methyl hydrogen sulfate",C12H22O14S,L2.3,no,NA,NA,NA,NA,NA,NA,NA,NA,NA,NA,NA,NA
FT_14.339_355.08840,GlcA(b1-4)a-Glc,C12H20O12,L2.3,no,NA,NA,NA,NA,NA,NA,NA,NA,NA,NA,NA,NA
FT_14.370_421.06602,2-sulfotrehalose,C12H22O14S,L2.3,no,Organic compounds,Organic oxygen compounds,Organooxygen compounds,Carbohydrates and carbohydrate conjugates,Glycosyl compounds,3035534,2-Sulfotrehalose,422.07302654,C12H22O14S,"InChI=1S/C12H22O14S/c13-1-3-5(15)7(17)9(19)11(23-3)25-12-10(26-27(20,21)22)8(18)6(16)4(2-14)24-12/h3-19H,1-2H2,(H,20,21,22)/t3-,4-,5-,6-,7+,8+,9-,10-,11-,12-/m1/s1",WVFKPISWLUJJIJ-LIZSDCNHSA-N,C(C1C(C(C(C(O1)OC2C(C(C(C(O2)CO)O)O)OS(=O)(=O)O)O)O)O)O
FT_15.009_711.21976,Isomaltotetraose,C24H42O21,L2.3,no,Organic compounds,Organic oxygen compounds,Organooxygen compounds,Carbohydrates and carbohydrate conjugates,Oligosaccharides,13938912,GlyTouCan:G86640EE,666.22185834,C24H42O21,"InChI=1S/C24H42O21/c25-1-5-9(26)14(31)18(35)22(43-5)40-3-7-11(28)16(33)20(37)24(45-7)41-4-8-12(29)15(32)19(36)23(44-8)39-2-6-10(27)13(30)17(34)21(38)42-6/h5-38H,1-4H2/t5-,6-,7-,8-,9-,10-,11-,12-,13+,14+,15+,16+,17-,18-,19-,20-,21?,22+,23+,24+/m1/s1",DFKPJBWUFOESDV-KGUZVYKUSA-N,C(C1C(C(C(C(O1)OCC2C(C(C(C(O2)OCC3C(C(C(C(O3)OCC4C(C(C(C(O4)O)O)O)O)O)O)O)O)O)O)O)O)O)O
FT_15.009_711.21976,Isomaltotetraose,C24H42O21,L2.3,no,Organic compounds,Organic oxygen compounds,Organooxygen compounds,Carbohydrates and carbohydrate conjugates,Oligosaccharides,162344837,GlyTouCan:G00508XO,666.22185834,C24H42O21,"InChI=1S/C24H42O21/c25-1-5-9(26)14(31)18(35)22(43-5)40-3-7-11(28)16(33)20(37)24(45-7)41-4-8-12(29)15(32)19(36)23(44-8)39-2-6-10(27)13(30)17(34)21(38)42-6/h5-38H,1-4H2/t5?,6?,7?,8?,9-,10-,11-,12-,13+,14+,15+,16+,17?,18?,19?,20?,21?,22-,23-,24-/m1/s1",DFKPJBWUFOESDV-PKEQPBRCSA-N,C(C1C(C(C(C(O1)OCC2C(C(C(C(O2)OCC3C(C(C(C(O3)OCC4C(C(C(C(O4)O)O)O)O)O)O)O)O)O)O)O)O)O)O
FT_15.009_711.21976,Isomaltotetraose,C24H42O21,L2.3,no,Organic compounds,Organic oxygen compounds,Organooxygen compounds,Carbohydrates and carbohydrate conjugates,Oligosaccharides,9852757,GlyTouCan:G80662SX,666.22185834,C24H42O21,"InChI=1S/C24H42O21/c25-1-5-9(26)14(31)18(35)22(43-5)40-3-7-11(28)16(33)20(37)24(45-7)41-4-8-12(29)15(32)19(36)23(44-8)39-2-6-10(27)13(30)17(34)21(38)42-6/h5-38H,1-4H2/t5-,6-,7-,8-,9-,10-,11-,12-,13+,14+,15+,16+,17-,18-,19-,20-,21+,22+,23+,24+/m1/s1",DFKPJBWUFOESDV-NGZVDTABSA-N,C(C1C(C(C(C(O1)OCC2C(C(C(C(O2)OCC3C(C(C(C(O3)OCC4C(C(C(C(O4)O)O)O)O)O)O)O)O)O)O)O)O)O)O
FT_15.009_711.21976,Isomaltotetraose,C24H42O21,L2.3,no,Organic compounds,Organic oxygen compounds,Organooxygen compounds,Carbohydrates and carbohydrate conjugates,Oligosaccharides,13938911,GlyTouCan:G58422AR,666.22185834,C24H42O21,"InChI=1S/C24H42O21/c25-1-5-9(26)14(31)18(35)22(43-5)40-3-7-11(28)16(33)20(37)24(45-7)41-4-8-12(29)15(32)19(36)23(44-8)39-2-6-10(27)13(30)17(34)21(38)42-6/h5-38H,1-4H2",DFKPJBWUFOESDV-UHFFFAOYSA-N,C(C1C(C(C(C(O1)OCC2C(C(C(C(O2)OCC3C(C(C(C(O3)OCC4C(C(C(C(O4)O)O)O)O)O)O)O)O)O)O)O)O)O)O
FT_15.009_711.21976,Isomaltotetraose,C24H42O21,L2.3,no,Organic compounds,Organic oxygen compounds,Organooxygen compounds,Carbohydrates and carbohydrate conjugates,Oligosaccharides,132274967,GlyTouCan:G08112OA,666.22185834,C24H42O21,"InChI=1S/C24H42O21/c25-1-5-9(26)14(31)18(35)22(43-5)40-3-7-11(28)16(33)20(37)24(45-7)41-4-8-12(29)15(32)19(36)23(44-8)39-2-6-10(27)13(30)17(34)21(38)42-6/h5-38H,1-4H2/t5?,6?,7?,8?,9-,10-,11-,12-,13?,14?,15?,16?,17+,18+,19+,20+,21-,22+,23+,24+/m1/s1",DFKPJBWUFOESDV-QFIHNAKXSA-N,C(C1C(C(C(C(O1)OCC2C(C(C(C(O2)OCC3C(C(C(C(O3)OCC4C(C(C(C(O4)O)O)O)O)O)O)O)O)O)O)O)O)O)O
FT_15.009_711.21976,Isomaltotetraose,C24H42O21,L2.3,no,NA,NA,NA,NA,NA,13938912,GlyTouCan:G86640EE,666.22185834,C24H42O21,"InChI=1S/C24H42O21/c25-1-5-9(26)14(31)18(35)22(43-5)40-3-7-11(28)16(33)20(37)24(45-7)41-4-8-12(29)15(32)19(36)23(44-8)39-2-6-10(27)13(30)17(34)21(38)42-6/h5-38H,1-4H2/t5-,6-,7-,8-,9-,10-,11-,12-,13+,14+,15+,16+,17-,18-,19-,20-,21?,22+,23+,24+/m1/s1",DFKPJBWUFOESDV-KGUZVYKUSA-N,C(C1C(C(C(C(O1)OCC2C(C(C(C(O2)OCC3C(C(C(C(O3)OCC4C(C(C(C(O4)O)O)O)O)O)O)O)O)O)O)O)O)O)O
FT_15.009_711.21976,Isomaltotetraose,C24H42O21,L2.3,no,NA,NA,NA,NA,NA,162344837,GlyTouCan:G00508XO,666.22185834,C24H42O21,"InChI=1S/C24H42O21/c25-1-5-9(26)14(31)18(35)22(43-5)40-3-7-11(28)16(33)20(37)24(45-7)41-4-8-12(29)15(32)19(36)23(44-8)39-2-6-10(27)13(30)17(34)21(38)42-6/h5-38H,1-4H2/t5?,6?,7?,8?,9-,10-,11-,12-,13+,14+,15+,16+,17?,18?,19?,20?,21?,22-,23-,24-/m1/s1",DFKPJBWUFOESDV-PKEQPBRCSA-N,C(C1C(C(C(C(O1)OCC2C(C(C(C(O2)OCC3C(C(C(C(O3)OCC4C(C(C(C(O4)O)O)O)O)O)O)O)O)O)O)O)O)O)O
FT_15.009_711.21976,Isomaltotetraose,C24H42O21,L2.3,no,NA,NA,NA,NA,NA,9852757,GlyTouCan:G80662SX,666.22185834,C24H42O21,"InChI=1S/C24H42O21/c25-1-5-9(26)14(31)18(35)22(43-5)40-3-7-11(28)16(33)20(37)24(45-7)41-4-8-12(29)15(32)19(36)23(44-8)39-2-6-10(27)13(30)17(34)21(38)42-6/h5-38H,1-4H2/t5-,6-,7-,8-,9-,10-,11-,12-,13+,14+,15+,16+,17-,18-,19-,20-,21+,22+,23+,24+/m1/s1",DFKPJBWUFOESDV-NGZVDTABSA-N,C(C1C(C(C(C(O1)OCC2C(C(C(C(O2)OCC3C(C(C(C(O3)OCC4C(C(C(C(O4)O)O)O)O)O)O)O)O)O)O)O)O)O)O
FT_15.009_711.21976,Isomaltotetraose,C24H42O21,L2.3,no,NA,NA,NA,NA,NA,13938911,GlyTouCan:G58422AR,666.22185834,C24H42O21,"InChI=1S/C24H42O21/c25-1-5-9(26)14(31)18(35)22(43-5)40-3-7-11(28)16(33)20(37)24(45-7)41-4-8-12(29)15(32)19(36)23(44-8)39-2-6-10(27)13(30)17(34)21(38)42-6/h5-38H,1-4H2",DFKPJBWUFOESDV-UHFFFAOYSA-N,C(C1C(C(C(C(O1)OCC2C(C(C(C(O2)OCC3C(C(C(C(O3)OCC4C(C(C(C(O4)O)O)O)O)O)O)O)O)O)O)O)O)O)O
FT_15.009_711.21976,Isomaltotetraose,C24H42O21,L2.3,no,NA,NA,NA,NA,NA,132274967,GlyTouCan:G08112OA,666.22185834,C24H42O21,"InChI=1S/C24H42O21/c25-1-5-9(26)14(31)18(35)22(43-5)40-3-7-11(28)16(33)20(37)24(45-7)41-4-8-12(29)15(32)19(36)23(44-8)39-2-6-10(27)13(30)17(34)21(38)42-6/h5-38H,1-4H2/t5?,6?,7?,8?,9-,10-,11-,12-,13?,14?,15?,16?,17+,18+,19+,20+,21-,22+,23+,24+/m1/s1",DFKPJBWUFOESDV-QFIHNAKXSA-N,C(C1C(C(C(C(O1)OCC2C(C(C(C(O2)OCC3C(C(C(C(O3)OCC4C(C(C(C(O4)O)O)O)O)O)O)O)O)O)O)O)O)O)O
FT_15.009_711.21976,Isomaltotetraose,C24H42O21,L2.3,no,Organic compounds,Organic oxygen compounds,Organooxygen compounds,Carbohydrates and carbohydrate conjugates,Oligosaccharides,13938912,GlyTouCan:G86640EE,666.22185834,C24H42O21,"InChI=1S/C24H42O21/c25-1-5-9(26)14(31)18(35)22(43-5)40-3-7-11(28)16(33)20(37)24(45-7)41-4-8-12(29)15(32)19(36)23(44-8)39-2-6-10(27)13(30)17(34)21(38)42-6/h5-38H,1-4H2/t5-,6-,7-,8-,9-,10-,11-,12-,13+,14+,15+,16+,17-,18-,19-,20-,21?,22+,23+,24+/m1/s1",DFKPJBWUFOESDV-KGUZVYKUSA-N,C(C1C(C(C(C(O1)OCC2C(C(C(C(O2)OCC3C(C(C(C(O3)OCC4C(C(C(C(O4)O)O)O)O)O)O)O)O)O)O)O)O)O)O
FT_15.009_711.21976,Isomaltotetraose,C24H42O21,L2.3,no,Organic compounds,Organic oxygen compounds,Organooxygen compounds,Carbohydrates and carbohydrate conjugates,Oligosaccharides,162344837,GlyTouCan:G00508XO,666.22185834,C24H42O21,"InChI=1S/C24H42O21/c25-1-5-9(26)14(31)18(35)22(43-5)40-3-7-11(28)16(33)20(37)24(45-7)41-4-8-12(29)15(32)19(36)23(44-8)39-2-6-10(27)13(30)17(34)21(38)42-6/h5-38H,1-4H2/t5?,6?,7?,8?,9-,10-,11-,12-,13+,14+,15+,16+,17?,18?,19?,20?,21?,22-,23-,24-/m1/s1",DFKPJBWUFOESDV-PKEQPBRCSA-N,C(C1C(C(C(C(O1)OCC2C(C(C(C(O2)OCC3C(C(C(C(O3)OCC4C(C(C(C(O4)O)O)O)O)O)O)O)O)O)O)O)O)O)O
FT_15.009_711.21976,Isomaltotetraose,C24H42O21,L2.3,no,Organic compounds,Organic oxygen compounds,Organooxygen compounds,Carbohydrates and carbohydrate conjugates,Oligosaccharides,9852757,GlyTouCan:G80662SX,666.22185834,C24H42O21,"InChI=1S/C24H42O21/c25-1-5-9(26)14(31)18(35)22(43-5)40-3-7-11(28)16(33)20(37)24(45-7)41-4-8-12(29)15(32)19(36)23(44-8)39-2-6-10(27)13(30)17(34)21(38)42-6/h5-38H,1-4H2/t5-,6-,7-,8-,9-,10-,11-,12-,13+,14+,15+,16+,17-,18-,19-,20-,21+,22+,23+,24+/m1/s1",DFKPJBWUFOESDV-NGZVDTABSA-N,C(C1C(C(C(C(O1)OCC2C(C(C(C(O2)OCC3C(C(C(C(O3)OCC4C(C(C(C(O4)O)O)O)O)O)O)O)O)O)O)O)O)O)O
FT_15.009_711.21976,Isomaltotetraose,C24H42O21,L2.3,no,Organic compounds,Organic oxygen compounds,Organooxygen compounds,Carbohydrates and carbohydrate conjugates,Oligosaccharides,13938911,GlyTouCan:G58422AR,666.22185834,C24H42O21,"InChI=1S/C24H42O21/c25-1-5-9(26)14(31)18(35)22(43-5)40-3-7-11(28)16(33)20(37)24(45-7)41-4-8-12(29)15(32)19(36)23(44-8)39-2-6-10(27)13(30)17(34)21(38)42-6/h5-38H,1-4H2",DFKPJBWUFOESDV-UHFFFAOYSA-N,C(C1C(C(C(C(O1)OCC2C(C(C(C(O2)OCC3C(C(C(C(O3)OCC4C(C(C(C(O4)O)O)O)O)O)O)O)O)O)O)O)O)O)O
FT_15.009_711.21976,Isomaltotetraose,C24H42O21,L2.3,no,Organic compounds,Organic oxygen compounds,Organooxygen compounds,Carbohydrates and carbohydrate conjugates,Oligosaccharides,132274967,GlyTouCan:G08112OA,666.22185834,C24H42O21,"InChI=1S/C24H42O21/c25-1-5-9(26)14(31)18(35)22(43-5)40-3-7-11(28)16(33)20(37)24(45-7)41-4-8-12(29)15(32)19(36)23(44-8)39-2-6-10(27)13(30)17(34)21(38)42-6/h5-38H,1-4H2/t5?,6?,7?,8?,9-,10-,11-,12-,13?,14?,15?,16?,17+,18+,19+,20+,21-,22+,23+,24+/m1/s1",DFKPJBWUFOESDV-QFIHNAKXSA-N,C(C1C(C(C(C(O1)OCC2C(C(C(C(O2)OCC3C(C(C(C(O3)OCC4C(C(C(C(O4)O)O)O)O)O)O)O)O)O)O)O)O)O)O
FT_15.009_711.21976,Isomaltotetraose,C24H42O21,L2.3,no,Organic compounds,Organic oxygen compounds,Organooxygen compounds,Carbohydrates and carbohydrate conjugates,Oligosaccharides,13938912,GlyTouCan:G86640EE,666.22185834,C24H42O21,"InChI=1S/C24H42O21/c25-1-5-9(26)14(31)18(35)22(43-5)40-3-7-11(28)16(33)20(37)24(45-7)41-4-8-12(29)15(32)19(36)23(44-8)39-2-6-10(27)13(30)17(34)21(38)42-6/h5-38H,1-4H2/t5-,6-,7-,8-,9-,10-,11-,12-,13+,14+,15+,16+,17-,18-,19-,20-,21?,22+,23+,24+/m1/s1",DFKPJBWUFOESDV-KGUZVYKUSA-N,C(C1C(C(C(C(O1)OCC2C(C(C(C(O2)OCC3C(C(C(C(O3)OCC4C(C(C(C(O4)O)O)O)O)O)O)O)O)O)O)O)O)O)O
FT_15.009_711.21976,Isomaltotetraose,C24H42O21,L2.3,no,Organic compounds,Organic oxygen compounds,Organooxygen compounds,Carbohydrates and carbohydrate conjugates,Oligosaccharides,162344837,GlyTouCan:G00508XO,666.22185834,C24H42O21,"InChI=1S/C24H42O21/c25-1-5-9(26)14(31)18(35)22(43-5)40-3-7-11(28)16(33)20(37)24(45-7)41-4-8-12(29)15(32)19(36)23(44-8)39-2-6-10(27)13(30)17(34)21(38)42-6/h5-38H,1-4H2/t5?,6?,7?,8?,9-,10-,11-,12-,13+,14+,15+,16+,17?,18?,19?,20?,21?,22-,23-,24-/m1/s1",DFKPJBWUFOESDV-PKEQPBRCSA-N,C(C1C(C(C(C(O1)OCC2C(C(C(C(O2)OCC3C(C(C(C(O3)OCC4C(C(C(C(O4)O)O)O)O)O)O)O)O)O)O)O)O)O)O
FT_15.009_711.21976,Isomaltotetraose,C24H42O21,L2.3,no,Organic compounds,Organic oxygen compounds,Organooxygen compounds,Carbohydrates and carbohydrate conjugates,Oligosaccharides,9852757,GlyTouCan:G80662SX,666.22185834,C24H42O21,"InChI=1S/C24H42O21/c25-1-5-9(26)14(31)18(35)22(43-5)40-3-7-11(28)16(33)20(37)24(45-7)41-4-8-12(29)15(32)19(36)23(44-8)39-2-6-10(27)13(30)17(34)21(38)42-6/h5-38H,1-4H2/t5-,6-,7-,8-,9-,10-,11-,12-,13+,14+,15+,16+,17-,18-,19-,20-,21+,22+,23+,24+/m1/s1",DFKPJBWUFOESDV-NGZVDTABSA-N,C(C1C(C(C(C(O1)OCC2C(C(C(C(O2)OCC3C(C(C(C(O3)OCC4C(C(C(C(O4)O)O)O)O)O)O)O)O)O)O)O)O)O)O
FT_15.009_711.21976,Isomaltotetraose,C24H42O21,L2.3,no,Organic compounds,Organic oxygen compounds,Organooxygen compounds,Carbohydrates and carbohydrate conjugates,Oligosaccharides,13938911,GlyTouCan:G58422AR,666.22185834,C24H42O21,"InChI=1S/C24H42O21/c25-1-5-9(26)14(31)18(35)22(43-5)40-3-7-11(28)16(33)20(37)24(45-7)41-4-8-12(29)15(32)19(36)23(44-8)39-2-6-10(27)13(30)17(34)21(38)42-6/h5-38H,1-4H2",DFKPJBWUFOESDV-UHFFFAOYSA-N,C(C1C(C(C(C(O1)OCC2C(C(C(C(O2)OCC3C(C(C(C(O3)OCC4C(C(C(C(O4)O)O)O)O)O)O)O)O)O)O)O)O)O)O
FT_15.009_711.21976,Isomaltotetraose,C24H42O21,L2.3,no,Organic compounds,Organic oxygen compounds,Organooxygen compounds,Carbohydrates and carbohydrate conjugates,Oligosaccharides,132274967,GlyTouCan:G08112OA,666.22185834,C24H42O21,"InChI=1S/C24H42O21/c25-1-5-9(26)14(31)18(35)22(43-5)40-3-7-11(28)16(33)20(37)24(45-7)41-4-8-12(29)15(32)19(36)23(44-8)39-2-6-10(27)13(30)17(34)21(38)42-6/h5-38H,1-4H2/t5?,6?,7?,8?,9-,10-,11-,12-,13?,14?,15?,16?,17+,18+,19+,20+,21-,22+,23+,24+/m1/s1",DFKPJBWUFOESDV-QFIHNAKXSA-N,C(C1C(C(C(C(O1)OCC2C(C(C(C(O2)OCC3C(C(C(C(O3)OCC4C(C(C(C(O4)O)O)O)O)O)O)O)O)O)O)O)O)O)O
FT_15.009_711.21976,Isomaltotetraose,C24H42O21,L2.3,no,NA,NA,NA,NA,NA,13938912,GlyTouCan:G86640EE,666.22185834,C24H42O21,"InChI=1S/C24H42O21/c25-1-5-9(26)14(31)18(35)22(43-5)40-3-7-11(28)16(33)20(37)24(45-7)41-4-8-12(29)15(32)19(36)23(44-8)39-2-6-10(27)13(30)17(34)21(38)42-6/h5-38H,1-4H2/t5-,6-,7-,8-,9-,10-,11-,12-,13+,14+,15+,16+,17-,18-,19-,20-,21?,22+,23+,24+/m1/s1",DFKPJBWUFOESDV-KGUZVYKUSA-N,C(C1C(C(C(C(O1)OCC2C(C(C(C(O2)OCC3C(C(C(C(O3)OCC4C(C(C(C(O4)O)O)O)O)O)O)O)O)O)O)O)O)O)O
FT_15.009_711.21976,Isomaltotetraose,C24H42O21,L2.3,no,NA,NA,NA,NA,NA,162344837,GlyTouCan:G00508XO,666.22185834,C24H42O21,"InChI=1S/C24H42O21/c25-1-5-9(26)14(31)18(35)22(43-5)40-3-7-11(28)16(33)20(37)24(45-7)41-4-8-12(29)15(32)19(36)23(44-8)39-2-6-10(27)13(30)17(34)21(38)42-6/h5-38H,1-4H2/t5?,6?,7?,8?,9-,10-,11-,12-,13+,14+,15+,16+,17?,18?,19?,20?,21?,22-,23-,24-/m1/s1",DFKPJBWUFOESDV-PKEQPBRCSA-N,C(C1C(C(C(C(O1)OCC2C(C(C(C(O2)OCC3C(C(C(C(O3)OCC4C(C(C(C(O4)O)O)O)O)O)O)O)O)O)O)O)O)O)O
FT_15.009_711.21976,Isomaltotetraose,C24H42O21,L2.3,no,NA,NA,NA,NA,NA,9852757,GlyTouCan:G80662SX,666.22185834,C24H42O21,"InChI=1S/C24H42O21/c25-1-5-9(26)14(31)18(35)22(43-5)40-3-7-11(28)16(33)20(37)24(45-7)41-4-8-12(29)15(32)19(36)23(44-8)39-2-6-10(27)13(30)17(34)21(38)42-6/h5-38H,1-4H2/t5-,6-,7-,8-,9-,10-,11-,12-,13+,14+,15+,16+,17-,18-,19-,20-,21+,22+,23+,24+/m1/s1",DFKPJBWUFOESDV-NGZVDTABSA-N,C(C1C(C(C(C(O1)OCC2C(C(C(C(O2)OCC3C(C(C(C(O3)OCC4C(C(C(C(O4)O)O)O)O)O)O)O)O)O)O)O)O)O)O
FT_15.009_711.21976,Isomaltotetraose,C24H42O21,L2.3,no,NA,NA,NA,NA,NA,13938911,GlyTouCan:G58422AR,666.22185834,C24H42O21,"InChI=1S/C24H42O21/c25-1-5-9(26)14(31)18(35)22(43-5)40-3-7-11(28)16(33)20(37)24(45-7)41-4-8-12(29)15(32)19(36)23(44-8)39-2-6-10(27)13(30)17(34)21(38)42-6/h5-38H,1-4H2",DFKPJBWUFOESDV-UHFFFAOYSA-N,C(C1C(C(C(C(O1)OCC2C(C(C(C(O2)OCC3C(C(C(C(O3)OCC4C(C(C(C(O4)O)O)O)O)O)O)O)O)O)O)O)O)O)O
FT_15.009_711.21976,Isomaltotetraose,C24H42O21,L2.3,no,NA,NA,NA,NA,NA,132274967,GlyTouCan:G08112OA,666.22185834,C24H42O21,"InChI=1S/C24H42O21/c25-1-5-9(26)14(31)18(35)22(43-5)40-3-7-11(28)16(33)20(37)24(45-7)41-4-8-12(29)15(32)19(36)23(44-8)39-2-6-10(27)13(30)17(34)21(38)42-6/h5-38H,1-4H2/t5?,6?,7?,8?,9-,10-,11-,12-,13?,14?,15?,16?,17+,18+,19+,20+,21-,22+,23+,24+/m1/s1",DFKPJBWUFOESDV-QFIHNAKXSA-N,C(C1C(C(C(C(O1)OCC2C(C(C(C(O2)OCC3C(C(C(C(O3)OCC4C(C(C(C(O4)O)O)O)O)O)O)O)O)O)O)O)O)O)O
FT_15.112_462.10202,"[3-Acetamido-4,5-dihydroxy-6-(hydroxymethyl)oxan-2-yl] (3,4,5,6-tetrahydroxyoxan-2-yl)methyl hydrogen phosphate",C14H26NO14P,L2.3,no,NA,NA,NA,NA,NA,NA,NA,NA,NA,NA,NA,NA
FT_16.041_873.27215,Laminaripentaose,C30H52O26,L2.3,no,Organic compounds,Organic oxygen compounds,Organooxygen compounds,Carbohydrates and carbohydrate conjugates,Oligosaccharides,74539953,GlyTouCan:G59360UC,828.27468176,C30H52O26,"InChI=1S/C30H52O26/c31-1-6-11(36)16(41)17(42)27(49-6)54-23-13(38)8(3-33)51-29(19(23)44)56-25-15(40)10(5-35)52-30(21(25)46)55-24-14(39)9(4-34)50-28(20(24)45)53-22-12(37)7(2-32)48-26(47)18(22)43/h6-47H,1-5H2/t6-,7-,8-,9-,10-,11-,12-,13-,14-,15-,16+,17-,18-,19-,20-,21-,22+,23+,24+,25+,26?,27+,28+,29+,30+/m1/s1",UUQINGLDFWYORW-IMLBFRLQSA-N,C(C1C(C(C(C(O1)O)O)OC2C(C(C(C(O2)CO)O)OC3C(C(C(C(O3)CO)O)OC4C(C(C(C(O4)CO)O)OC5C(C(C(C(O5)CO)O)O)O)O)O)O)O)O
FT_16.807_989.31879,Glc(b1-4)Glc(b1-3)Glc(b1-4)Glc(b1-4)Glc(b1-3)Glc,C36H62O31,L2.3,no,NA,NA,NA,NA,NA,NA,NA,NA,NA,NA,NA,NA
FT_2.345_253.03532,(+/-)-strobide B,C11H10O7,L2.3,no,NA,NA,NA,NA,NA,NA,NA,NA,NA,NA,NA,NA
FT_2.350_155.03503,2-methyl-muconate,C7H8O4,L2.3,no,Organic compounds,Lipids and lipid-like molecules,Fatty Acyls,Fatty acids and conjugates,Medium-chain fatty acids,25245002,"2-Methyl-cis,cis-muconate",154.02660867,C7H6O4-2,"InChI=1S/C7H8O4/c1-5(7(10)11)3-2-4-6(8)9/h2-4H,1H3,(H,8,9)(H,10,11)/p-2/b4-2-,5-3-",VCPQFDRBOZTBAO-JVLMNHKTSA-L,CC(=CC=CC(=O)[O-])C(=O)[O-]
FT_2.544_219.02978,7-Hydroxycoumarin-4-acetic acid,C11H8O5,L2.3,no,Organic compounds,Phenylpropanoids and polyketides,Coumarins and derivatives,Hydroxycoumarins,7-hydroxycoumarins,5338490,7-Hydroxycoumarin-4-acetic acid,220.03717335,C11H8O5,"InChI=1S/C11H8O5/c12-7-1-2-8-6(3-10(13)14)4-11(15)16-9(8)5-7/h1-2,4-5,12H,3H2,(H,13,14)",BNHPMQBVNXMPDU-UHFFFAOYSA-N,C1=CC2=C(C=C1O)OC(=O)C=C2CC(=O)O
FT_2.626_183.02982,3-O-methylgallate,C8H8O5,L2.3,no,Organic compounds,Benzenoids,Benzene and substituted derivatives,Benzoic acids and derivatives,Hydroxybenzoic acid derivatives,54707974,3-O-Methylgallate,183.02934832,C8H7O5-,"InChI=1S/C8H8O5/c1-13-6-3-4(8(11)12)2-5(9)7(6)10/h2-3,9-10H,1H3,(H,11,12)/p-1",KWCCUYSXAYTNKA-UHFFFAOYSA-M,COC1=CC(=CC(=C1[O-])O)C(=O)O
FT_2.713_219.02977,7-Hydroxycoumarin-4-acetic acid,C11H8O5,L2.3,no,Organic compounds,Phenylpropanoids and polyketides,Coumarins and derivatives,Hydroxycoumarins,7-hydroxycoumarins,5338490,7-Hydroxycoumarin-4-acetic acid,220.03717335,C11H8O5,"InChI=1S/C11H8O5/c12-7-1-2-8-6(3-10(13)14)4-11(15)16-9(8)5-7/h1-2,4-5,12H,3H2,(H,13,14)",BNHPMQBVNXMPDU-UHFFFAOYSA-N,C1=CC2=C(C=C1O)OC(=O)C=C2CC(=O)O
FT_7.117_152.03873,2-(Dimethylamino)ethanesulfonic acid,C4H11NO3S,L2.3,no,Organic compounds,Organic acids and derivatives,Organic sulfonic acids and derivatives,Organosulfonic acids and derivatives,Organosulfonic acids,237042,2-(Dimethylamino)ethanesulfonic acid,153.04596439,C4H11NO3S,"InChI=1S/C4H11NO3S/c1-5(2)3-4-9(6,7)8/h3-4H2,1-2H3,(H,6,7,8)",CFAFEJHONLMPQY-UHFFFAOYSA-N,CN(C)CCS(=O)(=O)O
