FeatureID,Name,Formula,Annotation_level,use_Sirius_class,molecularFormula,adduct,precursorFormula,NPC#pathway,NPC#pathway Probability,NPC#superclass,NPC#superclass Probability,NPC#class,NPC#class Probability,ClassyFire#most specific class,ClassyFire#most specific class Probability,ClassyFire#level 5,ClassyFire#level 5 Probability,ClassyFire#subclass,ClassyFire#subclass Probability,ClassyFire#class,ClassyFire#class Probability,ClassyFire#superclass,ClassyFire#superclass probability,ClassyFire#all classifications
FT_0.886_135.03210,no name,C3 H7 N2 O2 P,L3.2,yes,C2H6N4OS,[M + H]+,C2H6N4OS,Amino acids and Peptides,0.686726093,Small peptides,0.95589906,Aminoacids,0.749068201,Organoheterocyclic compounds,0.701108515,NA,NA,NA,NA,NA,NA,Organoheterocyclic compounds,0.701108515,Organic compounds; Organoheterocyclic compounds; Organonitrogen compounds; Hydrocarbon derivatives; Organopnictogen compounds; Organic oxygen compounds; Organic nitrogen compounds; Chemical entities
FT_0.888_442.87849,no name,C6 H9 N2 O9 P3 S3,L3.3,yes,C6H9N2O9P3S3,[M + H]+,C6H9N2O9P3S3,Alkaloids,0.651256382,Nicotinic acid alkaloids,0.049403924,Pyridine alkaloids,0.05144332,Organic phosphoric acids and derivatives,0.536912084,NA,NA,NA,NA,Organic phosphoric acids and derivatives,0.536912084,Organic acids and derivatives,0.991841674,Organic compounds; Organoheterocyclic compounds; Organosulfur compounds; Thiazoles; Organic acids and derivatives; Organonitrogen compounds; Organooxygen compounds; Organic phosphoric acids and derivatives; Azoles; Organothiophosphorus compounds; Sulfenyl compounds; Organic oxides; Azacyclic compounds; Heteroaromatic compounds; Hydrocarbon derivatives; Organic oxygen compounds; Organic nitrogen compounds; Chemical entities
FT_0.889_147.01385,no name,C2 H2 N4 O4,L3.3,yes,C2H2N4O4,[M + H]+,C2H2N4O4,Alkaloids,0.528018653,Pseudoalkaloids,0.625719309,Purine alkaloids,0.441769123,Alpha amino acids and derivatives,0.68393445,Amino acids and derivatives,0.722040236,"Amino acids, peptides, and analogues",0.705253839,Carboxylic acids and derivatives,0.80070138,Organic acids and derivatives,0.979468822,"Organic compounds; Organoheterocyclic compounds; Amino acids, peptides, and analogues; Alpha amino acids and derivatives; Organic acids and derivatives; Carboxylic acids and derivatives; Organonitrogen compounds; Organooxygen compounds; Amino acids and derivatives; Organic carbonic acids and derivatives; Ureas; Organic nitro compounds; Carbonyl compounds; Organic 1,3-dipolar compounds; Allyl-type 1,3-dipolar organic compounds; Organic oxides; Azacyclic compounds; Hydrocarbon derivatives; Organopnictogen compounds; Organic oxygen compounds; Organic nitrogen compounds; Chemical entities"
FT_0.889_151.00876,no name,C4 H8 O2 P2,L3.3,yes,C4H8O2P2,[M + H]+,C4H8O2P2,Fatty acids,0.150615886,Monoterpenoids,0.266739428,Lactones,0.303633422,Phospholanes,0.569235384,NA,NA,Phospholanes,0.569235384,Metalloheterocyclic compounds,0.435511261,Organoheterocyclic compounds,0.583157718,Organic compounds; Organoheterocyclic compounds; Organophosphorus compounds; Phospholanes; Organic oxides; Phosphacyclic compounds; Hydrocarbon derivatives; Organic oxygen compounds; Chemical entities
FT_0.889_328.89801,no name,C2 H7 N2 O7 P3 S2,L3.3,yes,C2H7N2O7P3S2,[M + H]+,C2H7N2O7P3S2,Amino acids and Peptides,0.732383132,Small peptides,0.772238255,Aminoacids,0.463129967,Sulfenyl compounds,0.857992649,NA,NA,NA,NA,Sulfenyl compounds,0.857992649,Organosulfur compounds,0.845889211,Organic compounds; Organosulfur compounds; Organic acids and derivatives; Organonitrogen compounds; Sulfenyl compounds; Organic oxides; Hydrocarbon derivatives; Organic oxygen compounds; Organic nitrogen compounds; Chemical entities
FT_0.889_346.90863,no name,C3 H11 N2 O5 P S5,L3.3,yes,C3H11N2O5PS5,[M + H]+,C3H11N2O5PS5,Amino acids and Peptides,0.39213255,Small peptides,0.60855186,Aminoacids,0.332833499,Organothiophosphorus compounds,0.756122947,NA,NA,NA,NA,Organothiophosphorus compounds,0.756122947,Organophosphorus compounds,0.359706044,Organic compounds; Organosulfur compounds; Organic acids and derivatives; Organonitrogen compounds; Organothiophosphorus compounds; Sulfenyl compounds; Organic oxides; Hydrocarbon derivatives; Organopnictogen compounds; Organic oxygen compounds; Organic nitrogen compounds; Chemical entities
FT_0.889_458.85599,no name,C5 H8 N4 O7 P2 S5,L3.3,yes,C5H8N4O7P2S5,[M + H]+,C5H8N4O7P2S5,Alkaloids,0.865397513,Small peptides,0.015423661,pteridine alkaloids,0.005118491,Thiadiazoles,0.566638708,NA,NA,Thiadiazoles,0.566638708,Azoles,0.998066604,Organoheterocyclic compounds,0.999550402,Organic compounds; Organoheterocyclic compounds; Organosulfur compounds; Thiadiazoles; Organic acids and derivatives; Organonitrogen compounds; Organooxygen compounds; Azoles; Sulfonyls; Organic disulfides; Sulfenyl compounds; Organic oxides; Azacyclic compounds; Heteroaromatic compounds; Hydrocarbon derivatives; Organic oxygen compounds; Organic nitrogen compounds; Chemical entities
FT_0.890_144.98083,no name,C H6 O4 P2,L3.3,yes,CH6O4P2,[M + H]+,CH6O4P2,Fatty acids,0.637976468,Small peptides,0.705770433,Aminoacids,0.707865655,Organic phosphonic acids,0.993568897,NA,NA,Organic phosphonic acids,0.993568897,Organic phosphonic acids and derivatives,0.997155309,Organic acids and derivatives,0.985579014,Organic compounds; Organic acids and derivatives; Organophosphorus compounds; Organic phosphonic acids and derivatives; Organic phosphonic acids; Organic oxides; Hydrocarbon derivatives; Organopnictogen compounds; Organic oxygen compounds; Chemical entities
FT_0.890_330.93105,no name,C3 H11 N2 O6 P S4,L3.3,yes,C3H11N2O6PS4,[M + H]+,C3H11N2O6PS4,Amino acids and Peptides,0.658024609,Small peptides,0.932863414,Aminoacids,0.791942179,Sulfenyl compounds,0.914966106,NA,NA,NA,NA,Sulfenyl compounds,0.914966106,Organosulfur compounds,0.996775568,Organic compounds; Organosulfur compounds; Organic acids and derivatives; Organonitrogen compounds; Sulfenyl compounds; Organic oxides; Hydrocarbon derivatives; Organopnictogen compounds; Organic oxygen compounds; Organic nitrogen compounds; Chemical entities
FT_0.891_121.01643,no name,C2 H5 N2 O2 P,L3.3,yes,C2H5N2O2P,[M + H]+,C2H5N2O2P,Amino acids and Peptides,0.852592409,Small peptides,0.952940881,Aminoacids,0.891514897,Azacyclic compounds,0.808068633,NA,NA,NA,NA,Azacyclic compounds,0.808068633,Organoheterocyclic compounds,0.859345257,Organic compounds; Organoheterocyclic compounds; Organonitrogen compounds; Organooxygen compounds; Organic oxides; Azacyclic compounds; Hydrocarbon derivatives; Organopnictogen compounds; Organic oxygen compounds; Organic nitrogen compounds; Chemical entities
FT_0.891_214.98862,no name,C3 H7 N2 O5 P S,L3.3,yes,C3H7N2O5PS,[M + H]+,C3H7N2O5PS,Amino acids and Peptides,0.806994379,Small peptides,0.971160412,Aminoacids,0.892258465,Organic sulfuric acids and derivatives,0.679933488,NA,NA,NA,NA,Organic sulfuric acids and derivatives,0.679933488,Organic acids and derivatives,0.990548313,Organic compounds; Organoheterocyclic compounds; Organic acids and derivatives; Organonitrogen compounds; Organooxygen compounds; Organic sulfuric acids and derivatives; Organic oxides; Azacyclic compounds; Hydrocarbon derivatives; Organopnictogen compounds; Organic oxygen compounds; Organic nitrogen compounds; Chemical entities
FT_0.891_230.96632,no name,C3 H7 N2 O4 P S2,L3.3,yes,C3H7N2O4PS2,[M + H]+,C3H7N2O4PS2,Amino acids and Peptides,0.636826873,Small peptides,0.962614834,Aminoacids,0.835434437,Heteroaromatic compounds,0.767679989,NA,NA,NA,NA,Heteroaromatic compounds,0.767679989,Organoheterocyclic compounds,0.997387707,Organic compounds; Organoheterocyclic compounds; Organosulfur compounds; Organic acids and derivatives; Organonitrogen compounds; Organooxygen compounds; Organothiophosphorus compounds; Organic oxides; Azacyclic compounds; Heteroaromatic compounds; Hydrocarbon derivatives; Organic oxygen compounds; Organic nitrogen compounds; Chemical entities
FT_0.892_214.91758,no name,C2 H3 N2 O2 P S3,L3.3,yes,C2H3N2O2PS3,[M + H]+,C2H3N2O2PS3,Alkaloids,0.748175204,Pseudoalkaloids,0.113472626,Aminoacids,0.156812668,Thiadiazoles,0.73001653,NA,NA,Thiadiazoles,0.73001653,Azoles,0.999434888,Organoheterocyclic compounds,0.997792006,Organic compounds; Organoheterocyclic compounds; Organosulfur compounds; Thiadiazoles; Organonitrogen compounds; Organooxygen compounds; Azoles; Organic oxides; Azacyclic compounds; Heteroaromatic compounds; Hydrocarbon derivatives; Organic oxygen compounds; Organic nitrogen compounds; Chemical entities
FT_0.892_218.98361,no name,C3 H8 O7 P2,L3.3,yes,C3H8O7P2,[M + H]+,C3H8O7P2,Fatty acids,0.509868264,Saccharides,0.478332341,Monosaccharides,0.137777001,Bisphosphonates,0.608023584,NA,NA,Bisphosphonates,0.608023584,Organic phosphonic acids and derivatives,0.970150471,Organic acids and derivatives,0.996518493,Organic compounds; Organic acids and derivatives; Bisphosphonates; Organophosphorus compounds; Organic phosphonic acids and derivatives; Organic phosphonic acids; Organic oxides; Hydrocarbon derivatives; Organopnictogen compounds; Organic oxygen compounds; Chemical entities
FT_0.892_232.92815,no name,C6 H2 N O3 S3,L3.3,yes,C6H2NO3S3,[M + H]+,C6H2NO3S3,Alkaloids,0.771556556,Coumarins,0.048852704,Simple coumarins,0.01703769,Heteroaromatic compounds,0.920333683,NA,NA,NA,NA,Heteroaromatic compounds,0.920333683,Organoheterocyclic compounds,0.973687589,Organic compounds; Organoheterocyclic compounds; Organosulfur compounds; Organic oxides; Heteroaromatic compounds; Hydrocarbon derivatives; Organic oxygen compounds; Organic nitrogen compounds; Chemical entities
FT_0.892_232.99927,no name,C7H6NO6S,L3.3,yes,C4H10O7P2,[M + H]+,C4H10O7P2,Fatty acids,0.940289676,Fatty esters,0.796339989,Wax monoesters,0.60552448,Alkyl phosphates,0.888455093,Alkyl phosphates,0.888455093,Phosphate esters,0.938515365,Organic phosphoric acids and derivatives,0.981750786,Organic acids and derivatives,0.999847889,Organic compounds; Organic acids and derivatives; Carboxylic acids and derivatives; Organooxygen compounds; Organic phosphoric acids and derivatives; Phosphate esters; Carboxylic acid derivatives; Monocarboxylic acids and derivatives; Carboxylic acid esters; Carbonyl compounds; Methyl esters; Alkyl phosphates; Organic oxides; Hydrocarbon derivatives; Organopnictogen compounds; Organic oxygen compounds; Chemical entities
FT_0.892_344.87556,no name,C6 H4 N O6 P2 S3,L3.3,yes,C6H4NO6P2S3,[M + H]+,C6H4NO6P2S3,Alkaloids,0.779824257,Nicotinic acid alkaloids,0.211407766,Pyridine alkaloids,0.202388376,Heteroaromatic compounds,0.968746245,NA,NA,NA,NA,Heteroaromatic compounds,0.968746245,Organoheterocyclic compounds,0.993332207,Organic compounds; Organoheterocyclic compounds; Organic acids and derivatives; Organooxygen compounds; Organic oxides; Azacyclic compounds; Heteroaromatic compounds; Hydrocarbon derivatives; Organic oxygen compounds; Organic nitrogen compounds; Chemical entities
FT_0.893_182.96245,no name,C2 H3 N2 O4 P S,L3.3,yes,C2H3N2O4PS,[M + H]+,C2H3N2O4PS,Alkaloids,0.543319166,Small peptides,0.249319032,Pyridine alkaloids,0.023086974,Heteroaromatic compounds,0.920464575,NA,NA,NA,NA,Heteroaromatic compounds,0.920464575,Organoheterocyclic compounds,0.997305393,Organic compounds; Organoheterocyclic compounds; Organic acids and derivatives; Organonitrogen compounds; Organooxygen compounds; Organic oxides; Azacyclic compounds; Heteroaromatic compounds; Hydrocarbon derivatives; Organic oxygen compounds; Organic nitrogen compounds; Chemical entities
FT_0.895_143.99682,no name,C H5 N O5 S,L3.3,yes,CH5NO5S,[M + H]+,CH5NO5S,Amino acids and Peptides,0.991992354,Small peptides,0.998902678,Aminoacids,0.993389249,Alpha amino acids and derivatives,0.564536572,Amino acids and derivatives,0.384138882,"Amino acids, peptides, and analogues",0.367968798,Carboxylic acids and derivatives,0.43881157,Organic acids and derivatives,0.999813259,Organic compounds; Alpha amino acids and derivatives; Organic acids and derivatives; Organonitrogen compounds; Organooxygen compounds; Organic sulfuric acids and derivatives; Monoalkylamines; Carbonyl compounds; Amines; Primary amines; Organic oxides; Hydrocarbon derivatives; Organopnictogen compounds; Organic oxygen compounds; Organic nitrogen compounds; Chemical entities
FT_0.904_189.00708,no name,C4 H4 N4 O3 S,L3.3,yes,C4H4N4O3S,[M + H]+,C4H4N4O3S,Alkaloids,0.700569689,Pseudoalkaloids,0.594628394,pteridine alkaloids,0.385337323,Aryl thioethers,0.587070048,NA,NA,Aryl thioethers,0.587070048,Thioethers,0.305746704,Organosulfur compounds,0.891394675,"Organic compounds; Organoheterocyclic compounds; Organosulfur compounds; Carboxylic acids and derivatives; Organonitrogen compounds; Organooxygen compounds; Azoles; Sulfenyl compounds; Imidolactams; Organic oxides; 1,2,4-triazines; Azacyclic compounds; Heteroaromatic compounds; Hydrocarbon derivatives; Organopnictogen compounds; Organic oxygen compounds; Aryl thioethers; Organic nitrogen compounds; Chemical entities"
FT_0.969_288.92204,no name,C7 N2 O7 S2,L3.3,yes,C7N2O7S2,[M + H]+,C7N2O7S2,Alkaloids,0.534998953,Pseudoalkaloids,0.078864254,Pyrrole alkaloids,0.002501635,Sulfonyls,0.634950519,NA,NA,NA,NA,Sulfonyls,0.634950519,Organosulfur compounds,0.197759569,"Organic compounds; Organoheterocyclic compounds; Organic acids and derivatives; Organonitrogen compounds; Organooxygen compounds; Sulfonyls; Organic 1,3-dipolar compounds; Propargyl-type 1,3-dipolar organic compounds; Organic oxides; Heteroaromatic compounds; Hydrocarbon derivatives; Organic oxygen compounds; Organic nitrogen compounds; Chemical entities"
FT_0.980_498.90137,no name,C9 H13 N2 O10 P3 S3,L3.3,yes,C9H13N2O10P3S3,[M + H]+,C9H13N2O10P3S3,Alkaloids,0.806428492,Nicotinic acid alkaloids,0.156184882,Pyridine alkaloids,0.194581851,Pyrimidines and pyrimidine derivatives,0.681918263,NA,NA,Pyrimidines and pyrimidine derivatives,0.681918263,Diazines,0.899431884,Organoheterocyclic compounds,0.999983668,Organic compounds; Organoheterocyclic compounds; Organosulfur compounds; Pyrimidines and pyrimidine derivatives; Organic acids and derivatives; Organonitrogen compounds; Organooxygen compounds; Organophosphorus compounds; Diazines; Organothiophosphorus compounds; Sulfenyl compounds; Organic dithiophosphoric acids and derivatives; Dithiophosphate S-esters; Organic oxides; Azacyclic compounds; Heteroaromatic compounds; Hydrocarbon derivatives; Dithiophosphate O-esters; Organopnictogen compounds; Organic oxygen compounds; Organic nitrogen compounds; Chemical entities
FT_0.981_294.93894,no name,C8 H8 O4 P2 S2,L3.3,yes,C8H8O4P2S2,[M + H]+,C8H8O4P2S2,Shikimates and Phenylpropanoids,0.753703177,Coumarins,0.117852911,Isocoumarins,0.076835074,Aryl thiophosphates,0.797660828,Aryl thiophosphates,0.797660828,Thiophosphoric acid esters,0.627647698,Organic thiophosphoric acids and derivatives,0.51305455,Organic acids and derivatives,0.537824035,Organic compounds; Organoheterocyclic compounds; Organosulfur compounds; Organic acids and derivatives; Organooxygen compounds; Organophosphorus compounds; Organic thiophosphoric acids and derivatives; Organothiophosphorus compounds; Thiophosphoric acid esters; Benzenoids; Sulfenyl compounds; Thiophosphate triesters; Organic dithiophosphoric acids and derivatives; Oxacyclic compounds; Heteroaromatic compounds; Hydrocarbon derivatives; Dithiophosphate O-esters; Organic oxygen compounds; Aryl thiophosphates; Chemical entities
FT_0.981_310.91292,no name,C4 H N4 O7 P3,L3.3,yes,NA,NA,NA,NA,NA,NA,NA,NA,NA,NA,NA,NA,NA,NA,NA,NA,NA,NA,NA,NA
FT_0.981_378.90035,no name,C6 H5 O13 P3,L3.3,yes,NA,NA,NA,NA,NA,NA,NA,NA,NA,NA,NA,NA,NA,NA,NA,NA,NA,NA,NA,NA
FT_0.981_446.88778,no name,C5 H9 N2 O12 P3 S2,L3.3,yes,C5H9N2O12P3S2,[M + H]+,C5H9N2O12P3S2,Alkaloids,0.99367851,Nicotinic acid alkaloids,0.130320802,Pyridine alkaloids,0.133295491,Alkyl phosphates,0.663766503,Alkyl phosphates,0.663766503,Phosphate esters,0.889570236,Organic phosphoric acids and derivatives,0.935082674,Organic acids and derivatives,0.997160554,Organic compounds; Organoheterocyclic compounds; Organic acids and derivatives; Organonitrogen compounds; Organooxygen compounds; Organic phosphoric acids and derivatives; Phosphate esters; Azoles; Diazines; Alkyl phosphates; Organic oxides; Azacyclic compounds; Heteroaromatic compounds; Hydrocarbon derivatives; Organopnictogen compounds; Organic oxygen compounds; Organic nitrogen compounds; Chemical entities
FT_0.981_514.87531,no name,C10 H14 O10 P4 S3,L3.3,yes,C10H14O10P4S3,[M + H]+,C10H14O10P4S3,Shikimates and Phenylpropanoids,0.285696387,Fatty acyls,0.011950604,Simple coumarins,0.002057576,Aryl thiophosphates,0.649371147,Aryl thiophosphates,0.649371147,Thiophosphoric acid esters,0.418285221,Organic thiophosphoric acids and derivatives,0.380149543,Organic acids and derivatives,0.967386842,Organic compounds; Organoheterocyclic compounds; Organic acids and derivatives; Organooxygen compounds; Organic dithiophosphoric acids and derivatives; Dithiophosphate S-esters; Organic oxides; Heteroaromatic compounds; Hydrocarbon derivatives; Dithiophosphate O-esters; Organic oxygen compounds; Aryl thiophosphates; Chemical entities
FT_0.981_566.88882,no name,C14 H8 N4 O11 P2 S3,L3.3,yes,C14H8N4O11P2S3,[M + H]+,C14H8N4O11P2S3,Alkaloids,0.943824649,Pseudoalkaloids,0.59439218,Quinazoline alkaloids,0.199467972,Nitrobenzenes,0.729199052,NA,NA,Nitrobenzenes,0.729199052,Benzene and substituted derivatives,0.392832726,Benzenoids,0.945071638,"Organic compounds; Organoheterocyclic compounds; Organosulfur compounds; Nitrobenzenes; Pyrimidines and pyrimidine derivatives; Organic acids and derivatives; Organonitrogen compounds; Organooxygen compounds; Organic phosphoric acids and derivatives; Organic nitro compounds; Organic oxoazanium compounds; Benzenoids; Organic cations; Organic 1,3-dipolar compounds; Allyl-type 1,3-dipolar organic compounds; Propargyl-type 1,3-dipolar organic compounds; Organic salts; Organic oxides; C-nitro compounds; Azacyclic compounds; Oxacyclic compounds; Heteroaromatic compounds; Hydrocarbon derivatives; Organic oxygen compounds; Nitroaromatic compounds; Organic nitrogen compounds; Chemical entities"
FT_0.982_650.85025,no name,C10 H13 N4 O15 P3 S4,L3.3,yes,C10H13N4O15P3S4,[M + H]+,C10H13N4O15P3S4,Alkaloids,0.16728808,Nucleosides,0.087118156,Pyrimidine nucleos(t)ides,0.057062607,Aminopyrimidines and derivatives,0.504766047,Aminopyrimidines and derivatives,0.504766047,Pyrimidines and pyrimidine derivatives,0.221610397,Diazines,0.356614023,Organoheterocyclic compounds,0.999194324,Organic compounds; Organoheterocyclic compounds; Organosulfur compounds; Organic acids and derivatives; Organonitrogen compounds; Organooxygen compounds; Organophosphorus compounds; Organic phosphoric acids and derivatives; Azoles; Aminopyrimidines and derivatives; Oxolanes; Amines; Primary amines; Sulfenyl compounds; Organic dithiophosphoric acids and derivatives; Organic oxides; Azacyclic compounds; Oxacyclic compounds; Heteroaromatic compounds; Hydrocarbon derivatives; Dithiophosphate O-esters; Organopnictogen compounds; Organic oxygen compounds; Organic nitrogen compounds; Chemical entities
FT_0.982_718.83752,no name,C14 H18 N4 O10 P4 S6,L3.3,yes,C14H18N4O10P4S6,[M + H]+,C14H18N4O10P4S6,Alkaloids,0.857872367,Ornithine alkaloids,0.021154404,Pyridine alkaloids,0.005761989,Dithiophosphate O-esters,0.647494078,NA,NA,Dithiophosphate O-esters,0.647494078,Organic dithiophosphoric acids and derivatives,0.567612886,Organic acids and derivatives,0.992418885,Organic compounds; Organoheterocyclic compounds; Organosulfur compounds; Organic acids and derivatives; Organonitrogen compounds; Organooxygen compounds; Azoles; Organothiophosphorus compounds; Amines; Primary amines; Sulfenyl compounds; Organic dithiophosphoric acids and derivatives; Organic oxides; Azacyclic compounds; Heteroaromatic compounds; Hydrocarbon derivatives; Dithiophosphate O-esters; Organopnictogen compounds; Organic oxygen compounds; Organic nitrogen compounds; Chemical entities
FT_0.983_546.82330,no name,C7 H6 N2 O15 P4 S2,L3.3,yes,C7H6N2O15P4S2,[M + H]+,C7H6N2O15P4S2,Alkaloids,0.766310215,Pseudoalkaloids,0.196482345,Pyridine alkaloids,0.03116791,Nitroaromatic compounds,0.653914034,C-nitro compounds,0.86053896,Organic nitro compounds,0.940891683,"Allyl-type 1,3-dipolar organic compounds",0.81855464,"Organic 1,3-dipolar compounds",0.616581976,"Organic compounds; Organoheterocyclic compounds; Organic acids and derivatives; Organonitrogen compounds; Organooxygen compounds; Organic nitro compounds; Sulfonyls; Organic oxoazanium compounds; Organic cations; Organic 1,3-dipolar compounds; Allyl-type 1,3-dipolar organic compounds; Organic oxides; C-nitro compounds; Azacyclic compounds; Heteroaromatic compounds; Hydrocarbon derivatives; Organic oxygen compounds; Nitroaromatic compounds; Organic nitrogen compounds; Chemical entities"
FT_0.983_630.78465,no name,C8 H12 O15 P6 S3,L3.3,yes,C8H12O15P6S3,[M + H]+,C8H12O15P6S3,Fatty acids,0.885622025,Fatty acyls,0.239330202,Marine-bacterial DPEs,0.004096662,Organic phosphoric acids and derivatives,0.58961165,NA,NA,NA,NA,Organic phosphoric acids and derivatives,0.58961165,Organic acids and derivatives,0.9992342,Organic compounds; Organic acids and derivatives; Organooxygen compounds; Organic phosphoric acids and derivatives; Organic oxides; Hydrocarbon derivatives; Organic oxygen compounds; Chemical entities
FT_1.040_257.17208,no name,C10 H20 N6 O2,L3.2,yes,C10H20N6O2,[M + H]+,C10H20N6O2,Amino acids and Peptides,0.649662375,Small peptides,0.805949211,Aminoacids,0.366297811,Alpha amino acids,0.69633168,Amino acids and derivatives,0.933477819,"Amino acids, peptides, and analogues",0.935011268,Carboxylic acids and derivatives,0.933916271,Organic acids and derivatives,0.869978428,"Organic compounds; Lipids and lipid-like molecules; Amino acids, peptides, and analogues; Alpha amino acids and derivatives; Fatty acids and conjugates; Organic acids and derivatives; Carboxylic acids and derivatives; Organonitrogen compounds; Organooxygen compounds; Amino acids and derivatives; Guanidines; Monoalkylamines; Monocarboxylic acids and derivatives; Carboxylic acids; Carbonyl compounds; Alpha amino acids; Amines; Primary amines; Carboximidamides; Organic 1,3-dipolar compounds; Propargyl-type 1,3-dipolar organic compounds; Fatty Acyls; Organic oxides; Hydrocarbon derivatives; Organopnictogen compounds; Organic oxygen compounds; Organic nitrogen compounds; Chemical entities"
FT_1.081_154.13391,no name,C8 H15 N3,L3.3,yes,C8H15N3,[M + H]+,C8H15N3,Alkaloids,0.977914214,Ornithine alkaloids,0.337069064,Pyrrolidine alkaloids,0.189726561,Imidazoles,0.63338685,NA,NA,Imidazoles,0.63338685,Azoles,0.670814276,Organoheterocyclic compounds,0.995676816,Organic compounds; Organoheterocyclic compounds; Imidazoles; Organonitrogen compounds; Azoles; Trialkylamines; Amines; Azacyclic compounds; Heteroaromatic compounds; Hydrocarbon derivatives; Organopnictogen compounds; Organic nitrogen compounds; Chemical entities
FT_1.091_269.97637,no name,C6 H9 N O5 P2 S,L3.3,yes,C6H9NO5P2S,[M + H]+,C6H9NO5P2S,Alkaloids,0.30437997,Nicotinic acid alkaloids,0.475229204,Pyridine alkaloids,0.393362731,Heteroaromatic compounds,0.891592622,NA,NA,NA,NA,Heteroaromatic compounds,0.891592622,Organoheterocyclic compounds,0.951454699,Organic compounds; Organoheterocyclic compounds; Organic acids and derivatives; Organonitrogen compounds; Organooxygen compounds; Organophosphorus compounds; Organothiophosphorus compounds; Organic oxides; Azacyclic compounds; Heteroaromatic compounds; Hydrocarbon derivatives; Organopnictogen compounds; Organic oxygen compounds; Organic nitrogen compounds; Chemical entities
FT_1.096_191.99907,no name,C5 H7 N O3 P2,L3.3,yes,C5H7NO3P2,[M + H]+,C5H7NO3P2,Shikimates and Phenylpropanoids,0.649629176,Small peptides,0.445331126,Aminoacids,0.16502662,Primary amines,0.59387213,Primary amines,0.59387213,Amines,0.476454794,Organonitrogen compounds,0.980865479,Organic nitrogen compounds,0.996580422,Organic compounds; Organonitrogen compounds; Organophosphorus compounds; Primary amines; Organic oxides; Hydrocarbon derivatives; Organopnictogen compounds; Organic oxygen compounds; Organic nitrogen compounds; Chemical entities
FT_1.098_274.93181,no name,C5 H9 N O2 P S4,L3.3,yes,C5H9NO2PS4,[M + H]+,C5H9NO2PS4,Fatty acids,0.205694854,Small peptides,0.382964015,Aminoacids,0.362965107,"1,3-dithiolanes",0.748313129,NA,NA,"1,3-dithiolanes",0.748313129,Dithiolanes,0.555386841,Organoheterocyclic compounds,0.996438026,"Organic compounds; Organoheterocyclic compounds; Organosulfur compounds; Organic acids and derivatives; Organonitrogen compounds; Organooxygen compounds; Dithiolanes; Organothiophosphorus compounds; Carbonyl compounds; 1,3-dithiolanes; Organic oxides; Hydrocarbon derivatives; Organopnictogen compounds; Organic oxygen compounds; Organic nitrogen compounds; Chemical entities"
FT_1.176_198.09727,no name,C6 H15 N O6,L3.2,yes,C6H15NO6,[M + H]+,C6H15NO6,Carbohydrates,0.98160857,Aminosugars and aminoglycosides,0.998981893,Aminosugars,0.99966383,Hexoses,0.937321424,Monosaccharides,0.998331487,Carbohydrates and carbohydrate conjugates,0.99926275,Organooxygen compounds,1,Organic oxygen compounds,1,"Organic compounds; Carbohydrates and carbohydrate conjugates; Alcohols and polyols; Organonitrogen compounds; Primary alcohols; Organooxygen compounds; Monoalkylamines; Hexoses; Monosaccharides; Secondary alcohols; 1,3-aminoalcohols; 1,2-aminoalcohols; Polyols; Amines; Primary amines; Alkanolamines; Hydrocarbon derivatives; Organopnictogen compounds; Organic oxygen compounds; Organic nitrogen compounds; Chemical entities"
FT_1.180_342.13304,no name,C12 H24 N O8 P,L3.3,yes,C12H24NO8P,[M + H]+,C12H24NO8P,Fatty acids,0.891569197,Glycerophospholipids,0.993962824,Glycerophosphocholines,0.364845335,1-acyl-sn-glycero-3-phosphocholines,0.57600826,Lysophosphatidylcholines,0.399409682,Glycerophosphocholines,0.823078096,Glycerophospholipids,0.996632874,Lipids and lipid-like molecules,0.997199655,Organic compounds; Lipids and lipid-like molecules; Alcohols and polyols; Glycerophospholipids; Organic acids and derivatives; Carboxylic acids and derivatives; Organonitrogen compounds; Organooxygen compounds; Fatty acid esters; Organic phosphoric acids and derivatives; Phosphate esters; Quaternary ammonium salts; Cholines; Carboxylic acid derivatives; Monocarboxylic acids and derivatives; Carboxylic acid esters; Phosphocholines; 1-acyl-sn-glycero-3-phosphocholines; Secondary alcohols; Carbonyl compounds; Glycerophosphocholines; Amines; Alkyl phosphates; Dialkyl phosphates; Fatty Acyls; Organic oxides; Hydrocarbon derivatives; Tetraalkylammonium salts; Organic oxygen compounds; Organic nitrogen compounds; Chemical entities
FT_1.190_536.21888,no name,C19 H37 N O16,L3.3,yes,C19H37NO16,[M + H]+,C19H37NO16,Carbohydrates,0.932443857,Saccharides,0.972204387,Disaccharides,0.995503604,Fatty acyl glycosides,0.671146929,NA,NA,Fatty acyl glycosides,0.671146929,Fatty Acyls,0.567661822,Lipids and lipid-like molecules,0.610494792,"Organic compounds; Organoheterocyclic compounds; Carbohydrates and carbohydrate conjugates; Lipids and lipid-like molecules; Alcohols and polyols; Ethers; Organonitrogen compounds; Primary alcohols; Organooxygen compounds; Acetals; Secondary alcohols; Fatty acyl glycosides; 1,2-aminoalcohols; Oxanes; Glycosyl compounds; O-glycosyl compounds; Polyols; Amines; Fatty Acyls; Oxacyclic compounds; Hydrocarbon derivatives; Organopnictogen compounds; Organic oxygen compounds; Organic nitrogen compounds; Chemical entities"
FT_1.274_440.10703,no name,C12 H25 N O14 S,L3.2,yes,C12H25NO14S,[M + H]+,C12H25NO14S,Carbohydrates,0.424285084,Aminosugars and aminoglycosides,0.185592845,Aminosugars,0.176080376,Disaccharides,0.864296734,Disaccharides,0.864296734,Carbohydrates and carbohydrate conjugates,0.999988437,Organooxygen compounds,1,Organic oxygen compounds,1,Organic compounds; Organoheterocyclic compounds; Carbohydrates and carbohydrate conjugates; Alcohols and polyols; Ethers; Organic acids and derivatives; Organonitrogen compounds; Primary alcohols; Organooxygen compounds; Organic sulfuric acids and derivatives; Disaccharides; Acetals; Secondary alcohols; Oxanes; Glycosyl compounds; O-glycosyl compounds; Polyols; Alkyl sulfates; Organic oxides; Oxacyclic compounds; Hydrocarbon derivatives; Organopnictogen compounds; Organic oxygen compounds; Organic nitrogen compounds; Chemical entities
FT_1.289_205.11826,no name,C8 H16 N2 O4,L3.2,yes,C8H16N2O4,[M + H]+,C8H16N2O4,Amino acids and Peptides,0.654886246,Small peptides,0.350824982,Aminoacids,0.329735905,Amino acids and derivatives,0.646957934,Amino acids and derivatives,0.646957934,"Amino acids, peptides, and analogues",0.626447022,Carboxylic acids and derivatives,0.805838406,Organic acids and derivatives,0.791161239,"Organic compounds; Amino acids, peptides, and analogues; Organic acids and derivatives; Carboxylic acids and derivatives; Organonitrogen compounds; Organooxygen compounds; Amino acids and derivatives; Carbonyl compounds; Organic oxides; Hydrocarbon derivatives; Organic cyanides; Organopnictogen compounds; Organic oxygen compounds; Organic nitrogen compounds; Chemical entities"
FT_1.314_370.08322,no name,C11 H20 N3 O7 P S,L3.3,yes,C11H20N3O7PS,[M + H]+,C11H20N3O7PS,Carbohydrates,0.98060441,Nucleosides,0.948165715,Purine nucleos(t)ides,0.616376698,Alpha amino acids and derivatives,0.599310756,Amino acids and derivatives,0.884322703,"Amino acids, peptides, and analogues",0.869674861,Carboxylic acids and derivatives,0.478992432,Organic acids and derivatives,0.988461494,"Organic compounds; Organoheterocyclic compounds; Organosulfur compounds; Carbohydrates and carbohydrate conjugates; Amino acids, peptides, and analogues; Alpha amino acids and derivatives; Imidazoles; Alcohols and polyols; Organic acids and derivatives; Organonitrogen compounds; Nucleosides, nucleotides, and analogues; Organooxygen compounds; Amino acids and derivatives; Organic sulfuric acids and derivatives; Monocarboxylic acids and derivatives; 1,3-dioxolanes; Pentoses; Monosaccharides; Carbonyl compounds; Oxolanes; Glycosyl compounds; Glycosylamines; Polyols; Substituted imidazoles; N-substituted imidazoles; Amines; Primary amines; 1,2-diols; Tetrahydrofurans; Organic oxides; Azacyclic compounds; Oxacyclic compounds; Hydrocarbon derivatives; Organopnictogen compounds; Organic oxygen compounds; Organic nitrogen compounds; Chemical entities"
FT_1.323_438.04617,no name,C11 H22 N O11 P3,L3.3,yes,C11H22NO11P3,[M + H]+,C11H22NO11P3,Carbohydrates,0.65401262,Aminosugars and aminoglycosides,0.154352412,Aminosugars,0.033271164,Pentose phosphates,0.982055366,Monosaccharides,0.998019814,Carbohydrates and carbohydrate conjugates,0.98657608,Organooxygen compounds,0.999914289,Organic oxygen compounds,1,"Organic compounds; Organoheterocyclic compounds; Carbohydrates and carbohydrate conjugates; Alcohols and polyols; Organic acids and derivatives; Organonitrogen compounds; Organooxygen compounds; Organic phosphoric acids and derivatives; Phosphate esters; Organic oxoanionic compounds; Pentoses; Monosaccharides; Monosaccharide phosphates; Secondary alcohols; Organic pyrophosphates; Pentose phosphates; Polyols; 1,2-diols; Tetrahydrofurans; Alkyl phosphates; Monoalkyl phosphates; Organic oxides; Oxacyclic compounds; Hydrocarbon derivatives; Organopnictogen compounds; Organic oxygen compounds; Organic nitrogen compounds; Chemical entities"
FT_1.325_446.04676,no name,C10 H17 N5 O11 P2,L3.3,yes,C10H17N5O11P2,[M + H]+,C10H17N5O11P2,Carbohydrates,0.994303584,Nucleosides,0.98940593,Purine nucleos(t)ides,0.951159656,Purine ribonucleoside diphosphates,0.943275154,Purine ribonucleoside diphosphates,0.943275154,Purine ribonucleotides,0.998411059,Purine nucleotides,0.997653186,"Nucleosides, nucleotides, and analogues",0.967263162,"Organic compounds; Organoheterocyclic compounds; Carbohydrates and carbohydrate conjugates; Pyrimidines and pyrimidine derivatives; Imidazoles; Alcohols and polyols; Purines and purine derivatives; Organic acids and derivatives; Organonitrogen compounds; Primary alcohols; Nucleosides, nucleotides, and analogues; Organooxygen compounds; Organic phosphoric acids and derivatives; Phosphate esters; Azoles; Organic oxoanionic compounds; Aminopyrimidines and derivatives; Diazines; Pentoses; Purine nucleotides; Monosaccharides; Monosaccharide phosphates; Purine ribonucleotides; Purine ribonucleoside monophosphates; Purine ribonucleoside diphosphates; Secondary alcohols; Imidazopyrimidines; Organic pyrophosphates; Glycosyl compounds; Glycosylamines; Pentose phosphates; Polyols; Substituted imidazoles; N-substituted imidazoles; Amines; Primary amines; 1,2-diols; Tetrahydrofurans; 6-aminopurines; Alkyl phosphates; Monoalkyl phosphates; Imidolactams; Organic oxides; Azacyclic compounds; Oxacyclic compounds; Heteroaromatic compounds; Hydrocarbon derivatives; Organopnictogen compounds; Organic oxygen compounds; Organic nitrogen compounds; Chemical entities"
FT_1.339_427.07594,no name,C11 H24 O13 P2,L3.3,yes,C11H24O13P2,[M + H]+,C11H24O13P2,Carbohydrates,0.870212674,Saccharides,0.527736902,Monosaccharides,0.232469887,Hexoses,0.532333672,Monosaccharides,0.92066592,Carbohydrates and carbohydrate conjugates,0.993426204,Organooxygen compounds,1,Organic oxygen compounds,1,Organic compounds; Organoheterocyclic compounds; Carbohydrates and carbohydrate conjugates; Alcohols and polyols; Ethers; Organic acids and derivatives; Carboxylic acids and derivatives; Primary alcohols; Organooxygen compounds; Organic phosphoric acids and derivatives; Phosphate esters; Monocarboxylic acids and derivatives; Hexoses; Monosaccharides; Monosaccharide phosphates; Secondary alcohols; Carbonyl compounds; Oxanes; Polyols; Alkyl phosphates; Monoalkyl phosphates; Organic oxides; Oxacyclic compounds; Hydrocarbon derivatives; Organic oxygen compounds; Chemical entities
FT_1.350_186.07614,no name,C8 H11 N O4,L3.2,yes,C8H11NO4,[M + H]+,C8H11NO4,Carbohydrates,0.744324267,Aminosugars and aminoglycosides,0.919577777,Aminosugars,0.955109239,Monosaccharides,0.673722923,Monosaccharides,0.673722923,Carbohydrates and carbohydrate conjugates,0.8561185,Organooxygen compounds,1,Organic oxygen compounds,1,Organic compounds; Organoheterocyclic compounds; Carbohydrates and carbohydrate conjugates; Alcohols and polyols; Organic acids and derivatives; Carboxylic acids and derivatives; Organonitrogen compounds; Primary alcohols; Organooxygen compounds; Carboxylic acid amides; Carboxylic acid derivatives; Monosaccharides; Secondary alcohols; Secondary carboxylic acid amides; Carbonyl compounds; Oxanes; Acetamides; Organic oxides; Oxacyclic compounds; Hydrocarbon derivatives; Organopnictogen compounds; Organic oxygen compounds; Organic nitrogen compounds; Chemical entities
FT_1.359_198.07952,no name,C6 H15 N O4 S,L3.2,yes,C6H15NO4S,[M + H]+,C6H15NO4S,Fatty acids,0.41263172,Ornithine alkaloids,0.255313903,Fatty alcohols,0.174377605,Cholines,0.81658709,Cholines,0.81658709,Quaternary ammonium salts,0.999623299,Organonitrogen compounds,0.999749124,Organic nitrogen compounds,0.999991298,Organic compounds; Organic acids and derivatives; Organonitrogen compounds; Organooxygen compounds; Organic sulfuric acids and derivatives; Quaternary ammonium salts; Cholines; Sulfuric acid monoesters; Amines; Sulfuric acid esters; Alkyl sulfates; Organic cations; Organic salts; Organic oxides; Hydrocarbon derivatives; Tetraalkylammonium salts; Organopnictogen compounds; Organic oxygen compounds; Organic nitrogen compounds; Chemical entities
FT_1.378_288.10135,no name,C11 H17 N3 O4 S,L3.3,yes,C11H17N3O4S,[M + H]+,C11H17N3O4S,Alkaloids,0.689546764,Histidine alkaloids,0.115974702,Carbapenems,0.363461912,Alpha amino acids and derivatives,0.957118988,Amino acids and derivatives,0.986715257,"Amino acids, peptides, and analogues",0.986385524,Carboxylic acids and derivatives,0.988247454,Organic acids and derivatives,0.990177453,"Organic compounds; Organoheterocyclic compounds; Organosulfur compounds; Amino acids, peptides, and analogues; Alpha amino acids and derivatives; Alcohols and polyols; Organic acids and derivatives; Carboxylic acids and derivatives; Organonitrogen compounds; Organooxygen compounds; Amino acids and derivatives; Azoles; Monocarboxylic acids and derivatives; Carboxylic acids; Carbonyl compounds; Azolines; Carboximidamides; Organic 1,3-dipolar compounds; Organic oxides; Azacyclic compounds; Heteroaromatic compounds; Hydrocarbon derivatives; Organopnictogen compounds; Organic oxygen compounds; Organic nitrogen compounds; Chemical entities"
FT_1.387_353.03927,no name,C8 H18 O11 P2,L3.3,yes,C8H18O11P2,[M + H]+,C8H18O11P2,Carbohydrates,0.987205148,Saccharides,0.920937717,Monosaccharides,0.475831419,Hexoses,0.603528142,Monosaccharides,0.96402663,Carbohydrates and carbohydrate conjugates,0.994857788,Organooxygen compounds,0.999999762,Organic oxygen compounds,1,Organic compounds; Organoheterocyclic compounds; Carbohydrates and carbohydrate conjugates; Alcohols and polyols; Ethers; Organic acids and derivatives; Primary alcohols; Organooxygen compounds; Organic phosphoric acids and derivatives; Phosphate esters; Hexoses; Monosaccharides; Monosaccharide phosphates; Secondary alcohols; Oxanes; Polyols; Alkyl phosphates; Monoalkyl phosphates; Organic oxides; Oxacyclic compounds; Hydrocarbon derivatives; Organic oxygen compounds; Chemical entities
FT_1.404_425.19671,no name,C18 H28 N6 O4 S,L3.2,yes,C18H28N6O4S,[M + H]+,C18H28N6O4S,Amino acids and Peptides,0.606115937,Ornithine alkaloids,0.100928627,Pyridine alkaloids,0.021624668,Thienamycins,0.999991775,Carbapenems,0.956958771,Beta lactams,0.903419316,Lactams,0.252902836,Organoheterocyclic compounds,0.999927163,"Organic compounds; Organoheterocyclic compounds; Organosulfur compounds; Amino acids, peptides, and analogues; Alpha amino acids and derivatives; Azepines; Pyrimidines and pyrimidine derivatives; Pyrrolines; Alcohols and polyols; Beta lactams; Carbapenems; Organic acids and derivatives; Carboxylic acids and derivatives; Organonitrogen compounds; Organooxygen compounds; Amino acids and derivatives; Carboxylic acid amides; Carboxylic acid derivatives; Monocarboxylic acids and derivatives; Carboxylic acid salts; Carboxylic acids; Aminopyrimidines and derivatives; Diazines; Secondary alcohols; Tertiary carboxylic acid amides; Carbonyl compounds; Dialkylamines; Trialkylamines; Pyrroline carboxylic acids and derivatives; Thioenol ethers; Thienamycins; Pyrroline carboxylic acids; Amines; Primary amines; Secondary amines; Tertiary amines; Sulfenyl compounds; Organic zwitterions; Organic salts; Imidolactams; Organic oxides; Vinylogous thioesters; Azacyclic compounds; Heteroaromatic compounds; Hydrocarbon derivatives; Amino acids; Organopnictogen compounds; Organic oxygen compounds; Organic nitrogen compounds; Chemical entities"
FT_1.406_684.25587,no name,C24 H45 N O21,L3.3,yes,C24H45NO21,[M + H]+,C24H45NO21,Carbohydrates,0.998050094,Saccharides,0.999848247,Polysaccharides,0.964242935,Aminoglycosides,0.738322377,Aminosaccharides,0.953499019,Carbohydrates and carbohydrate conjugates,0.999983311,Organooxygen compounds,1,Organic oxygen compounds,1,"Organic compounds; Organoheterocyclic compounds; Carbohydrates and carbohydrate conjugates; Alcohols and polyols; Oligosaccharides; Ethers; Organonitrogen compounds; Aminoglycosides; Primary alcohols; Organooxygen compounds; Hemiacetals; Acetals; Secondary alcohols; 1,2-aminoalcohols; Oxanes; Glycosyl compounds; O-glycosyl compounds; Polyols; Amines; Alkanolamines; Aminosaccharides; Oxacyclic compounds; Hydrocarbon derivatives; Organopnictogen compounds; Organic oxygen compounds; Organic nitrogen compounds; Chemical entities"
FT_1.411_846.30863,no name,C30 H55 N O26,L3.3,yes,C30H55NO26,[M + H]+,C30H55NO26,Carbohydrates,0.999579132,Saccharides,0.999756515,Polysaccharides,0.996317029,Oligosaccharides,0.992534399,Oligosaccharides,0.992534399,Carbohydrates and carbohydrate conjugates,0.999975324,Organooxygen compounds,1,Organic oxygen compounds,1,"Organic compounds; Organoheterocyclic compounds; Carbohydrates and carbohydrate conjugates; Alcohols and polyols; Oligosaccharides; Ethers; Organonitrogen compounds; Primary alcohols; Organooxygen compounds; Hemiacetals; Acetals; Secondary alcohols; 1,2-aminoalcohols; Oxanes; Glycosyl compounds; O-glycosyl compounds; Polyols; Amines; Alkanolamines; Aminosaccharides; Oxacyclic compounds; Hydrocarbon derivatives; Organopnictogen compounds; Organic oxygen compounds; Organic nitrogen compounds; Chemical entities"
FT_1.421_462.14561,no name,C16 H23 N5 O11,L3.3,yes,C16H23N5O11,[M + H]+,C16H23N5O11,Carbohydrates,0.993605852,Nucleosides,0.617920458,Pyrimidine nucleos(t)ides,0.145505443,Amino acids,0.900825262,Amino acids and derivatives,0.772852063,"Amino acids, peptides, and analogues",0.786854982,Carboxylic acids and derivatives,0.999589026,Organic acids and derivatives,0.999971151,"Organic compounds; Organoheterocyclic compounds; Carbohydrates and carbohydrate conjugates; Amino acids, peptides, and analogues; Pyrimidines and pyrimidine derivatives; Pyrans; Alcohols and polyols; Sugar acids and derivatives; Purines and purine derivatives; Ethers; Organic acids and derivatives; Carboxylic acids and derivatives; Organonitrogen compounds; Organooxygen compounds; Amino acids and derivatives; Glucuronides; Azoles; Monoalkylamines; Hydroxy acids and derivatives; Monocarboxylic acids and derivatives; Carboxylic acids; Diazines; Disaccharides; Acetals; Secondary alcohols; Beta hydroxy acids and derivatives; Carbonyl compounds; Oxanes; Glucuronic acid derivatives; Glycosyl compounds; O-glycosyl compounds; Polyols; Amines; Primary amines; Tetrahydrofurans; O-glucuronides; Imidolactams; Organic oxides; Azacyclic compounds; Oxacyclic compounds; Heteroaromatic compounds; Hydrocarbon derivatives; Amino acids; Organopnictogen compounds; Organic oxygen compounds; Organic nitrogen compounds; Chemical entities"
FT_1.425_404.17774,no name,C15 H25 N5 O8,L3.2,yes,C15H25N5O8,[M + H]+,C15H25N5O8,Amino acids and Peptides,0.998181701,Small peptides,0.999856591,Tripeptides,0.916490853,Oligopeptides,0.913853765,Peptides,0.999971628,"Amino acids, peptides, and analogues",0.999999881,Carboxylic acids and derivatives,1,Organic acids and derivatives,1,"Organic compounds; Lipids and lipid-like molecules; Amino acids, peptides, and analogues; Alpha amino acids and derivatives; Fatty acids and conjugates; Organic acids and derivatives; Carboxylic acids and derivatives; Organonitrogen compounds; Organooxygen compounds; Fatty amides; Dicarboxylic acids and derivatives; Amino acids and derivatives; Peptides; Monoalkylamines; Carboxylic acid amides; Carboxylic acid derivatives; N-acyl amines; Carboxylic acid salts; N-acyl-alpha amino acids and derivatives; Carboxylic acids; Primary carboxylic acid amides; Secondary carboxylic acid amides; Carbonyl compounds; Alpha amino acid amides; N-acyl-alpha amino acids; Amines; Primary amines; Fatty Acyls; Organic oxides; Hydrocarbon derivatives; Amino acids; N-acyl-L-glutamines; Glutamine and derivatives; Organopnictogen compounds; Organic oxygen compounds; Organic nitrogen compounds; Oligopeptides; Chemical entities"
FT_1.546_236.14923,no name,C10 H21 N O5,L3.2,yes,C10H21NO5,[M + H]+,C10H21NO5,Fatty acids,0.99435848,Fatty esters,0.831628859,Fatty acyl carnitines,0.725586712,Beta hydroxy acids and derivatives,0.759518325,NA,NA,Beta hydroxy acids and derivatives,0.759518325,Hydroxy acids and derivatives,0.875433087,Organic acids and derivatives,0.999996901,"Organic compounds; Lipids and lipid-like molecules; Alcohols and polyols; Organic acids and derivatives; Carboxylic acids and derivatives; Organonitrogen compounds; Organooxygen compounds; Dicarboxylic acids and derivatives; Hydroxy acids and derivatives; Quaternary ammonium salts; Carboxylic acid derivatives; Carboxylic acid salts; Carboxylic acids; Secondary alcohols; Beta hydroxy acids and derivatives; Carbonyl compounds; 1,2-aminoalcohols; Amines; Alkanolamines; Organic cations; Organic salts; Fatty Acyls; Organic oxides; Hydrocarbon derivatives; Tetraalkylammonium salts; Organopnictogen compounds; Organic oxygen compounds; Organic nitrogen compounds; Chemical entities"
FT_1.769_217.06825,no name,C7 H10 N3 O5,L3.3,yes,C7H10N3O5,[M + H]+,C7H10N3O5,Carbohydrates,0.991223693,Nucleosides,0.995848536,Pyrimidine nucleos(t)ides,0.974385977,Alpha amino acid esters,0.614453435,Amino acids and derivatives,0.985453725,"Amino acids, peptides, and analogues",0.984232187,Carboxylic acids and derivatives,0.988684833,Organic acids and derivatives,0.995867848,"Organic compounds; Organoheterocyclic compounds; Carbohydrates and carbohydrate conjugates; Amino acids, peptides, and analogues; Alpha amino acids and derivatives; Alcohols and polyols; Organic acids and derivatives; Carboxylic acids and derivatives; Organonitrogen compounds; Organooxygen compounds; Amino acids and derivatives; Alpha amino acid esters; Carboxylic acid derivatives; Monocarboxylic acids and derivatives; Carboxylic acid esters; Pentoses; Monosaccharides; Secondary alcohols; Carbonyl compounds; Glycosyl compounds; Glycosylamines; Amines; Primary amines; Methyl esters; Organic oxides; Azacyclic compounds; Oxacyclic compounds; Heteroaromatic compounds; Hydrocarbon derivatives; Organopnictogen compounds; Organic oxygen compounds; Organic nitrogen compounds; Chemical entities"
FT_1.790_515.09219,no name,C14 H28 O16 P2,L3.3,yes,C14H28O16P2,[M + H]+,C14H28O16P2,Carbohydrates,0.913221419,Saccharides,0.314771801,Monosaccharides,0.201454133,Glucuronic acid derivatives,0.796465099,Sugar acids and derivatives,0.707753956,Carbohydrates and carbohydrate conjugates,0.997846723,Organooxygen compounds,1,Organic oxygen compounds,1,Organic compounds; Organoheterocyclic compounds; Carbohydrates and carbohydrate conjugates; Alcohols and polyols; Sugar acids and derivatives; Ethers; Organic acids and derivatives; Carboxylic acids and derivatives; Organooxygen compounds; Organic phosphoric acids and derivatives; Phosphate esters; Hydroxy acids and derivatives; Carboxylic acids; Hexoses; Monosaccharides; Monosaccharide phosphates; Secondary alcohols; Carbonyl compounds; Oxanes; Glucuronic acid derivatives; Glycosyl compounds; O-glycosyl compounds; Polyols; Alkyl phosphates; Monoalkyl phosphates; Organic oxides; Oxacyclic compounds; Hydrocarbon derivatives; Organic oxygen compounds; Chemical entities
FT_1.988_684.25597,no name,C24 H45 N O21,L3.3,yes,C24H45NO21,[M + H]+,C24H45NO21,Carbohydrates,0.99839288,Saccharides,0.999686956,Polysaccharides,0.966344774,Aminoglycosides,0.594648838,Aminosaccharides,0.772832155,Carbohydrates and carbohydrate conjugates,0.999958992,Organooxygen compounds,1,Organic oxygen compounds,1,"Organic compounds; Organoheterocyclic compounds; Carbohydrates and carbohydrate conjugates; Alcohols and polyols; Oligosaccharides; Ethers; Organonitrogen compounds; Aminoglycosides; Primary alcohols; Organooxygen compounds; Hemiacetals; Acetals; Secondary alcohols; 1,2-aminoalcohols; Oxanes; Glycosyl compounds; O-glycosyl compounds; Polyols; Amines; Alkanolamines; Aminosaccharides; Oxacyclic compounds; Hydrocarbon derivatives; Organopnictogen compounds; Organic oxygen compounds; Organic nitrogen compounds; Chemical entities"
FT_12.900_283.11761,no name,C14 H18 O6,L3.2,yes,C14H18O6,[M + H]+,C14H18O6,Polyketides,0.931426227,Cyclic polyketides,0.929439902,Phthalide derivatives,0.998980463,Phthalides,0.582759202,Phthalides,0.582759202,Isobenzofuranones,0.471286118,Isocoumarans,0.38818565,Organoheterocyclic compounds,0.988989174,"Organic compounds; Organoheterocyclic compounds; Lactones; Ketones; Alcohols and polyols; Ethers; Organic acids and derivatives; Carboxylic acids and derivatives; Organooxygen compounds; Branched fatty acids; Unsaturated fatty acids; Carboxylic acid derivatives; Monocarboxylic acids and derivatives; Carboxylic acid esters; Secondary alcohols; Tertiary alcohols; Carbonyl compounds; Phthalides; Polyols; 1,2-diols; Methyl-branched fatty acids; Organic oxides; Oxacyclic compounds; Hydrocarbon derivatives; Organic oxygen compounds; Chemical entities"
FT_13.089_255.08629,no name,C12 H14 O6,L3.2,yes,C12H14O6,[M + H]+,C12H14O6,Polyketides,0.514442921,Cyclic polyketides,0.577892065,2-pyrone derivatives,0.956726313,Pyranones and derivatives,0.574366212,NA,NA,Pyranones and derivatives,0.574366212,Pyrans,0.481347263,Organoheterocyclic compounds,0.922078252,Organic compounds; Organoheterocyclic compounds; Lactones; Alcohols and polyols; Ethers; Organic acids and derivatives; Carboxylic acids and derivatives; Organooxygen compounds; Pyranones and derivatives; Polyols; Organic oxides; Oxacyclic compounds; Heteroaromatic compounds; Hydrocarbon derivatives; Organic oxygen compounds; Chemical entities
FT_13.250_241.10461,no name,C12 H16 O5,L3.3,yes,C12H16O5,[M + H]+,C12H16O5,Polyketides,0.318144381,Cyclic polyketides,0.407335401,2-pyrone derivatives,0.429309577,Dicarboxylic acids and derivatives,0.747892857,NA,NA,Dicarboxylic acids and derivatives,0.747892857,Carboxylic acids and derivatives,0.974862397,Organic acids and derivatives,0.972997308,"Organic compounds; Organoheterocyclic compounds; Lactones; Organic acids and derivatives; Carboxylic acids and derivatives; Organooxygen compounds; Dicarboxylic acids and derivatives; Carboxylic acid derivatives; Carboxylic acids; Carboxylic acid esters; Carbonyl compounds; Enoate esters; Alpha,beta-unsaturated carboxylic esters; Organic oxides; Oxacyclic compounds; Hydrocarbon derivatives; Organic oxygen compounds; Chemical entities"
FT_13.284_297.09689,no name,C14 H16 O7,L3.2,yes,C14H16O7,[M + H]+,C14H16O7,Shikimates and Phenylpropanoids,0.63883853,Coumarins,0.486842513,Isocoumarins,0.737037718,Hydroxybenzoic acid derivatives,0.604386687,Hydroxybenzoic acid derivatives,0.604386687,Benzoic acids and derivatives,0.518055022,Benzene and substituted derivatives,0.177883744,Benzenoids,0.755739987,Organic compounds; Organoheterocyclic compounds; Lactones; Alkyl aryl ethers; Phenols; Anisoles; Benzoic acids and derivatives; Ethers; Organic acids and derivatives; Carboxylic acids and derivatives; Organooxygen compounds; Dicarboxylic acids and derivatives; Carboxylic acid derivatives; Carboxylic acid esters; Hydroxybenzoic acid derivatives; Carbonyl compounds; Phenol ethers; Benzenoids; Vinylogous acids; Organic oxides; Oxacyclic compounds; Hydrocarbon derivatives; Organic oxygen compounds; 1-hydroxy-4-unsubstituted benzenoids; Chemical entities
FT_14.362_407.11799,no name,C16 H22 O12,L3.3,yes,C16H22O12,[M + H]+,C16H22O12,Shikimates and Phenylpropanoids,0.827964306,Coumarins,0.562195599,Simple coumarins,0.275253117,O-glycosyl compounds,0.922037244,Glycosyl compounds,0.944456279,Carbohydrates and carbohydrate conjugates,0.997193813,Organooxygen compounds,1,Organic oxygen compounds,1,Organic compounds; Organoheterocyclic compounds; Carbohydrates and carbohydrate conjugates; Lipids and lipid-like molecules; Lactones; Alcohols and polyols; Phenols; Ethers; Phenylpropanoids and polyketides; Organic acids and derivatives; Carboxylic acids and derivatives; Primary alcohols; Organooxygen compounds; Carboxylic acid derivatives; Carboxylic acids; Carboxylic acid esters; Monosaccharides; Acetals; Secondary alcohols; Carbonyl compounds; Oxanes; Glycosyl compounds; O-glycosyl compounds; Benzene and substituted derivatives; Polyols; Phenol ethers; Benzenoids; Organic oxides; Oxacyclic compounds; Hydrocarbon derivatives; Organic oxygen compounds; Chemical entities
FT_14.729_283.11759,no name,C14 H18 O6,L3.2,yes,C14H18O6,[M + H]+,C14H18O6,Polyketides,0.547774315,Cyclic polyketides,0.420004457,Simple phenolic acids,0.294141024,Anisoles,0.897944689,NA,NA,Anisoles,0.897944689,Phenol ethers,0.943431497,Benzenoids,0.92983979,Organic compounds; Organoheterocyclic compounds; Alkyl aryl ethers; Alcohols and polyols; Anisoles; Ethers; Organic acids and derivatives; Carboxylic acids and derivatives; Organooxygen compounds; Monocarboxylic acids and derivatives; Carboxylic acids; Secondary alcohols; Carbonyl compounds; Benzene and substituted derivatives; Phenol ethers; Benzenoids; Organic oxides; Methoxybenzenes; Oxacyclic compounds; Hydrocarbon derivatives; Organic oxygen compounds; Phenoxy compounds; Chemical entities
FT_14.762_328.17552,no name,C16 H25 N O6,L3.3,yes,C17H21N5O2,[M + H]+,C17H21N5O2,Alkaloids,0.773804843,Histidine alkaloids,0.145335689,Imidazole alkaloids,0.113059603,Phenylpropanes,0.511558115,NA,NA,Phenylpropanes,0.511558115,Benzene and substituted derivatives,0.576682508,Benzenoids,0.963997483,Organic compounds; Organoheterocyclic compounds; Tetrazoles; Alkyl aryl ethers; Ethers; Organic acids and derivatives; Organonitrogen compounds; Organooxygen compounds; Azoles; Benzene and substituted derivatives; Benzenoids; Azolines; Phenylpropanes; Organic oxides; Azacyclic compounds; Heteroaromatic compounds; Hydrocarbon derivatives; Organopnictogen compounds; Organic oxygen compounds; Organic nitrogen compounds; Chemical entities
FT_14.968_326.19618,no name,C15 H34 O3 P S,L3.3,yes,C15H34O3PS,[M + H]+,C15H34O3PS,Polyketides,0.226490095,Glycerophospholipids,0.361669391,Catechols with side chains,0.20257163,Phenyl thiophosphates,0.511237323,Aryl thiophosphates,0.321659356,Thiophosphoric acid esters,0.332753837,Organic thiophosphoric acids and derivatives,0.251044393,Organic acids and derivatives,0.982192338,Organic compounds; Organosulfur compounds; Phenols; Organic acids and derivatives; Organooxygen compounds; Thioethers; Benzene and substituted derivatives; Thiophenol ethers; Benzenoids; Phenylpropanes; Sulfenyl compounds; Organic oxides; Hydrocarbon derivatives; Organic oxygen compounds; Phenoxy compounds; Phenyl thiophosphates; Chemical entities
FT_15.284_281.13834,no name,C15 H20 O5,L3.2,yes,C15H20O5,[M + H]+,C15H20O5,Polyketides,0.904438376,Phloroglucinols,0.514579773,Dimeric phloroglucinols,0.315568179,Ketones,0.916280746,Ketones,0.916280746,Carbonyl compounds,0.936760187,Organooxygen compounds,0.999999881,Organic oxygen compounds,1,Organic compounds; Ketones; Alcohols and polyols; Ethers; Organic acids and derivatives; Organooxygen compounds; Carbonyl compounds; Organic oxides; Hydrocarbon derivatives; Organic oxygen compounds; Chemical entities
FT_15.739_211.09401,no name,C9 H12 N3 O3,L3.3,yes,C9H12N3O3,[M + H]+,C9H12N3O3,Alkaloids,0.505158246,Peptide alkaloids,0.428112954,Pyridine alkaloids,0.40470615,Furazans,0.528328121,Furazans,0.528328121,Oxadiazoles,0.159122482,Azoles,0.624531031,Organoheterocyclic compounds,0.954439104,Organic compounds; Organoheterocyclic compounds; Organic acids and derivatives; Carboxylic acids and derivatives; Organonitrogen compounds; Organooxygen compounds; Azoles; Monocarboxylic acids and derivatives; Carboxylic acids; Carbonyl compounds; Furazans; Organic oxides; Azacyclic compounds; Heteroaromatic compounds; Hydrocarbon derivatives; Organopnictogen compounds; Organic oxygen compounds; Organic nitrogen compounds; Chemical entities
FT_16.867_481.14965,no name,C26 H24 O9,L3.3,yes,C26H24O9,[M + H]+,C26H24O9,Shikimates and Phenylpropanoids,0.896121621,Coumarins,0.614082098,Simple coumarins,0.40324989,Pyranochromenes,0.568306625,Pyranochromenes,0.568306625,1-benzopyrans,0.953706861,Benzopyrans,0.970215797,Organoheterocyclic compounds,0.998978853,"Organic compounds; Organoheterocyclic compounds; Lactones; Ketones; Benzopyrans; Alkyl aryl ethers; Phenols; Anisoles; Ethers; Phenylpropanoids and polyketides; Organic acids and derivatives; Carboxylic acids and derivatives; Benzoyl derivatives; Organooxygen compounds; Carboxylic acid esters; Carbonyl compounds; Benzene and substituted derivatives; Phenol ethers; Benzenoids; 1-benzopyrans; 2,2-dimethyl-1-benzopyrans; Pyranochromenes; Aryl ketones; Aryl alkyl ketones; Vinylogous acids; Organic oxides; Oxacyclic compounds; Hydrocarbon derivatives; Organic oxygen compounds; 1-hydroxy-2-unsubstituted benzenoids; Chemical entities"
FT_17.811_369.24240,no name,C24 H32 O3,L3.3,yes,C24H32O3,[M + H]+,C24H32O3,Terpenoids,0.929650664,Meroterpenoids,0.494711429,Polyprenylated cyclic polyketides (Hop meroterpenoids),0.241265565,Prenol lipids,0.657259405,NA,NA,NA,NA,Prenol lipids,0.657259405,Lipids and lipid-like molecules,0.718168497,Organic compounds; Lipids and lipid-like molecules; Ketones; Prenol lipids; Organic acids and derivatives; Organooxygen compounds; Carbonyl compounds; Organic oxides; Hydrocarbon derivatives; Organic oxygen compounds; Chemical entities
FT_17.838_514.31653,no name,C24 H43 N5 O7,L3.3,yes,C24H43N5O7,[M + H]+,C24H43N5O7,Amino acids and Peptides,0.649133503,Small peptides,0.436272621,Aminoglycosides,0.191662669,N-acyl-alpha amino acids and derivatives,0.913662612,Amino acids and derivatives,0.908332109,"Amino acids, peptides, and analogues",0.923819721,Carboxylic acids and derivatives,0.976233661,Organic acids and derivatives,0.969492555,"Organic compounds; Lipids and lipid-like molecules; Amino acids, peptides, and analogues; Alpha amino acids and derivatives; Ethers; Organic acids and derivatives; Carboxylic acids and derivatives; Organonitrogen compounds; Organooxygen compounds; Fatty amides; Amino acids and derivatives; Carboxylic acid amides; Carboxylic acid derivatives; N-acyl amines; N-acyl-alpha amino acids and derivatives; Carboxylic acids; Secondary carboxylic acid amides; Carbonyl compounds; Alpha amino acid amides; Amines; Fatty Acyls; Organic oxides; Hydrocarbon derivatives; Leucine and derivatives; Organopnictogen compounds; Organic oxygen compounds; Organic nitrogen compounds; Chemical entities"
FT_18.011_481.15092,no name,C24 H32 O4 S3,L3.3,yes,C24H32O4S3,[M + H]+,C24H32O4S3,Terpenoids,0.956811965,Meroterpenoids,0.274199486,Labdane diterpenoids,0.122612678,Phenoxy compounds,0.645947337,NA,NA,Phenoxy compounds,0.645947337,Benzene and substituted derivatives,0.808748841,Benzenoids,0.915405333,"Organic compounds; Organoheterocyclic compounds; Organosulfur compounds; Lipids and lipid-like molecules; Lactones; Prenol lipids; Organic acids and derivatives; Carboxylic acids and derivatives; Organooxygen compounds; Dithiolanes; Carboxylic acid derivatives; Monocarboxylic acids and derivatives; Thioacetals; Thioethers; Carboxylic acid esters; Carbonyl compounds; Dihydrofurans; Dithioacetals; Dithioketals; Butenolides; Benzene and substituted derivatives; Benzenoids; Sulfenyl compounds; Enoate esters; Alpha,beta-unsaturated carboxylic esters; Dialkylthioethers; Organic oxides; Hydrocarbon derivatives; Organic oxygen compounds; Phenoxy compounds; Chemical entities"
FT_18.011_481.18575,no name,C27 H28 O8,L3.3,yes,C27H28O8,[M + H]+,C27H28O8,Polyketides,0.879998326,Phloroglucinols,0.303880543,Dimeric phloroglucinols,0.67557174,"2,2-dimethyl-1-benzopyrans",0.612376869,"2,2-dimethyl-1-benzopyrans",0.612376869,1-benzopyrans,0.94443512,Benzopyrans,0.971167266,Organoheterocyclic compounds,0.992217302,"Organic compounds; Organoheterocyclic compounds; Ketones; Benzopyrans; Alkyl aryl ethers; Enols; Phenols; Chromones; Ethers; Phenylpropanoids and polyketides; Organic acids and derivatives; Organooxygen compounds; Carbonyl compounds; Benzene and substituted derivatives; Phenol ethers; Benzenoids; 1-benzopyrans; 2,2-dimethyl-1-benzopyrans; Aryl ketones; Aryl alkyl ketones; Vinylogous acids; Organic oxides; Oxacyclic compounds; Hydrocarbon derivatives; Organic oxygen compounds; 1-hydroxy-2-unsubstituted benzenoids; 1-hydroxy-4-unsubstituted benzenoids; Chemical entities"
FT_18.528_427.24591,no name,C24 H36 O5,L3.3,yes,C24H36O5,[M + Na]+,C24H36O5,Polyketides,0.95944941,Phloroglucinols,0.895659983,Tetraketide meroterpenoids,0.594863534,Xanthenes,0.949354768,Dibenzopyrans,0.917222619,1-benzopyrans,0.942377687,Benzopyrans,0.950827181,Organoheterocyclic compounds,0.841345906,Organic compounds; Organoheterocyclic compounds; Ketones; Benzopyrans; Alkyl aryl ethers; Alcohols and polyols; Phenols; Anisoles; Xanthenes; Ethers; Organic acids and derivatives; Organooxygen compounds; Carbonyl compounds; Phenol ethers; Benzenoids; Dibenzopyrans; 1-benzopyrans; Aryl ketones; Aryl alkyl ketones; Vinylogous acids; Organic oxides; Oxacyclic compounds; Hydrocarbon derivatives; Organic oxygen compounds; Chemical entities
FT_18.660_469.18587,no name,C26 H28 O8,L3.2,yes,C26H28O8,[M + H]+,C26H28O8,Polyketides,0.978650689,Phloroglucinols,0.568330824,Dimeric phloroglucinols,0.960603595,Xanthenes,0.69306922,Dibenzopyrans,0.691194832,1-benzopyrans,0.970502794,Benzopyrans,0.974270999,Organoheterocyclic compounds,0.999079704,Organic compounds; Organoheterocyclic compounds; Ketones; Benzopyrans; Alkyl aryl ethers; Enols; Phenols; Anisoles; Chromones; Xanthenes; Ethers; Organic acids and derivatives; Organooxygen compounds; Carbonyl compounds; Benzene and substituted derivatives; Polyols; Benzenoids; Dibenzopyrans; 1-benzopyrans; Aryl ketones; Aryl alkyl ketones; Vinylogous acids; Organic oxides; Oxacyclic compounds; Hydrocarbon derivatives; Organic oxygen compounds; Chemical entities
FT_18.817_261.22130,no name,C18 H28 O,L3.2,yes,C18H28O,[M + H]+,C18H28O,Terpenoids,0.962575436,Diterpenoids,0.308699042,Cannabinoids,0.102637589,1-hydroxy-2-unsubstituted benzenoids,0.855638146,NA,NA,1-hydroxy-2-unsubstituted benzenoids,0.855638146,Phenols,0.877567053,Benzenoids,0.945901275,Organic compounds; Lipids and lipid-like molecules; Phenols; Prenol lipids; Organooxygen compounds; Benzene and substituted derivatives; Benzenoids; Hydrocarbon derivatives; Organic oxygen compounds; 1-hydroxy-2-unsubstituted benzenoids; Chemical entities
FT_18.820_395.16211,no name,C27 H22 O3,L3.3,yes,C27H22O3,[M + H]+,C27H22O3,Shikimates and Phenylpropanoids,0.987597048,Flavonoids,0.158107236,Oligomeric stibenes,0.16004245,Flavonoids,0.525059879,NA,NA,NA,NA,Flavonoids,0.525059879,Phenylpropanoids and polyketides,0.787145257,Organic compounds; Organoheterocyclic compounds; Pyrans; Benzopyrans; Phenols; Phenylpropanoids and polyketides; Organooxygen compounds; Flavonoids; Benzene and substituted derivatives; Benzenoids; Oxacyclic compounds; Hydrocarbon derivatives; Organic oxygen compounds; 1-hydroxy-2-unsubstituted benzenoids; Chemical entities
FT_18.848_369.24245,no name,C24 H32 O3,L3.2,yes,C24H32O3,[M + H]+,C24H32O3,Terpenoids,0.525634229,Meroterpenoids,0.592903018,Tetraketide meroterpenoids,0.474926502,Aromatic monoterpenoids,0.879426003,Aromatic monoterpenoids,0.879426003,Monoterpenoids,0.872495472,Prenol lipids,0.865665555,Lipids and lipid-like molecules,0.890531838,Organic compounds; Lipids and lipid-like molecules; Aromatic monoterpenoids; Alkyl aryl ethers; Anisoles; Ethers; Prenol lipids; Phenylpropanoids and polyketides; Organic acids and derivatives; Benzoyl derivatives; Organooxygen compounds; Monoterpenoids; Monocyclic monoterpenoids; Carbonyl compounds; Benzene and substituted derivatives; Phenol ethers; Benzenoids; Organic oxides; Methoxybenzenes; Hydrocarbon derivatives; Organic oxygen compounds; Phenoxy compounds; Chemical entities
FT_19.215_565.24340,no name,C32 H36 O9,L3.2,yes,C32H36O9,[M + H]+,C32H36O9,Terpenoids,0.893918276,Meroterpenoids,0.475620478,Neolignans,0.15534234,Anisoles,0.540812373,NA,NA,Anisoles,0.540812373,Phenol ethers,0.32943961,Benzenoids,0.936809778,Organic compounds; Organoheterocyclic compounds; Lactones; Ketones; Alkyl aryl ethers; Alcohols and polyols; Anisoles; Ethers; Organic acids and derivatives; Carboxylic acids and derivatives; Organooxygen compounds; Dicarboxylic acids and derivatives; Carboxylic acid derivatives; Carboxylic acid esters; Carbonyl compounds; Benzene and substituted derivatives; Benzenoids; Organic oxides; Oxacyclic compounds; Hydrocarbon derivatives; Organic oxygen compounds; Chemical entities
FT_19.591_369.24246,no name,C24 H32 O3,L3.2,yes,C24H32O3,[M + H]+,C24H32O3,Terpenoids,0.961268008,Diterpenoids,0.549987316,Polyprenylated cyclic polyketides (Hop meroterpenoids),0.194549248,Alkyl aryl ethers,0.505344808,Alkyl aryl ethers,0.505344808,Ethers,0.560924411,Organooxygen compounds,0.999996185,Organic oxygen compounds,1,Organic compounds; Lipids and lipid-like molecules; Alkyl aryl ethers; Ethers; Prenol lipids; Organooxygen compounds; Carbonyl compounds; Benzenoids; Aryl-aldehydes; Organic oxides; Hydrocarbon derivatives; Organic oxygen compounds; Chemical entities
FT_2.305_673.21659,no name,C26H40O20,L3.3,yes,C34H32N4O11,[M + H]+,C34H32N4O11,Alkaloids,0.571014106,Tryptophan alkaloids,0.493703902,Phenazine alkaloids,0.624515355,Indolocarbazoles,0.74853915,Pyrrolocarbazoles,0.68436259,Carbazoles,0.120333247,Indoles and derivatives,0.5034495,Organoheterocyclic compounds,0.999999642,"Organic compounds; Organoheterocyclic compounds; Carbohydrates and carbohydrate conjugates; Alkyl aryl ethers; Alcohols and polyols; Indoles and derivatives; Ethers; Carboxylic acids and derivatives; Organonitrogen compounds; Primary alcohols; Organooxygen compounds; Carboxylic acid derivatives; Diazines; Monosaccharides; Acetals; Secondary alcohols; Pyrroloindoles; Isoindoles and derivatives; Isoindolones; Pyrrolocarbazoles; Indolocarbazoles; Oxanes; Glycosyl compounds; Glycosylamines; Benzene and substituted derivatives; Polyols; Benzenoids; Isoindolines; Organic oxides; Azacyclic compounds; Oxacyclic compounds; Heteroaromatic compounds; Hydrocarbon derivatives; Pyrrolo[2,3-a]carbazoles; Organopnictogen compounds; Organic oxygen compounds; Organic nitrogen compounds; Chemical entities"
FT_2.484_455.18861,no name,C22 H30 O10,L3.3,yes,C22H30O10,[M + H]+,C22H30O10,Terpenoids,0.980484784,Sesquiterpenoids,0.771870613,Elemane sesquiterpenoids,0.283615291,Terpene lactones,0.571906209,NA,NA,Terpene lactones,0.571906209,Prenol lipids,0.853790939,Lipids and lipid-like molecules,0.804478645,Organic compounds; Organoheterocyclic compounds; Carbohydrates and carbohydrate conjugates; Lipids and lipid-like molecules; Lactones; Alcohols and polyols; Ethers; Prenol lipids; Organic acids and derivatives; Carboxylic acids and derivatives; Primary alcohols; Organooxygen compounds; Carboxylic acid derivatives; Dialkyl ethers; Carboxylic acid esters; Terpene lactones; Cyclic alcohols and derivatives; Monosaccharides; Secondary alcohols; Carbonyl compounds; Tricarboxylic acids and derivatives; Oxanes; Polyols; Tetrahydrofurans; Organic oxides; Oxacyclic compounds; Hydrocarbon derivatives; Organic oxygen compounds; Chemical entities
FT_2.496_250.07980,no name,C6 H11 N5 O6,L3.3,yes,C6H11N5O6,[M + H]+,C6H11N5O6,Carbohydrates,0.99995172,Nucleosides,0.999353349,Pyrimidine nucleos(t)ides,0.985849261,Aminotriazines,0.929409862,NA,NA,Aminotriazines,0.929409862,Triazines,0.999999046,Organoheterocyclic compounds,0.999999523,"Organic compounds; Organoheterocyclic compounds; Triazines; Alcohols and polyols; Organonitrogen compounds; Primary alcohols; Organooxygen compounds; Secondary alcohols; Aminotriazines; Triazinones; Amines; Primary amines; Tetrahydrofurans; Organic oxides; 1,3,5-triazines; Azacyclic compounds; Oxacyclic compounds; Heteroaromatic compounds; Hydrocarbon derivatives; Organopnictogen compounds; Organic oxygen compounds; Organic nitrogen compounds; Chemical entities"
FT_20.190_381.26142,no name,C22 H36 O5,L3.2,yes,C22H36O5,[M + H]+,C22H36O5,Fatty acids,0.647448421,Eicosanoids,0.56994909,Prostaglandins,0.696893871,Hydroxy fatty acids,0.525535107,Hydroxy fatty acids,0.525535107,Fatty acids and conjugates,0.707658172,Fatty Acyls,0.771233499,Lipids and lipid-like molecules,0.863844097,Organic compounds; Lipids and lipid-like molecules; Alcohols and polyols; Fatty acids and conjugates; Organic acids and derivatives; Carboxylic acids and derivatives; Organooxygen compounds; Hydroxy fatty acids; Monocarboxylic acids and derivatives; Carboxylic acids; Cyclic alcohols and derivatives; Secondary alcohols; Carbonyl compounds; Fatty Acyls; Organic oxides; Hydrocarbon derivatives; Organic oxygen compounds; Chemical entities
FT_20.194_371.22174,no name,C23 H30 O4,L3.2,yes,C23H30O4,[M + H]+,C23H30O4,Shikimates and Phenylpropanoids,0.871138096,Coumarins,0.274610579,Simple coumarins,0.225371346,1-benzopyrans,0.639552772,NA,NA,1-benzopyrans,0.639552772,Benzopyrans,0.738113463,Organoheterocyclic compounds,0.817384124,Organic compounds; Organoheterocyclic compounds; Ketones; Benzopyrans; Alkyl aryl ethers; Ethers; Phenylpropanoids and polyketides; Organic acids and derivatives; Carboxylic acids and derivatives; Organooxygen compounds; Monocarboxylic acids and derivatives; Carbonyl compounds; Benzene and substituted derivatives; Benzenoids; 1-benzopyrans; Aryl ketones; Vinylogous acids; Organic oxides; Oxacyclic compounds; Hydrocarbon derivatives; Organic oxygen compounds; Chemical entities
FT_6.584_542.17214,no name,C21 H27 N5 O12,L3.2,yes,C21H27N5O12,[M + H]+,C21H27N5O12,Carbohydrates,0.904008508,Nucleosides,0.265669048,Purine nucleos(t)ides,0.245263726,Aminoglycosides,0.717997134,Aminosaccharides,0.906552553,Carbohydrates and carbohydrate conjugates,0.999267519,Organooxygen compounds,1,Organic oxygen compounds,1,"Organic compounds; Organoheterocyclic compounds; Carbohydrates and carbohydrate conjugates; Pyrimidines and pyrimidine derivatives; Imidazoles; Alcohols and polyols; Phenols; Ethers; Organic acids and derivatives; Carboxylic acids and derivatives; Organonitrogen compounds; Aminoglycosides; Primary alcohols; Nucleosides, nucleotides, and analogues; Benzoyl derivatives; Organooxygen compounds; Azoles; Carboxylic acid amides; Purine nucleosides; Carboxylic acid derivatives; Aminopyrimidines and derivatives; Diazines; Monosaccharides; Acetals; Secondary alcohols; Imidazopyrimidines; Carbonyl compounds; Oxanes; Glycosyl compounds; Glycosylamines; O-glycosyl compounds; Benzene and substituted derivatives; Substituted imidazoles; N-substituted imidazoles; Benzenoids; Amines; Secondary amines; Tetrahydrofurans; Aminosaccharides; Imidolactams; Organic oxides; Azacyclic compounds; Oxacyclic compounds; Heteroaromatic compounds; Hydrocarbon derivatives; Organopnictogen compounds; Organic oxygen compounds; 1-hydroxy-2-unsubstituted benzenoids; Organic nitrogen compounds; Phenoxy compounds; Chemical entities"
FT_7.647_155.03152,no name,C5 H4 N3 O3,L3.3,yes,C5H4N3O3,[M + H]+,C5H4N3O3,Alkaloids,0.871091068,Pseudoalkaloids,0.641637444,pteridine alkaloids,0.268112302,Pyrimidines and pyrimidine derivatives,0.889135718,NA,NA,Pyrimidines and pyrimidine derivatives,0.889135718,Diazines,0.928024352,Organoheterocyclic compounds,0.973935783,Organic compounds; Organoheterocyclic compounds; Pyrimidines and pyrimidine derivatives; Lactams; Organic acids and derivatives; Organonitrogen compounds; Organooxygen compounds; Diazines; Carbonyl compounds; Vinylogous amides; Organic oxides; Azacyclic compounds; Heteroaromatic compounds; Hydrocarbon derivatives; Organopnictogen compounds; Organic oxygen compounds; Organic nitrogen compounds; Chemical entities
FT_7.764_485.35870,no name,C26 H48 N2 O6,L3.2,yes,C26H48N2O6,[M + H]+,C26H48N2O6,Terpenoids,0.431189984,Linear polyketides,0.435170531,Open-chain polyketides,0.295270562,Amino acids and derivatives,0.572455525,Amino acids and derivatives,0.572455525,"Amino acids, peptides, and analogues",0.576232374,Carboxylic acids and derivatives,0.995351672,Organic acids and derivatives,0.998417139,"Organic compounds; Organoheterocyclic compounds; Lipids and lipid-like molecules; Amino acids, peptides, and analogues; Alcohols and polyols; Piperidines; Organic acids and derivatives; Carboxylic acids and derivatives; Organonitrogen compounds; Organooxygen compounds; Fatty acid esters; Fatty amides; Amino acids and derivatives; Carboxylic acid amides; Carboxylic acid derivatives; N-acyl amines; Carboxylic acid esters; Secondary alcohols; Secondary carboxylic acid amides; Carbonyl compounds; Amines; Fatty Acyls; Organic oxides; Azacyclic compounds; Hydrocarbon derivatives; Organopnictogen compounds; Organic oxygen compounds; Organic nitrogen compounds; Chemical entities"
FT_7.884_171.06268,no name,C8 H10 O4,L3.3,yes,C8H10O4,[M + H]+,C8H10O4,Polyketides,0.928782344,Cyclic polyketides,0.697002053,2-pyrone derivatives,0.40937677,Alkyl aryl ethers,0.566980362,Alkyl aryl ethers,0.566980362,Ethers,0.468817681,Organooxygen compounds,0.999999881,Organic oxygen compounds,1,Organic compounds; Organoheterocyclic compounds; Pyrans; Alkyl aryl ethers; Organic acids and derivatives; Organooxygen compounds; Pyranones and derivatives; Organic oxides; Oxacyclic compounds; Heteroaromatic compounds; Hydrocarbon derivatives; Organic oxygen compounds; Chemical entities
FT_8.029_346.22250,no name,C17 H31 N O6,L3.3,yes,C17H31NO6,[M + H]+,C17H31NO6,Amino acids and Peptides,0.441797256,Small peptides,0.171823651,Dipeptides,0.11990539,Hydroxy acids and derivatives,0.69879353,NA,NA,NA,NA,Hydroxy acids and derivatives,0.69879353,Organic acids and derivatives,0.688726664,Organic compounds; Organoheterocyclic compounds; Carbohydrates and carbohydrate conjugates; Lipids and lipid-like molecules; Alcohols and polyols; Ethers; Organic acids and derivatives; Carboxylic acids and derivatives; Organonitrogen compounds; Organooxygen compounds; Hydroxy acids and derivatives; Carboxylic acid derivatives; Monocarboxylic acids and derivatives; Carboxylic acids; Monosaccharides; Secondary alcohols; Carbonyl compounds; Fatty Acyls; Organic oxides; Oxacyclic compounds; Hydrocarbon derivatives; Organopnictogen compounds; Organic oxygen compounds; Organic nitrogen compounds; Chemical entities
FT_0.887_128.01924,no name,C H5 N O6,L3.3,yes,CH5NO6,[M + H]+,CH5NO6,Amino acids and Peptides,0.930349112,Small peptides,0.951198578,Aminoacids,0.923834324,Hydroxamic acids,0.523335755,Carboxylic acid amides,3.62E-04,Carboxylic acid derivatives,0.006494913,Carboxylic acids and derivatives,0.049055215,Organic acids and derivatives,0.693510115,Organic compounds; Alcohols and polyols; Organic acids and derivatives; Organooxygen compounds; Hydroxamic acids; Monoalkylamines; Amines; Primary amines; Organic oxides; Hydrocarbon derivatives; Organopnictogen compounds; Organic oxygen compounds; Organic nitrogen compounds; Chemical entities
FT_0.890_148.97575,no name,C2 H N2 O4 P,L3.3,yes,C2HN2O4P,[M + H]+,C2HN2O4P,Alkaloids,0.953532398,Pseudoalkaloids,0.682612777,pteridine alkaloids,0.026927311,Diazines,0.636190951,NA,NA,NA,NA,Diazines,0.636190951,Organoheterocyclic compounds,0.987258613,Organic compounds; Organoheterocyclic compounds; Organic acids and derivatives; Organonitrogen compounds; Organooxygen compounds; Diazines; Organic oxides; Azacyclic compounds; Heteroaromatic compounds; Hydrocarbon derivatives; Organic oxygen compounds; Organic nitrogen compounds; Chemical entities
FT_0.893_200.97310,no name,C3 H6 O6 P2,L3.3,yes,C3H6O6P2,[M + H]+,C3H6O6P2,Fatty acids,0.39880082,Fatty Acids and Conjugates,0.097932883,Dicarboxylic acids,0.314510733,Organic phosphonic acids,0.51217705,NA,NA,Organic phosphonic acids,0.51217705,Organic phosphonic acids and derivatives,0.6533252,Organic acids and derivatives,0.953730047,Organic compounds; Organoheterocyclic compounds; Organic acids and derivatives; Carboxylic acids and derivatives; Organophosphorus compounds; Organic phosphonic acids and derivatives; Monocarboxylic acids and derivatives; Organic phosphonic acids; Organic oxides; Oxacyclic compounds; Hydrocarbon derivatives; Organic oxygen compounds; Chemical entities
FT_1.647_157.01077,no name,C4 H2 N3 O4,L3.3,yes,C4H2N3O4,[M + H]+,C4H2N3O4,Alkaloids,0.953993499,Pseudoalkaloids,0.734807849,Purine alkaloids,0.42059052,Pyrimidones,0.786857247,Pyrimidones,0.786857247,Pyrimidines and pyrimidine derivatives,0.936494768,Diazines,0.977931917,Organoheterocyclic compounds,0.997359216,Organic compounds; Organoheterocyclic compounds; Pyrimidines and pyrimidine derivatives; Lactams; Organic acids and derivatives; Carboxylic acids and derivatives; Organonitrogen compounds; Pyrimidones; Organooxygen compounds; Carboxylic acids; Diazines; Vinylogous amides; Organic oxides; Azacyclic compounds; Heteroaromatic compounds; Hydrocarbon derivatives; Organopnictogen compounds; Organic oxygen compounds; Organic nitrogen compounds; Chemical entities
FT_2.079_174.03864,no name,C6 H7 N O5,L3.3,yes,C6H7NO5,[M + H]+,C6H7NO5,Amino acids and Peptides,0.985267639,Small peptides,0.949959278,Aminoacids,0.898849487,Alpha amino acids and derivatives,0.928878427,Amino acids and derivatives,0.898115098,"Amino acids, peptides, and analogues",0.902649403,Carboxylic acids and derivatives,0.994298697,Organic acids and derivatives,0.998732746,"Organic compounds; Organoheterocyclic compounds; Amino acids, peptides, and analogues; Alpha amino acids and derivatives; Sugar acids and derivatives; Organic acids and derivatives; Carboxylic acids and derivatives; Organonitrogen compounds; Organooxygen compounds; Amino acids and derivatives; Monocarboxylic acids and derivatives; Carboxylic acids; Carbonyl compounds; Primary amines; Vinylogous amides; Organic oxides; Azacyclic compounds; Oxacyclic compounds; Heteroaromatic compounds; Hydrocarbon derivatives; Organopnictogen compounds; Organic oxygen compounds; Organic nitrogen compounds; Chemical entities"
FT_1.262_380.20290,no name,C15 H29 N3 O8,L3.2,"yes, gui",C15 H29 N3 O8,[M + H]+,C15 H29 N3 O8,,NA,NA,NA,NA,NA,NA,NA,Aminosaccharides,90.949,Carbohydrates and carbohydrate conjugates,99.627,Organooxygen compounds,100,Organic oxygen compounds,100,NA
FT_1.264_374.12946,no name,C12 H23 N O12,L3.3,"yes, gui",C12 H23 N O12,[M + H]+,C12 H23 N O12,,NA,NA,NA,NA,NA,NA,NA,Amino acids and derivatives,99.125,"Amino acids, peptides, and analogues",99.214,Carboxylic acids and derivatives,99.971,Organic acids and derivatives,99.995,NA
FT_1.360_350.19235,no name,C14 H27 N3 O7,L3.2,"yes, gui",C14 H27 N3 O7,[M + H]+,C14 H27 N3 O7,,NA,NA,NA,NA,NA,NA,NA,Glycosyl compounds,87.42,Carbohydrates and carbohydrate conjugates,90.643,Organooxygen compounds,100,Organic oxygen compounds,100,NA
FT_1.416_275.12378,no name,C7H14N8O4,L3.3,"yes, gui",C7H14N8O4,[M + H]+,C7H14N8O4,,NA,NA,NA,NA,NA,NA,NA,Amino acids and derivatives,90.135,"Amino acids, peptides, and analogues",83.465,Carboxylic acids and derivatives,42.393,Organic acids and derivatives,66.818,NA
FT_1.428_448.16617,no name,C15 H29 N O14,L3.2,"yes, gui",C15 H29 N O14,[M + H]+,C15 H29 N O14,,NA,NA,NA,NA,NA,NA,NA,na,na,Fatty acyl glycosides,57.175,Fatty Acyls,46.756,Lipids and lipid-like molecules,61,NA
FT_11.232_326.12348,no name,C15 H19 N O7,L3.2,"yes, gui",C15 H19 N O7,[M + H]+,C15 H19 N O7,,NA,NA,NA,NA,NA,NA,NA,Amino acids and derivatives,99.822,"Amino acids, peptides, and analogues",99.747,Carboxylic acids and derivatives,99.976,Organic acids and derivatives,99.998,NA
FT_8.272_360.20173,no name,C17 H29 N O7,L3.3,"yes,gui",C17 H29 N O7,[M + H]+,C17 H29 N O7,,NA,NA,NA,NA,NA,NA,NA,na,na,Fatty acid esters,74.179,Fatty Acyls,90.128,Lipids and lipid-like molecules,87.078,NA
FT_9.687_356.09768,no name,C15 H17 N O9,L3.2,"yes, gui",C15 H17 N O9,[M + H]+,C15 H17 N O9,,NA,NA,NA,NA,NA,NA,NA,Amino acids and derivatives,99.949,"Amino acids, peptides, and analogues",99.945,Carboxylic acids and derivatives,97.043,Organic acids and derivatives,100,NA
FT_1.155_335.07393,no name,C9 H19 O11 P,L3.3,yes,C9H19O11P,[M + H]+,C9H19O11P,Carbohydrates,0.992299736,Saccharides,0.987692654,Monosaccharides,0.46375078,Glycosyl compounds,0.675609589,Glycosyl compounds,0.675609589,Carbohydrates and carbohydrate conjugates,0.93386662,Organooxygen compounds,1,Organic oxygen compounds,1,Organic compounds; Organoheterocyclic compounds; Carbohydrates and carbohydrate conjugates; Alcohols and polyols; Ethers; Organic acids and derivatives; Primary alcohols; Organooxygen compounds; Organic phosphoric acids and derivatives; Phosphate esters; Hemiacetals; Monosaccharides; Monosaccharide phosphates; Secondary alcohols; Glycosyl compounds; Polyols; Alkyl phosphates; Monoalkyl phosphates; Organic oxides; Oxacyclic compounds; Hydrocarbon derivatives; Organic oxygen compounds; Chemical entities
