KEGG_ID,PubChem_CID,query
not found,21635171,Waraterpol
not found,14704458,villosinol
not found,44557644,Ustusorane A
not found,14391671,Tsibulin 2
not found,72942156,"Trimethyl 5-methoxybenzene-1,2,4-tricarboxylate"
not found,78093701,Trichocyalide B
not found,824901,Triacetylphloroglucinol
not found,18047,Toliprolol
not found,139586543,Territrem E
not found,77461064,Sterenin F
not found,475769,Sporovexin C
not found,596344,Sparassol
not found,5376187,Sorbicillin
not found,5460955,solatriose
not found,139025367,S-methylergothioneine
not found,10036567,Senkyunolide H
C09276,334704,"(2S)-2-(2-hydroxypropan-2-yl)-2H,3H,7H-furo[3,2-g]chromen-7-one"
C04462,440349,(2S)-2-(3-carboxypropanamido)-6-oxoheptanedioic acid
not found,5316704,Senkyunolide H
not found,73211861,Saccharonol B
not found,6708539,Rotenonic acid
not found,86863,Ritalinic acid
not found,76450517,Pseudoalteromone A
C06034,440894,"(2S,4S)-4-amino-2-hydroxy-2-methylpentanedioic acid"
C00666,439283,"(2S,6S)-2,6-diaminoheptanedioic acid"
not found,5283037,Prostaglandin K2
not found,3056739,"Propiophenone, 2',4'-dimethoxy-3-(2-methylpiperidino)-"
not found,3838871,Pro-Asp
not found,10890323,Preremirol
not found,146684996,Prenylterphenyllin J
C03652,440075,"(3S)-2-hydroxy-2,3-dimethylbutanedioic acid"
not found,10712965,pongachalcone II
not found,14890279,Piperenol A triacetate
not found,5312495,Pinolenic acid
not found,101876422,Phomopsolidone A
not found,76347,Phloroglucinol triacetate
not found,11149722,Peucedanol
not found,52920647,Pestalotiopyrone H
not found,75368817,Peruvinine
not found,316180,Pentahydroxybenzene
not found,16681748,Peniprequinolone
not found,71664848,Penicimarin E
not found,154035,p-Cresol glucuronide
not found,135410277,Parasperone A
not found,71464537,O-sebacoylcarnitine
not found,132487830,Ochracene D
not found,5354677,O-acetylferulic acid
not found,5288346,O-(3-O-beta-D-galactosyl-N-acetyl-alpha-D-galactosaminyl)-L-serine
not found,132725,O-(2-O-Mannopyranosyl-mannopyranosyl)serine
not found,134715173,Nuezhenidic acid
not found,25202447,"N-succinyl-L,L-2,6-diaminopimelate"
NA,15560601,NP-022068
NA,129008970,NP-021074
NA,125416500,NP-021018
NA,129008942,NP-020902
NA,102571668,NP-020400
NA,102571659,NP-020364
NA,129008906,NP-020353
NA,102571644,NP-020240
NA,128964456,NP-020236
NA,102571597,NP-020206
NA,102571596,NP-020205
NA,75528932,NP-019992
NA,75411942,NP-019547
NA,75411933,NP-019509
NA,56773904,NP-016564
NA,45359531,NP-014287
NA,45359494,NP-012972
NA,45359427,NP-012042
NA,538589,NP-011223
NA,53851542,NP-008993
NA,45359318,NP-008095
NA,45782826,NP-005088
NA,11241847,NP-004713
C21896,16547,"1-(3-acetyl-2,4,6-trihydroxyphenyl)ethan-1-one"
NA,44566996,NP-003672
NA,23789035,NP-002322
NA,75368714,NP-001608
not found,76500,"Nonanamide, N,N-bis(2-hydroxyethyl)-"
C16223,260003,1-(Carboxymethyl)cyclohexanecarboxylic acid
not found,131770417,N-lactoyl-Valine
not found,12313376,Nimbolide
C04547,5280698,"1,2-Bis(4-hydroxy-3-methoxyphenyl)ethylene"
not found,131752605,Neocretanin
not found,679011,"N-cycloheptyl-3,4-dimethoxybenzamide"
not found,90658871,N-acetyl-L-glutaminyl-L-glutamine
C10343,3220,"1,3,8-trihydroxy-6-methyl-anthracene-9,10-dione"
not found,9800166,N-Acetyl-D-lactosamine
not found,248869,N6-Me-dA
not found,2817699,N1-(1H-indol-4-yl)cyclohexane-1-carboxamide
not found,25389102,"N-{[(2R,4S,5R)-5-Ethyl-1-azabicyclo[2.2.2]oct-2-yl]methyl}-2-thiophenesulfonamide"
not found,4869777,"N-(sec-butyl)-2-(7,8-dimethoxy-4-methyl-2-oxo-2H-chromen-3-yl)acetamide"
not found,42506534,N-(2-methoxyphenyl)-N~3~-9H-purin-6-yl-beta-alaninamide
not found,74049867,N-(2-hydroxyethyl)-N-[(2S)-2-hydroxypropyl]octanamide
not found,8899,N-(2-Hydroxyethyl)dodecanamide
not found,73254404,N-(2-amino-9H-purin-6-yl)alanine
not found,131752244,N-(1-Deoxy-1-fructosyl)leucine
not found,9888014,Myrtucommulone B
not found,11355498,Methylbetain
not found,591773,Methyl Haematommate
not found,5357283,Methyl ferulate
not found,78385296,Methyl 6-O-galloyl-b-D-glucopyranoside
C14829,10236635,12(13)-DiHOME
not found,101316749,"methyl 5,7-dimethoxy-6-methyl-1-oxo-3H-2-benzofuran-4-carboxylate"
not found,2739565,methyl 4-methyl-2-oxo-2H-pyran-6-carboxylate
not found,518900,Methyl 4-hydroxyphenylacetate
C15009,239804,"17beta-Hydroxyandrost-4-ene-3,11-dione propionate"
not found,16830,Methyl 4-hydroxy-3-methoxy-cinnamate
not found,14299523,"Methyl 4-acetyloxy-3,5-dimethoxybenzoate"
not found,296952,Methyl 3-Methoxy-2-naphthoate
not found,15956,"Methyl 3,4,5-trimethoxybenzoate"
C14222,195081,1-Guanidino-2-(4-imidazole)propionic acid
not found,4661376,"Methyl 2-methyl-4,6-dioxocyclohexanecarboxylate"
not found,3015902,Methyl 2-butyl-3-oxocyclopentanecarboxylate
C15255,222846,"1-Methylestra-1,3,5(10),6-tetraene-3,17beta-diol"
not found,76658,"Methyl 2,4-dihydroxy-6-methylbenzoate"
not found,78435,"Methyl 2,4-dihydroxy-3,6-dimethylbenzoate"
not found,101675306,"methyl (E)-3-(7-methoxy-1,3-benzodioxol-5-yl)prop-2-enoate"
not found,21762755,methyl (E)-3-(5-methyl-6-oxopyran-2-yl)but-2-enoate
not found,847,Methionine sulfoxide
C17686,46173978,"2(3H)-Furanone, dihydro-4-((4-hydroxy-3-(2-hydroxy-2-(4-hydroxy-3-methoxyphenyl)-1-(hydroxymethyl)ethyl)-5-methoxyphenyl)methyl)-3-((4-hydroxy-3-methoxyphenyl)methyl)-, (3R,4R)-"
not found,101395619,methadone-d9
not found,91753566,"Megastigma-4,6(E),8(Z)-triene"
not found,25774975,Lignicol
not found,11579,Levulinic acid
not found,5351619,L-Ergothioneine
not found,74539953,Laminaripentaose
not found,83525,L-Alanyl-L-proline
not found,129634007,l-Alanyl-d-alanyl-l-alanine
not found,11536624,Lachnone C
D10610,77534,"2,3-Dihydroxy-4-methoxybenzoic acid"
not found,91820288,L-2-amino-8-oxodecanoic acid
not found,34059,Kotanin
not found,23624765,Kioukasin A
not found,114778,Kahweol
C12835,5282172,"2,5-Dichloro-4-oxohex-2-enedioate"
not found,5318650,Isorhapontigenin
not found,521840,Isopropylidene-succinic acid
not found,74336861,Isophysalin G
not found,13938912,Isomaltotetraose
not found,162344837,Isomaltotetraose
not found,9852757,Isomaltotetraose
not found,13938911,Isomaltotetraose
not found,132274967,Isomaltotetraose
not found,25227053,Isoleucyl-hydroxyproline
not found,22935676,Isoleucylglutamine
not found,16105144,Isobisvertinol
not found,53387507,Ieodomycin D
not found,14340,Hydroferulic acid
not found,7010718,H-Lys-Thr-OH
not found,54750156,Hexaketide pyrone
not found,4643333,"Heteropeucenin, methyl ether"
not found,45480574,Hep-Hep
not found,173069,Helenalin methacrylate
not found,10688914,hamilcone
C00330,135398592,2-Deoxyguanosine
not found,6710680,Haematommic Acid
not found,6710680,Haematommic acid
not found,135764860,Guanosine dialdehyde
not found,10243103,Gtri-02
not found,9993900,Gonioheptolide A
not found,192765,glyceryl sulfoquinovoside
not found,515717,Glu-Tyr
C21297,11671,2-Methyllactic acid
not found,6998031,Glu-Thr
C11544,5460194,2-O-alpha-mannosyl-D-glycerate
not found,7940,Glutaric anhydride
not found,6992567,glutamylvaline
C07212,7237,2-xylene
not found,433630,glutamylvaline
not found,433630,Glutamylvaline
not found,122304,Glucosylgalactosylhydroxylysine
not found,57262456,Gln-Val
not found,7020029,Gln-Glu
not found,9841618,GlcA(b1-4)a-Glc
not found,100920977,Glc(b1-4)Glc(b1-3)Glc(b1-4)Glc(b1-4)Glc(b1-3)Glc
not found,11034886,Gibberellin A88
not found,10916629,Garcimangosone C
C11457,91,3-(3-Hydroxyphenyl)propionic Acid
not found,317611,Gangetin
not found,7009567,gamma-Glutamylmethionine
not found,151023,gamma-Glu-leu
not found,71581117,fumicycline A
not found,71297246,Fuc(a1-2)[Gal(a1-3)]Gal(b1-4)Glc
not found,12180841,"formyl 2Z,4E,6Z-decatrienoate"
not found,5317361,Floridinine
not found,9828326,F13459
not found,10119161,F13459
not found,5317271,Eugenone
NA,448830,Ethyldimethyl(3-sulfopropyl)azanium
NA,13942820,"Ethyl 6-ethyl-2,4-dihydroxy-3-methylbenzoate"
NA,100968,Ethyl 2-methyl-4-oxo-6-pentylcyclohex-2-ene-1-carboxylate
NA,11687311,"Ethanone, 1-[2,4,6-trihydroxy-3-(3-methyl-2-butenyl)phenyl]-"
NA,53481559,"Estrone-2,3-quinone"
NA,14704460,Erythynone
NA,132282054,Erucifoline N-oxide
NA,44258367,embigenin
NA,1780,Eicosatetraynoic acid
NA,13970420,Dukunolide D
NA,6997253,D-Pantothenate
NA,91696349,D-Melezitose
NA,555,DL-Stachydrine
NA,9952605,Dimethoxycurcumin
NA,76551322,Dihydrodeoxy-8-epiaustdiol
NA,8021,Diethamine
C15215,251869,"3-Hydroxy-estra-1,3,5(10)-trien-16-one"
NA,443223,"D-Glycero-D-manno-heptose 1,7-bisphosphate"
NA,10192839,d-Galactopyranose-2-sulfate
NA,146672858,Dehydrocitreoisocoumarin
NA,9920917,Dehydrochorismic acid
NA,122201239,Dehydroaustin
NA,13387679,Decarboxythamnolic acid
NA,11708501,"Decanoic acid, 2-amino-8-oxo-, (2S)-"
NA,277822,DeazaUrd
NA,99841,"Daphnetoxin,12-hydroxy"
NA,182000,dalpanol
NA,182000,Dalpanol
not found,54301978,D-(+)-Turanose
not found,16220012,D-(+)-Turanose
not found,10236867,D-(+)-Turanose
not found,91746259,D-(+)-Turanose
C03663,6990,4-Acetylresorcinol
NA,534634,Cyclohexadec-8-en-1-one
C15080,5838784,"4-Benzyloxy-2'-hydroxy-3',4',5',6'-tetramethoxychalcone"
NA,101995281,Coriandrone D
NA,131750936,Coriandrone D
NA,139583741,Colisiderin A
C01179,979,4-Hydroxyphenylpyruvic acid
NA,44254692,Clinopodic Acid B
NA,85149847,Citbismine C
C10480,4276,"4-methoxy-6-(prop-2-en-1-yl)-2H-1,3-benzodioxole"
NA,5356697,"cis-2,4-Pentadienal"
NA,85857,"Cinnamic acid, p-hydroxy-, acetate"
NA,23815258,"Cembratetraene-16,2:19,6-diolide"
NA,5319500,Cassiachromone
NA,139588465,Botryosphaerin F
NA,7018766,Boc-L-leucinol
NA,1581888,Boc-Asp(OBzl)-OH
NA,45480578,beta-D-Glc-(1->4)-[L-alpha-D-Hep-(1->3)]-L-alpha-D-Hep
NA,53356713,beta-D-galactosyl-(1->4)-N-acetyl-beta-D-glucosaminyl-(1->6)-D-galactitol
NA,131753074,beta-D-Galactopyranosyl-(1->4)-2-amino-2-deoxy-beta-D-glucopyranosyl-(1->6)-D-mannose
C03088,78168,5-(Hydroxymethyl)uracil
NA,219994,beta1-6Galactobiose
NA,13953341,Benzoylmalic acid
NA,21252288,Benzoquinoneacetic acid
NA,10902054,"Benzoic acid, 3,5-bis(acetyloxy)-4-methoxy-, methyl ester"
NA,17390,"Benzoic acid, 2-(diethylamino)ethyl ester"
NA,612527,"Benzofuran, 2,5-diacetyl-6-methoxy-"
NA,139590042,Banksiamarin A
NA,122198273,Azanigerone E
NA,5470400,Austocystin D
NA,44445586,Aspinonene
NA,24762997,Aspinonediol
C00664,135398659,5-Formimidoyltetrahydrofolic acid
NA,139590714,Aspergixanthone I
NA,102341761,Aspergilline B
NA,146684431,Aspergilate D
NA,139586345,Aspergentisyl B
NA,11969970,Asperfuran
NA,11799204,Arenatin B
NA,30837,"AMMONIUM, TRIMETHYL(3-SULFOPROPYL)-, HYDROXIDE, inner salt"
NA,197627,alpha-Hydroxysalmeterol
NA,52921661,alpha-D-ManAc-(1-P-6)-alpha-D-ManAc
NA,84571,alpha-D-Lactose
NA,70678711,alpha-D-GlcNAc-(1->4)-D-GlcA
NA,5316074,alpha-Corocalene
NA,25202810,alpha-aminopimelate
NA,135407110,Allopurinol riboside
NA,71606916,Aculeatusquinone C
NA,11010921,Acronyculatin D
NA,38316,"Acetic acid, 2-(p-(allylamino)phenyl)-"
NA,3854540,Acetic acid 2-acetoxy-5-acetyl-phenyl ester
NA,138756195,9'-Methylprotocetraric acid
NA,6440422,"9-Hydroxy-4-(3,7-dimethyl-2,6-octadienyloxy)-psoralen"
NA,86583341,9-hydroperoxy-10E-octadecenoate
NA,53481537,9'-Carboxy-gamma-tocotrienol
NA,617182,"8-Hydroxy-6,7-dimethoxy-3-methyl-3,4-dihydroisochromen-1-one"
NA,5323870,"8-Hydroxy-5,6,7-trimethoxychromen-2-one"
NA,1202844,"8H,16H-Dinaphtho[2,1-d:1',2'-g][1,3]dioxocine"
NA,74184110,8-Ethyl-7-hydroxy-5-methoxy-2-methylchroman-4-one
NA,5411574,8-Acetyl-7-hydroxycoumarin
NA,5324648,8-acetyl-7-hydroxy-4-methyl-chromen-2-one
NA,21629327,8-Acetyl-7-deuteriooxy-4-methylchromen-2-one
NA,44559034,"8,8-Dimethyl-3-(2,4,5-trimethoxyphenyl)-2,3-dihydropyrano[2,3-f]chromen-4-one"
NA,177363,8(S)-Amino-2(R)-methyl-7-oxononanoic acid
NA,13871794,"8-(7-Hydroxy-4-methoxy-5-methyl-2-oxochromen-6-yl)-4,7-dimethoxy-5-methylchromen-2-one"
NA,14314901,7-Oxocurvularin
NA,2740612,"7-methylpyrimido[4,5-d]pyrimidin-4-amine"
NA,13093115,7-methyl-3-oxooct-6-enoic acid
C15295,5355836,"7,8-Dihydroxy-4-methylcoumarin"
NA,5338490,7-Hydroxycoumarin-4-acetic acid
NA,5348641,"7-hydroxy-6-methyl-1H,2H,3H,4H-cyclopenta[c]chromen-4-one"
NA,14189622,7-Hydroxy-2-oxo-2H-chromene-6-carboxylic acid
NA,10243103,"7-Acetyl-3,6-dihydroxy-8-methyl-tetralone"
NA,24079415,"7-[[(6R,8aS)-1,6-dihydroxy-1,5,5,8a-tetramethyl-3,4,4a,6,7,8-hexahydro-2H-naphthalen-2-yl]methoxy]chromen-2-one"
NA,11277378,"7-[(3,3-dimethyloxiran-2-yl)methoxy]-6-methoxy-2H-chromen-2-one"
C09315,5281426,7-Hydroxycoumarine
NA,628758,"7,18-Dihydroxykaurenolide"
NA,44237368,7-(Methylthio)heptyl-glucosinolate
NA,129820622,"7-(6,7-Dihydroxy-3,7-dimethyloct-2-enyloxy)-6-methoxycoumarin"
NA,33960,6-Pentyl-2H-pyran-2-one
NA,69692,6-Methoxysalicylaldehyde
C09317,65188,"8,8-dimethyl-2H,8H-pyrano[3,2-g]chromen-2-one"
NA,16757192,"6-Hydroxy-8-methoxy-3-methyl-3,4-dihydro-1H-isochromen-1-one"
NA,11345068,"6-Hydroxy-7,8-dimethoxycoumarin"
NA,71436822,"6-Hydroxy-7,8-dimethoxy-2-(2-oxopropyl)-2,3,3a,9b-tetrahydrouro[3,2-c]isochromen-5-one"
NA,196513,6-Hydroxy-5-methoxyindole glucuronide
NA,600131,"6-Amino-3-methyl-4-phenyl-1,4-dihydropyrano[2,3-c]pyrazole-5-carbonitrile"
NA,23208897,6-Amino-2-(4-aminobutanamido)hexanoic acid
NA,102064909,6-acetyl-2-(hydroxymethyl)-2-methyl-3H-chromen-4-one
NA,129687121,6-acetoxy-7-acetyl-1-hydroxy-3-methoxyanthraquinone
C09963,5281570,"8-Hydroxy-6-methoxy-3,4-dimethylisochromen-1-one"
NA,60208833,6-[1-Hydroxy-1-(3-methyl-5-oxooxolan-2-yl)ethyl]-4-methoxy-3-methylpyran-2-one
NA,23760118,"6-[(E)-4,5-dihydroxy-4-methylhex-2-en-2-yl]-4-methoxy-3-methylpyran-2-one"
NA,131835220,"6-[(E)-3-carboxy-2-methylprop-2-enoxy]-3,4,5-trihydroxyoxane-2-carboxylic acid"
NA,15108308,6-[(2S)-2-hydroperoxy-3-methylbut-3-enyl]-7-methoxychromen-2-one
NA,27694,"6,7-Dimethoxy-2-methyl-1,2,3,4-tetrahydroisoquinoline"
NA,5319502,"6,7-Dihydroxy-4-methylcoumarin"
NA,3083928,"6,7,8-trimethoxy-2H-chromen-2-one"
NA,73386714,6-(Naphthalen-2-Yl)-9-(5-O-Phosphono-Beta-D-Ribofuranosyl)-9h-Purine
NA,6426767,"6-(4-Ethenylphenoxy)-3,4,5-trihydroxyoxane-2-carboxylic acid"
C01083,7427,alpha-alpha-Trehalose
NA,190904,6-(3-hydroxybutan-2-yl)-5-(hydroxymethyl)-4-methoxy-2H-pyran-2-one
NA,131837489,"6-(2-Benzyl-3-oxopropoxy)-3,4,5-trihydroxyoxane-2-carboxylic acid"
NA,54750157,"6-(2,4-dihydroxy-6-methylphenyl)-4-hydroxypyran-2-one"
C12067,443606,"alpha-D-Glucopyranose, 2-deoxy-2-(dimethylamino)"
NA,131839124,"6-(1,3-Diphenylbut-3-en-2-yloxy)-3,4,5-trihydroxyoxane-2-carboxylic acid"
NA,14462134,5-Nonylresorcinol
NA,136707,"5-Methylhepta-1,3,6-triene"
NA,22723553,"5-Methyl-1,2,3,4-tetrahydroxybenzene"
NA,53481648,5-Hydroxytryptophol glucuronide
NA,71768073,5'-Hydroxyasperentin
NA,600713,5-Hydroxy-7-methoxy-4-(methoxymethyl)-6-methyl-1(3H)-isobenzofuranone
NA,11622335,5-Hydroxy-2-methoxypyridine
NA,51136453,"5-hydroxy-2,2,6,6-tetramethyl-4-{2-methyl-1-[2,4,6-trihydroxy-3-(2-methylpropanoyl)phenyl]propyl}cyclohex-4-ene-1,3-dione"
NA,69226,5-Formylsalicylic acid
NA,135509123,5'-Deoxyguanosine
NA,20504859,5-Aminopentane-1-sulfonate
NA,354316,5-Aminonicotinic acid
NA,79256,5-amino-1-phenyl-1H-pyrazole-4-carbonitrile
NA,3854540,5-acetyl-2-(acetyloxy)phenyl acetate
NA,38357489,5-[(E)-but-1-enyl]-4-methoxy-6-methylpyran-2-one
NA,2811879,"5-[(4-Thiophen-2-ylpyrimidin-2-yl)sulfanylmethyl]-2,1,3-benzoxadiazole"
NA,25750967,"5-[(1E)-3-hydroxy-3-methylbut-1-en-1-yl]-2-methylcyclohex-5-ene-1,2,4-triol"
NA,643697,"5,8-dihydroxy-10-methyl-5,8,9,10-tetrahydro-2H-oxecin-2-one"
NA,135418331,"5,8-dihydroxy-10-methoxy-2-methyl-4H-benzo[h]chromen-4-one"
NA,5354284,"5,7-Dihydroxy-4-methylcoumarin"
NA,56776388,"5-(4-carboxy-3-methylbutyl)-5,6,8a-trimethyl-3-oxo-3,4,4a,5,6,7,8,8a-octahydronaphthalene-1-carboxylic acid"
NA,73120805,"5-(1,2-Dihydroxypropan-2-yl)-2-methylcyclohex-2-en-1-one"
NA,13213508,4-oxododecanedioic acid
NA,713937,"4-oxo-4,5,6,7-tetrahydrobenzo[b]furan-3-carboxylic acid"
NA,11531145,4-O-Methylgrifolic acid
NA,70807,4-Morpholinepropanesulfonic acid
C18352,201448,Camphenal
NA,60196415,4-Methylumbelliferone hydrate
NA,699414,4-Methoxycinnamic acid
NA,179399,"4-methoxy-9-(2-methylbut-3-en-2-yl)-7H-furo[3,2-g]chromen-7-one"
NA,51136368,"4-Methoxy-6-pentyl-2-prop-1-en-2-yl-2,3-dihydro-1-benzofuran-7-carboxylic acid"
NA,14104351,4-Methoxy-3-(3-methylbut-2-enoyl)benzaldehyde
NA,122706552,4-hydroxytetracenomycin A2
NA,44243661,"4-Hydroxy-3,5,4'-trimethoxystilbene"
NA,8485,4-Dodecylbenzenesulfonic acid
NA,70258,"4-Cyclopentene-1,3-dione"
C04114,5462194,Crotonic acid betaine
NA,4090108,"4-Amino-4-(3-hydroxypropyl)heptane-1,7-diol"
C18369,2537,D-(+)-Camphor
D00098,2537,D-(+)-Camphor
C00185,439178,D-(+)-Cellobiose
C00329,439213,D-(+)-Glucosamine
D04334,439213,D-(+)-Glucosamine
C00492,439242,D-(+)-Raffinose
NA,44715172,46-Dimethylcurvulinic acid
NA,51347808,4-[Ethyl(dimethyl)ammonio]butanoate
NA,23986038,"4-[2-(2,3-Dihydroxy-5,6,8a-trimethyloctahydro-2H-spiro[naphthalene-1,2'-oxiran]-5-yl)ethyl]-5-hydroxy-2(5H)-furanone"
NA,86597497,"4,6,7-Trihydroxycoumarin"
NA,5715152,"4,5-diphenyl-2,3-dihydro-1H-pyrazolo[3,4-c]pyridazin-3-one"
NA,290988,"4,5-Dimethoxyphthalic acid"
NA,69148,"4,4'-Dimethylbenzophenone"
NA,262615,"4,4'-Benzene-1,4-diylbisbut-3-en-2-one"
NA,15513,4-(Methoxycarbonyl)benzoic acid
NA,1581888,4-(benzyloxy)-2-{[(tert-butoxy)carbonyl]amino}-4-oxobutanoic acid
NA,54456955,4-(3-Hydroxy-3-phenylpropyl)phenol
NA,6444386,"4-(3,4-Dimethoxyphenyl)-4-oxocrotonic acid"
NA,13597600,3-Methoxy-2(5h)-furanone
NA,107802,3-Hydroxyvaleric acid
NA,22328017,3-Hydroxysuberic acid
NA,131750936,"3-Hydroxy-1-(8-hydroxy-6-methoxy-3-methyl-1-oxo-3,4-dihydro-1H-2-benzopyran-7-yl)-3-methylbutan-2-yl acetate"
C04586,440395,"Diethyl (2R,3R)-2-methyl-3-hydroxysuccinate"
NA,131769998,3-cis-Hydroxyglipizide
NA,131753003,"3b-Hydroxy-6b-tigloyloxy-7(11)-eremophilen-12,8b-olide"
NA,10869133,"3a[(2S)a2aHydroxypropyl]a6,8adimethoxya1Ha isochromena1aone"
NA,2812082,3-{[2-(3-Cyano-2-pyridinyl)hydrazino]carbonyl}-2-pyrazinecarboxylic acid
NA,71825998,3-[(2-amino-9H-purin-6-yl)amino]propanoic acid
C00492,439242,D-Raffinose
NA,42109052,"3,8-bis(2-methoxyethyl)-1-methyl-7,8-dihydro-1H-imidazo[2,1-f]purine-2,4(3H,6H)-dione"
NA,736299,"3,7-Dihydroxy-2-naphthoic acid"
NA,688894,"3,6-Dimethylchromone"
NA,137797297,"3,6-Anhydro-l-lactose"
NA,14060723,"3,5-Dihydroxy-4-geranylbibenzyl"
C22358,67402,"Estradiol-3,4-quinone"
NA,14328,"3',4'-Dimethoxyacetophenone"
NA,14843288,"3,4-Dihydroxy-5-methoxy-trans-cinnamic acid methyl ester"
NA,2518,"3,4-Dihydroxy cinnamic acid"
NA,131836974,"3,4,5-trihydroxy-6-[(E)-5-(4-methoxyphenyl)-3-oxopent-4-enoxy]oxane-2-carboxylic acid"
NA,21909602,"3,4',5-Biphenyltriol"
NA,129681891,"3,4',5,6,7-Pentahydroxyflavanone"
C08762,182181,Euparin methyl ether
NA,54686330,"3,3'-Methylenebis(4-hydroxy-6-methyl-2H-pyran-2-one)"
NA,24041583,"3,3'-Diisopropyl-6,6'-dimethyl-2,2',5,5'-biphenyltetrol"
NA,539964,"3,11,12-Trihydroxy-1(10)-spirovetiven-2-one"
NA,6398474,3-(Dodecanoylamino)propyl-hydroxy-dimethylazanium
NA,602073,"3-(Acetyloxy)-2-(3,4-dimethoxyphenyl)-7,8-dimethoxy-3,4-dihydro-2H-chromen-4-yl acetate"
NA,38361962,"3-(5,7-Dimethoxy-4-oxochromen-2-yl)propanoic acid"
NA,691106,3-(4-Methylbenzoyl)acrylic acid
C05282,92865,gamma-Glutamylglutamate
C20948,92865,gamma-Glutamylglutamate
C05283,150914,gamma-Glutamylglutamine
NA,23345320,3-(4-Hydroxyphenyl)-1-(4-methoxyphenyl)propan-1-one
NA,6443694,3-(4-Hydroxy-3-(3-methyl-2-butenyl)phenyl)-2-propenal
NA,86092,"3-(3,5-dimethoxyphenyl)prop-2-enoic acid"
NA,64860,"3-(3,4,5-trimethoxyphenyl)propanoic acid"
NA,102304306,"3-(2-Oxopropyl)-6,8-dihydroxyisocoumarin"
NA,98393,3-(2-Oxocyclohexyl)propanoic acid
NA,80652,3-(2-Methoxyphenyl)propanoic acid
NA,85638857,"3-(2,5-Dihydroxyphenyl)prop-2-enal"
NA,10375417,"3-(2,4-Dihydroxyphenyl)-2-oxopropanoic acid"
NA,10081079,3-(1-Hydroxy-2-Methylbutyl)-4-Methyl-2(5H)-Furanone)
NA,3083620,3-(1H-imidazol-5-yl)-2-(trimethylazaniumyl)propanoate
NA,119216,"2-Propenal, 3-(4-hydroxy-3,5-dimethoxyphenyl)-"
NA,20489612,2-Piperidin-2-ylacetate
NA,25245002,2-methyl-muconate
NA,91747947,"2-Methyl-5-prop-1-en-2-ylcyclohexa-2,4-dien-1-one"
NA,162929400,"2-methyl-3-[(2-oxochromen-7-yl)oxymethyl]-4-(2,2,6-trimethylcyclohexyl)but-2-enoic acid"
NA,45783618,"2-Methoxy-N-(5-{5-[(2S)-1-(3,4,5-trimethoxybenzyl)-2-pyrrolidinyl]-1,2,4-oxadiazol-3-yl}-4-pyrimidinyl)acetamide"
NA,234836,2'-Hydroxy-4'-methoxypropiophenone
NA,11065315,"2'-Hydroxy4',6'-dimethoxy-3'-(3-methyl-2-butenyl)acetophenone"
NA,17760167,2-Hydroxy-4-(4-hydroxyphenyl)butanoic acid
NA,53481638,2-Hexenoylcarnitine
NA,21933448,2-Decylbenzenesulfonate
NA,566981,"2-Cyclohexen-1-one, 4-hydroxy-3-methyl-6-(1-methylethyl)-"
NA,11000257,2-Butyl-5-[2-(4-hydroxy-3-methoxyphenyl)ethyl]furan
NA,12886519,"2'-Acetoxy-4',6'-dimethoxyacetophenone"
NA,19364695,2-acetamidohex-4-enoic acid
NA,49852406,2-acetamido-2-deoxy-3-O-(6-O-sulfonato-beta-D-glucosyl)-beta-D-galactose
NA,2811005,2-{2-[5-(Ethoxycarbonyl)-2-morpholinoanilino]-2-oxoethoxy}acetic acid
NA,2812085,2-{[2-(3-cyano-2-pyridinyl)hydrazino]carbonyl}benzoic acid
C00294,135398641,inosinum
D00054,135398641,inosinum
NA,45784316,2-[(3S)-1-(cyclohexylmethyl)pyrrolidin-3-yl]-3H-benzimidazole-5-carbonitrile
NA,6491564,"2-[(3,6-dimethyl-4-oxo-2-thieno[2,3-d]pyrimidinyl)thio]-N-(4-methylphenyl)acetamide"
NA,23426972,"2-[(2S,5S)-5-hydroxy-6-methylhept-6-en-2-yl]-5-methylphenol"
NA,25390395,"2-[(2S,3R,4S,5R)-3,4-Dihydroxy-5-{[(isopropylcarbamoyl)amino]methyl}tetrahydro-2-furanyl]-N-[2-(dimethylamino)ethyl]acetamide"
NA,15139555,"2-[(2R)-5-acetyl-2,3-dihydro-1-benzofuran-2-yl]prop-2-enyl (Z)-2-methylbut-2-enoate"
NA,334517,2-[(2-Amino-3-methylbutanoyl)amino]propanoic acid
NA,87288508,2-[(2-Acetamido-5-amino-5-oxopentanoyl)amino]-5-amino-5-oxopentanoic acid
NA,6708611,"2,6-Dihydroxy-4-methoxybenzoic acid"
NA,865,"2,6-Diaminopimelic Acid"
NA,62374,"2,6,6-Trimethyl-2-cyclohexene-1,4-dione"
NA,15360237,"2,5-Dimethoxy-3-methylcyclohexa-2,5-diene-1,4-dione"
NA,123772,"2,5-Cyclohexadien-1-one, 4-hydroxy-2,3,5,6-tetramethyl-"
NA,44715161,"2,4-Dihydroxy-6-(4-hydroxy-2-oxopentyl)-3-methylbenzaldehyde"
NA,45782856,"2,4-dihydroxy-3-[(E)-4-hydroxy-3-methyl-5-(1,2,6-trimethyl-3-oxocyclohexyl)pent-2-enyl]-6-methylbenzaldehyde"
NA,20350218,"2,3-Dihydroxypropyl-(2-hydroxyoctyl)-dimethylazanium"
NA,10868332,"2,3,5-Trimethoxy-6-(1-propenyl)-2,5-cyclohexadiene-1,4-dione"
NA,12368943,"2,3,5,7-Tetramethoxynaphthoquinone"
NA,75471,"2,2,6,6-Tetramethyl-4-piperidinol"
NA,237042,2-(Dimethylamino)ethanesulfonic acid
C09492,5281475,Laurenoniolide
NA,2823508,"2-(benzotriazol-1-yl)-N-(2,3-dihydro-1H-inden-2-yl)acetamide"
NA,7083947,2-(7-Methoxy-4-methyl-2-oxochromen-3-yl)acetate
NA,16408498,"2-(7,8-dihydroxy-4-methyl-2-oxo-2H-chromen-3-yl)-N-[(2R)-2-hydroxypropyl]acetamide"
NA,131837021,"2-(4-Hydroxy-3-methylbut-2-en-1-yl)-4-(3-methylbut-2-en-1-yl)benzene-1,3,5-triol"
NA,2749157,2-(3-Quinoxalin-2-ylphenyl)quinoxaline
NA,38358908,"2-(3-Butanoyl-2,6-dihydroxy-4-methoxyphenyl)acetic acid"
NA,16196973,"2-(2-acetyl-3,5-dihydroxyphenyl)acetic acid"
NA,706825,2-(1H-benzo[d]imidazol-2-yl)-3-(4-toluidino)acrylonitrile
NA,728388,2-(1-Benzofuran-2-yl)-1-(5-ethyl-2-hydroxy-4-methoxyphenyl)ethanone
NA,3145052,"2-(1,3-dimethyl-2,6-dioxopurin-7-yl)-N-[(4-sulfamoylphenyl)methyl]acetamide"
NA,524198,1-Isopropyl-4-methylenebicyclo[3.1.0]hex-2-ene
NA,11715770,"1H-2-Benzopyran-1-one, 6,7,8-trimethoxy-3-methyl-"
NA,163085755,"1-ethyl-4b,8,8-trimethyl-10-oxo-6,7,8a,9-tetrahydro-5H-phenanthrene-2-carboxylic acid"
C14861,15146,Methyl 3-hydroxybutyrate
NA,9422045,"1-Allyl-3-[(2S,11aS)-5,11-dioxo-2,3,5,10,11,11a-hexahydro-1H-pyrrolo[2,1-c][1,4]benzodiazepin-2-yl]urea"
NA,11805727,1-Acetoxy-2-methylnaphthalene
NA,16061098,19(R)-Hydroxy prostaglandin A2
NA,536551,15-Acetyl-4-deoxynivalenol
NA,132076415,"14,16,20-Trihydroxy-2,5-dimethyl-8-propan-2-yl-18,22-dioxahexacyclo[17.2.1.02,10.05,9.013,21.016,20]docosa-8,13-dien-15-one"
C12245,443733,"Methyl 5-(but-3-en-1-yl)amino-1,3,4-oxadiazole-2-carboxylate"
NA,139586947,"13-hydroxy-15-methoxy-3-methyl-3,4,5,6,9,10-hexahydro-1H-benzo(c)(1)oxacyclododecine-1,7(8H)-dione"
NA,5312738,10-HDA
NA,100942782,10-(4-Sulfophenyl) decanoic acid
NA,89041522,1-[Hydroxy-(2-hydroxy-3-methoxypropoxy)phosphoryl]oxyethyl-trimethylazanium
NA,45360029,"1-[3-Hydroxy-2-(2-hydroxy-2-propanyl)-2,3-dihydro-1-benzofuran-5-yl]ethanone"
NA,20837733,"1-[(4aR)-4a,8-dimethyl-4,5,6,7-tetrahydro-3H-naphthalen-2-yl]ethanone"
NA,60189832,"1-[(1R)-1-(hydroxymethyl)-7-methoxy-9-methyl-1'-(pyridin-4-ylmethyl)-2-spiro[1,3-dihydropyrido[3,4-b]indole-4,4'-piperidine]yl]-2-(4-morpholinyl)ethanone"
NA,75411985,"1,5,8-Trihydroxy-9-oxo-9H-xanthen-3-yl beta-D-glucopyranoside"
NA,88562,"1,4-Naphthalenedione, 2,3,6-trimethyl-"
NA,318242,"1,4-Dimethyl-2,3,5-triacetoxybenzene"
NA,14632997,"1,4-dihydroxy-1,4-dimethyl-7-(propan-2-ylidene)-decahydroazulen-6-one"
NA,20744630,"1,4a,7-Trimethyl-2,3,4,4b,5,6,7,9,10,10a-decahydrophenanthrene-1-carboxylic acid"
NA,14083575,"1,4,9-Cadinatriene"
NA,5377914,"1,3-Dihydroxy-6-methoxy-8-methyl-9-xanthenone"
NA,2758026,"1,3-Diacetyl-4,6-dimethoxybenzene"
NA,2748026,"1,3-Benzenedicarboxaldehyde, 4,6-dihydroxy-"
NA,5367382,"1,3,6-Octatriene"
NA,140223,"1,2-Dimethyl-1,4-cyclohexadiene"
NA,62629,"1,2-Diglycidyl phthalate"
NA,138163,"1,2,3,4-Tetramethyl-1,3-cyclopentadiene"
NA,120804,1-(o-Methoxybenzyl)-2-oxocyclohexanepropionic acid
NA,2758026,"1-(5-Acetyl-2,4-dimethoxyphenyl)ethanone"
NA,90903158,"1-(5-Acetyl-2,4-dihydroxyphenyl)-3-methylbutan-1-one"
NA,12838731,"1-(4-Hydroxy-2-prop-1-en-2-yl-2,3-dihydro-1-benzofuran-5-yl)ethanone"
NA,2775170,"1-(3-Acetyl-2,4-dihydroxy-6-methoxyphenyl)ethan-1-one"
NA,104301,"1-(2-Hydroxyethyl)-2,2,6,6-tetramethyl-4-hydroxypiperidine"
NA,365039,"1-(2-Hydroxy-4,6-dimethoxyphenyl)-1,3-butanedione"
NA,344492,"1-(2-Hydroxy-3,4,6-trimethoxyphenyl)ethanone"
NA,2749722,"1-(2,4-Dimethoxyphenyl)butane-1,3-dione"
NA,45359610,"1-(2,4-dihydroxyphenyl)-2-(3,5-dimethoxyphenyl)propan-1-one"
NA,74959453,"1-(2,4-Dihydroxy-6-methoxyphenyl)but-2-en-1-one"
NA,24721544,"1-(2,4,6-Trihydroxyphenyl)-3-(3,4,5-trimethoxyphenyl)propan-1-one"
NA,24721544,"1-(2,4,6-Trihydroxyphenyl)-3-(3,4,5-trimethoxyphenyl)-1-propanone"
NA,12820,"1-(2,3-Dihydroxy-4-methoxyphenyl)ethanone"
NA,162923461,"1-(2,3,4,6-tetramethoxyphenyl)pent-2-en-1-one"
NA,177040,"1-(2,2-Dimethylchromen-6-yl)ethanone"
NA,137636387,"[4-[(2R,3S)-4-(4-acetyloxy-3-methoxyphenyl)-2,3-dimethylbutyl]-2-methoxyphenyl] acetate"
NA,3394962,"[3-Acetamido-4,5-dihydroxy-6-(hydroxymethyl)oxan-2-yl] (3,4,5,6-tetrahydroxyoxan-2-yl)methyl hydrogen phosphate"
NA,431999,"[3,3,7,9-Tetramethyl-6-(2-methylbut-2-enoyloxy)-11-oxo-4-tricyclo[5.4.0.02,8]undec-9-enyl] 2-methylbut-2-enoate"
NA,2749751,[2-[3-(2-Acetyloxyacetyl)phenyl]-2-oxoethyl] acetate
NA,129671785,[2-(Carboxymethyl)-2-hydroxyhexyl]-trimethylazanium
NA,77855,"[1,1'-Biphenyl]-2,3',4-triol"
NA,10850064,"[(E)-3-(3,4-dimethoxyphenyl)prop-2-enyl] (Z)-2-methylbut-2-enoate"
NA,15551282,"[(3aS,4R,5R,6S,6aR,8R,9bS)-5,6,8-trihydroxy-6,9-dimethyl-3-methylidene-2-oxo-4,5,6a,7,8,9b-hexahydro-3aH-azuleno[4,5-b]furan-4-yl] acetate"
NA,18607958,"[(2S,3S,4S,5R)-3,4-dihydroxy-5-(hydroxymethyl)-2-[(2R,3R,4S,5S,6R)-3,4,5-trihydroxy-6-(hydroxymethyl)oxan-2-yl]oxyoxolan-2-yl]methyl hydrogen sulfate"
NA,100892185,"[(2R,3R,4aR,7S,8R,8aR)-7'-formyl-3,4'-dihydroxy-6'-(hydroxymethyl)-4,4,7,8a-tetramethylspiro[2,3,4a,5,6,7-hexahydro-1H-naphthalene-8,2'-3H-1-benzofuran]-2-yl] acetate"
NA,129320364,"[(2R,2aS,7R,7aS,7bR)-2,2a,7-trihydroxy-6,6,7b-trimethyl-1,2,4a,5,7,7a-hexahydrocyclobuta[e]inden-3-yl]methyl 2-hydroxy-4-methoxy-6-methylbenzoate"
NA,4272,(Z)-Mycophenolic Acid
NA,131751501,"(Z)-3-[4,5-dihydroxy-2-(2-hydroxypropan-2-yl)-2,3-dihydro-1-benzofuran-7-yl]prop-2-enoic acid"
NA,131751030,"(S)-2,3-Dihydro-6-hydroxy-5-(hydroxyacetyl)-2-isopropenylbenzofuran"
NA,25245604,(R)-rosmarinate
NA,131752049,"(ent-6alpha,7alpha,16alphaH)-6,7,17-Trihydroxy-19-kauranoic acid"
NA,12454901,(E)-4-(4-Methylcyclohex-3-en-1-yl)pent-3-en-2-one
NA,14484652,"(E)-3-[3-[(2E)-3,7-dimethylocta-2,6-dienyl]-4,5-dimethoxyphenyl]prop-2-enoic acid"
C06501,30819,O-Phospho-L-tyrosine
NA,56935752,"(E)-1-(5,7-dihydroxy-2,2-dimethylchromen-6-yl)-3-(4-hydroxyphenyl)prop-2-en-1-one"
NA,6439847,(±)9-HpODE
NA,23928034,"(9aR,9bS)-9a-Hydroxy-6,9-dimethyl-3-methylene-3,3a,4,5,9a,9b-hexahydroazuleno[4,5-b]furan-2,7-dione"
NA,40604,"(7R,8S)-7,8-Dihydroxy-3,7-dimethyl-6-oxo-7,8-dihydro-6H-isochromene-5-carbaldehyde"
NA,44179865,"(7R,8R)-8-(3,4-dimethoxyphenyl)-5,7-dihydroxy-2,2-dimethyl-10-(3-methylbut-2-enyl)-7,8-dihydropyrano[3,2-g]chromen-6-one"
NA,907507,(7-Methoxy-4-methyl-2-oxo-2h-chromen-3-yl)acetic acid
NA,10933277,"(6S)-6-[(1S,2R)-1,2-dihydroxypentyl]-4-methoxy-5,6-dihydro-2H-pyran-2-one"
NA,124222454,"(6R)-2-amino-6-(aminomethyl)-4-oxo-1,2,3,4a,6,7-hexahydropteridine-5-carbaldehyde"
NA,101396959,"(6e,8s,10e,14r)-3,7,11,15-Tetramethylhexadeca-1,6,10-triene-3,8,14,15-tetraol"
NA,122194871,"(5R,8S,9S,10S,14R)-17-acetyl-4,4,8,10,14-pentamethyl-2,5,6,7,9,15-hexahydro-1H-cyclopenta[a]phenanthrene-3,16-dione"
NA,2812702,(5-methyl-3-isoxazolyl)[4-(5-propyl-2-pyrimidinyl)piperazino]methanone
NA,5275344,"(4R,5R)-4,5-dihydroxy-3-methoxy-5-methyl-cyclohex-2-en-1-one"
NA,101683483,"(4aS,10aR,11bR)-4,4,8,11b-tetramethyl-1,2,3,4a,5,7,10a,11-octahydronaphtho[2,1-f][1]benzofuran-6,9-dione"
C04641,440418,poly(galactosylglycerol phosphate)
NA,53240360,"(3S,4S)-3,4,8-trihydroxy-7-(1-hydroxyethyl)-6-methoxy-3,4-dihydro-2H-naphthalen-1-one"
NA,25774975,"(3R,4S)-4,6,8-Trihydroxy-7-methoxy-3-methyl-3,4-dihydro-1H-isochromen-1-one"
NA,163033309,"(3,6,9,9a-tetramethyl-2,7-dioxo-3a,4,5,9b-tetrahydro-3H-azuleno[4,5-b]furan-4-yl) acetate"
NA,440951,"(3,4,5,6,7-Pentahydroxy-2-oxoheptyl) dihydrogen phosphate"
C10378,6426709,Prolylglycine
NA,17972094,"(2Z,3E)-2,3-bis[(3,4-dimethoxyphenyl)methylidene]butanedioic acid"
NA,91820502,"(2S,8R)-2-amino-8-hydroxydecanoic acid"
NA,133554160,"(2S)-7-hydroxy-8-(2-hydroxyethyl)-5-methoxy-2-methyl-2,3-dihydrochromen-4-one"
NA,44559036,"(2S)-6-(Gamma,Gamma-Dimethylallyl)-5-Hydroxy-3',4'-Dimethoxy-6'',6''-Dimethylpyran(2'',3'':7,8)Flavanone"
C10464,68184,Rotenalone
NA,59408614,(2S)-6-(ethylamino)-2-[(2-methylpropan-2-yl)oxycarbonylamino]hexanoic acid
NA,123784057,"(2S)-5,7-dimethoxy-8-(3-methylbuta-1,3-dienyl)-2-phenyl-2,3-dihydrochromen-4-one"
NA,73659214,(2S)-2-amino-6-[[(2S)-2-aminopropanoyl]amino]hexanoic acid
NA,5459356,"(2R,3R,4R,5R)-5-[[(2S,3R,4R,5R)-3,4-dihydroxy-5-[[(2S,3R,4R,5R)-3,4,5-trihydroxyoxolan-2-yl]methoxy]oxolan-2-yl]methoxy]-3,4-dihydroxyoxolane-2-carbaldehyde"
NA,12227671,"(2E,6E)-5-hydroxy-7-phenylhepta-2,6-dienoic acid"
NA,1785267,"(2E)-7-methyl-6-(2-oxopropoxy)-2-[(3,4,5-trimethoxyphenyl)methylidene]-1-benzofuran-3-one"
NA,135731675,"(2-Amino-6-oxo-3,6-dihydro-9H-purin-9-yl)acetic acid"
NA,7144228,"(2-{(1R,9S)-3-[4-(Methylsulfanyl)phenyl]-6-oxo-7,11-diazatricyclo[7.3.1.02,7]trideca-2,4-dien-11-yl}-2-oxoethoxy)acetic acid"
NA,91820467,"(2,6-Dihydroxy-4-methoxyphenyl)-(2,4-dihydroxy-6-methylphenyl)methanone"
NA,57455196,"(2,2,3-Trimethyl-4-oxocyclopentyl)acetic acid"
NA,101417931,"(1Z,5Z)-1,5,10-trimethyl-8-propan-2-ylidenecyclodeca-1,5-diene"
NA,133562191,"(1S,9R,10R)-3,4-dihydroxy-11,11-dimethyl-5-propan-2-yl-16-oxatetracyclo[7.5.2.01,10.02,7]hexadeca-2,4,6-triene-8,15-dione"
C00785,736715,trans-Urocanic Acid
C20985,3035534,Trehalose 2-sulfate
NA,739182,"(1R,4S)-7,7-Dimethyl-2-oxobicyclo[2.2.1]heptane-1-carboxylic acid"
NA,73880643,"(1beta,4alpha,5alpha,6beta,8alpha,10b)-1,10:4,5-Diepoxy-6-hydroxy-7(11)-germacren-12,8-olide"
C19543,11016,Triethylenephosphoramide
NA,4303566,"(16,17-Dimethoxy-12-oxo-6-prop-1-en-2-yl-2,7,20-trioxapentacyclo[11.8.0.03,11.04,8.014,19]henicosa-3,8,10,14,16,18-hexaen-10-yl) acetate"
NA,24066906,"(15Z)-9,12,13-Trihydroxy-15-octadecenoic acid"
NA,14839890,"(10,15-Dihydroxy-6,14,18,18,22-pentamethyl-8,19-dioxo-7,13-dioxapentacyclo[12.8.0.03,12.04,9.017,22]docosa-3(12),4(9),10,20-tetraen-5-yl) acetate"
NA,44715406,(+/-)-strobide B
D08673,5666,Viloxazine
NA,2724453,(-)-Corey lactone
